# Wavefront OBJ file written 2022-12-13T20:46:55
o buildings

# points : 4590
# faces  : 14492
# zones  : 1
#   0  zone0  (nFaces: 14492)

# <points count="4590">
v -24.9928 -162.52 9.95151e-15
v -25.9208 -164.601 1.00789e-14
v -26.8439 -166.066 1.01686e-14
v -20.3775 -166.639 1.02037e-14
v -19.7525 -169.768 1.03953e-14
v -17.9014 -166.223 1.01782e-14
v 11.8778 -122.229 7.4844e-15
v 18.3208 -134.59 8.24128e-15
v 8.1807 -129.252 7.91443e-15
v 22.0092 -127.563 7.81097e-15
v 24.3604 -100.274 6.14e-15
v 28.6884 -107.071 6.5562e-15
v 22.4978 -103.813 6.35673e-15
v 30.551 -103.531 6.33946e-15
v -19.0927 -100.916 6.17935e-15
v -18.816 -108.97 6.67247e-15
v -22.3544 -107.105 6.55827e-15
v -15.5543 -102.781 6.29355e-15
v 35.9271 -82.6539 5.06109e-15
v 40.6472 -90.748 5.55671e-15
v 33.6183 -87.0885 5.33264e-15
v 42.956 -86.3132 5.28516e-15
v 39.5695 -144.659 8.85781e-15
v 38.7471 -118.255 7.24105e-15
v 28.0412 -138.583 8.48576e-15
v 39.6305 -118.721 7.26956e-15
v 50.0214 -124.871 7.64612e-15
v 49.4167 -100.136 6.13158e-15
v 59.8775 -80.2711 4.91518e-15
v 50.9062 -125.336 7.67464e-15
v 51.5206 -124.17 7.6032e-15
v 60.9757 -106.23 6.50469e-15
v 71.4327 -86.3559 5.28777e-15
v 38.7471 -118.255 15.3
v 39.5695 -144.659 15.3
v 28.0412 -138.583 15.3
v 39.6305 -118.721 15.3
v 50.0214 -124.871 15.3
v 49.4167 -100.136 15.3
v 59.8775 -80.2711 15.3
v 50.9062 -125.336 15.3
v 51.5206 -124.17 15.3
v 60.9757 -106.23 15.3
v 71.4327 -86.3559 15.3
v 44.262 -74.0653 4.53519e-15
v 49.5213 -79.0927 4.84303e-15
v 43.3307 -75.8351 4.64356e-15
v 50.4526 -77.3229 4.73466e-15
v -9.6601 -80.8508 4.95068e-15
v -11.252 -80.0125 4.89935e-15
v -16.5998 -94.0296 5.75765e-15
v -19.9196 -96.4694 5.90704e-15
v -31.1151 -86.8414 5.31751e-15
v -32.6524 -89.758 5.4961e-15
v -30.9168 -86.4904 5.29601e-15
v -25.5697 -72.4731 4.43769e-15
v -23.9764 -73.3119 4.48906e-15
v -22.2513 -70.0366 4.28851e-15
v -18.7129 -71.9017 4.40271e-15
v -18.1916 -93.191 5.7063e-15
v -9.5275 -76.7383 4.69887e-15
v -32.5094 -85.6518 5.24466e-15
v -25.5697 -72.4731 19.9
v -30.9168 -86.4904 19.9
v -32.5094 -85.6518 19.9
v -31.1151 -86.8414 19.9
v -19.9196 -96.4694 19.9
v -32.6524 -89.758 19.9
v -23.9764 -73.3119 19.9
v -22.2513 -70.0366 19.9
v -18.7129 -71.9017 19.9
v -18.1916 -93.191 19.9
v -11.252 -80.0125 19.9
v -9.5275 -76.7383 19.9
v -16.5998 -94.0296 19.9
v -9.6601 -80.8508 19.9
v 44.6878 -66.3846 4.06489e-15
v 43.2001 -73.5066 4.50098e-15
v 41.4303 -72.5752 4.44395e-15
v 46.4577 -67.316 4.12191e-15
v 157.236 -60.5046 3.70484e-15
v 152.953 -49.8625 3.0532e-15
v 151.744 -50.5282 3.09396e-15
v 164.445 -75.7854 4.64052e-15
v 160.962 -64.8551 3.97123e-15
v 159.707 -65.4293 4.00639e-15
v 162.208 -40.4449 2.47653e-15
v 171.07 -56.5444 3.46234e-15
v 165.7 -75.2113 4.60537e-15
v 167.081 -78.2306 4.79025e-15
v 178.584 -72.9685 4.46804e-15
v 151.695 -47.5778 2.9133e-15
v 158.445 -59.8391 3.66409e-15
v 159.763 -62.2332 3.81069e-15
v 162.208 -40.4449 21
v 152.953 -49.8625 21
v 151.695 -47.5778 21
v 157.236 -60.5046 21
v 158.445 -59.8391 21
v 159.763 -62.2332 21
v 160.962 -64.8551 21
v 164.445 -75.7854 21
v 159.707 -65.4293 21
v 171.07 -56.5444 21
v 165.7 -75.2113 21
v 167.081 -78.2306 21
v 178.584 -72.9685 21
v 151.744 -50.5282 21
v -20.4516 -48.3895 2.96301e-15
v -19.7329 -57.7319 3.53506e-15
v -24.1535 -55.3961 3.39203e-15
v -16.0309 -50.7253 3.10603e-15
v 52.1758 -60.2375 3.68849e-15
v 30.543 -35.0309 2.14503e-15
v 24.8526 -45.8287 2.8062e-15
v 84.8475 -63.6516 3.89753e-15
v 79.1551 -74.4651 4.55967e-15
v 30.543 -35.0309 14.5
v 52.1758 -60.2375 14.5
v 24.8526 -45.8287 14.5
v 84.8475 -63.6516 14.5
v 79.1551 -74.4651 14.5
v 149.032 -46.5157 2.84827e-15
v 144.791 -35.2546 2.15872e-15
v 141.791 -37.7259 2.31005e-15
v 148.965 -27.0657 1.65729e-15
v 150.288 -25.9761 1.59057e-15
v 150.097 -45.6382 2.79454e-15
v 142.55 -32.5478 1.99297e-15
v 142.397 -32.4671 1.98803e-15
v 148.965 -27.0657 21
v 142.55 -32.5478 21
v 142.397 -32.4671 21
v 144.791 -35.2546 21
v 149.032 -46.5157 21
v 141.791 -37.7259 21
v 150.288 -25.9761 21
v 150.097 -45.6382 21
v 142.67 -23.7514 1.45436e-15
v 139.02 -30.6914 1.87931e-15
v 142.67 -23.7514 15
v 142.397 -32.4671 15
v 139.02 -30.6914 15
v 148.965 -27.0657 15
v 135.942 -36.5442 2.23769e-15
v 132.58 -12.7216 7.7897e-16
v 123.494 -29.9979 1.83684e-15
v 145.028 -19.2678 1.17982e-15
v 132.58 -12.7215 27
v 135.942 -36.5442 27
v 123.494 -29.9979 27
v 145.028 -19.2678 27
v 142.67 -23.7514 27
v 139.02 -30.6914 27
v 103.477 -30.9139 1.89293e-15
v 102.963 3.87335 -2.37174e-16
v 88.7419 -23.1634 1.41835e-15
v 105.813 2.37435 -1.45387e-16
v 117.698 -3.87725 2.37413e-16
v 102.963 3.87335 51
v 103.477 -30.9139 51
v 88.7419 -23.1633 51
v 105.813 2.37435 51
v 117.698 -3.87725 51
v -38.9823 -26.5587 1.62625e-15
v -47.0622 -2.41195 1.47689e-16
v -55.2337 -18.0864 1.10748e-15
v -30.8108 -10.8842 6.66468e-16
v -47.0622 -2.41195 17.4
v -38.9823 -26.5587 17.4
v -55.2337 -18.0864 17.4
v -30.8108 -10.8842 17.4
v 83.3758 -4.63805 2.83999e-16
v 72.6113 -0.67275 4.11941e-17
v 72.2935 -2.01565 1.23423e-16
v 71.8039 12.517 -7.66448e-16
v 69.8154 -0.01125 6.88864e-19
v 89.8293 8.25115 -5.05237e-16
v 83.6936 -3.29525 2.01776e-16
v 86.9185 -4.05835 2.48502e-16
v 71.8039 12.5171 21
v 72.6113 -0.67275 21
v 69.8154 -0.01125 21
v 89.8293 8.25115 21
v 83.6936 -3.29525 21
v 83.3758 -4.63805 21
v 86.9185 -4.05835 21
v 72.2935 -2.01565 21
v 66.8381 -1.15025 7.04325e-17
v 55.6018 1.16175 -7.11367e-17
v 55.4883 -0.21365 1.30823e-17
v 53.3398 14.0406 -8.59742e-16
v 52.2996 1.43425 -8.78225e-17
v 66.9516 0.22505 -1.37803e-17
v 53.3398 14.0407 21
v 55.6018 1.16175 21
v 52.2996 1.43425 21
v 66.9516 0.22505 21
v 66.8381 -1.15025 21
v 55.4883 -0.21365 21
v 19.4837 20.7879 -1.27289e-15
v 12.2755 17.3184 -1.06045e-15
v 13.4224 19.5522 -1.19722e-15
v 10.5408 20.9226 -1.28114e-15
v 18.3716 22.7756 -1.39461e-15
v 17.7489 24.392 -1.49358e-15
v -19.713 -0.07735 4.73632e-18
v -28.8612 24.6233 -1.50775e-15
v -37.0282 8.94945 -5.47996e-16
v -11.5408 15.5984 -9.5513e-16
v -28.8612 24.6233 23.4
v -19.713 -0.07735 23.4
v -37.0282 8.94945 23.4
v -11.5408 15.5985 23.4
v 31.1265 169.768 -1.03953e-14
v 51.5315 134.199 -8.21733e-15
v 21.2146 155.958 -9.54966e-15
v 61.4434 148.01 -9.06298e-15
v -158.673 -105.817 6.47945e-15
v -156.356 -108.703 6.65616e-15
v -158.973 -108.398 6.63749e-15
v -156.055 -106.122 6.49811e-15
v -141.054 -88.795 5.43712e-15
v -142.148 -99.0144 6.06289e-15
v -142.243 -99.0035 6.06221e-15
v -141.891 -104.616 6.40585e-15
v -137.395 -105.139 6.43791e-15
v -135.566 -89.4342 5.47626e-15
v -142.205 -99.5057 6.09296e-15
v -142.788 -104.511 6.39946e-15
v -142.159 -99.1094 6.0687e-15
v -146.475 -88.1636 5.39846e-15
v -147.291 -98.4156 6.02622e-15
v -147.709 -98.7554 6.04702e-15
v -155.396 -100.465 6.15172e-15
v -155.613 -103.387 6.3306e-15
v -155.735 -103.372 6.32973e-15
v -153.699 -103.609 6.34425e-15
v -155.099 -97.9149 5.99556e-15
v -147.731 -98.7729 6.0481e-15
v -148.685 -99.5483 6.09558e-15
v -149.219 -104.131 6.3762e-15
v -158.014 -100.16 6.13306e-15
v -158.352 -103.068 6.31107e-15
v -158.466 -104.041 6.37069e-15
v -149.258 -104.464 6.39657e-15
v -144.38 -110.337 6.75618e-15
v -156.383 -108.939 6.67058e-15
v -155.848 -104.346 6.38935e-15
v -148.93 -104.502 6.39891e-15
v -148.386 -104.566 6.40279e-15
v -148.11 -104.598 6.40476e-15
v -147.111 -104.714 6.41189e-15
v -143.872 -105.975 6.48907e-15
v -143.771 -105.103 6.43569e-15
v -143.927 -106.444 6.5178e-15
v -140.221 -109.08 6.6792e-15
v -137.51 -112.156 6.86757e-15
v -140.538 -111.803 6.84597e-15
v -140.21 -108.99 6.6737e-15
v -140.118 -109.001 6.67436e-15
v -141.64 -111.675 6.83811e-15
v -144.497 -111.342 6.81774e-15
v -137.182 -109.342 6.69529e-15
v -136.702 -105.22 6.44285e-15
v -137.076 -108.429 6.63938e-15
v -20.3087 126.642 -7.75461e-15
v -19.7796 119.318 -7.30614e-15
v -23.6047 122.084 -7.47549e-15
v -17.9064 124.905 -7.64825e-15
v -17.9168 121.895 -7.46389e-15
v -16.4836 123.877 -7.58525e-15
v -8.4574 115.055 -7.04507e-15
v -9.7663 113.242 -6.93409e-15
v -9.7674 113.243 -6.93414e-15
v -8.4564 115.054 -7.04502e-15
v -14.7355 119.594 -7.32304e-15
v -14.3651 116.568 -7.1377e-15
v -16.0455 117.783 -7.2121e-15
v -13.0552 118.379 -7.24864e-15
v -10.9785 111.568 -6.83159e-15
v -15.5761 114.893 -7.03515e-15
v -12.8632 118.645 -7.2649e-15
v -8.2675 115.322 -7.06142e-15
v -8.2654 115.32 -7.06133e-15
v -9.2968 118.68 -7.26706e-15
v -7.4583 116.441 -7.12995e-15
v -9.7288 118.083 -7.23048e-15
v -6.5549 122.472 -7.49926e-15
v -5.8452 115.275 -7.05853e-15
v -2.6713 119.664 -7.32731e-15
v -12.5517 118.42 -7.25111e-15
v -8.5717 115.542 -7.07489e-15
v -9.0444 117.588 -7.20017e-15
v -8.9386 117.511 -7.19549e-15
v -101.007 -57.1733 3.50085e-15
v -99.9817 -62.3785 3.81958e-15
v -100.133 -63.0588 3.86124e-15
v -98.927 -57.6358 3.52917e-15
v -100.087 -62.8514 3.84854e-15
v -100.024 -62.5671 3.83113e-15
v -104.11 -56.483 3.45858e-15
v -102.149 -73.0973 4.47592e-15
v -107.539 -71.8986 4.40252e-15
v -99.9269 -63.1046 3.86405e-15
v -96.7864 -74.29 4.54895e-15
v -94.9756 -64.2057 3.93147e-15
v -94.4545 -63.8056 3.90697e-15
v -94.4558 -63.8055 3.90696e-15
v -82.7214 -60.6686 3.71488e-15
v -74.3667 -68.2733 4.18054e-15
v -83.9394 -66.1444 4.05017e-15
v -80.244 -61.2197 3.74862e-15
v -73.1488 -62.7976 3.84525e-15
v -73.8571 -69.0542 4.22835e-15
v -70.7015 -80.0153 4.89953e-15
v -76.0314 -78.8299 4.82694e-15
v -68.5272 -70.2396 4.30094e-15
v -82.7212 -60.6673 3.7148e-15
v -81.5311 -55.3165 3.38716e-15
v -66.6824 -58.6191 3.58939e-15
v -73.1304 -62.7144 3.84015e-15
v -73.0484 -62.7326 3.84127e-15
v -72.4793 -62.8593 3.84902e-15
v -72.4074 -62.8753 3.85e-15
v -67.8537 -63.8882 3.91202e-15
v -97.6164 -55.8398 3.4192e-15
v -93.3385 -58.1424 3.5602e-15
v -97.9027 -57.1272 3.49804e-15
v -96.7472 -51.9323 3.17993e-15
v -83.6617 -54.8428 3.35815e-15
v -93.2017 -58.1728 3.56206e-15
v -92.6761 -58.2897 3.56922e-15
v -92.5195 -58.3246 3.57135e-15
v -84.8517 -60.1934 3.68579e-15
v -92.5541 -58.4804 3.58089e-15
v -94.4539 -63.804 3.90687e-15
v -86.0704 -65.6703 4.02115e-15
v -93.5903 -63.139 3.86615e-15
v -74.5082 -68.9094 4.21948e-15
v -68.4915 -70.2476 4.30142e-15
v -67.2539 -64.6861 3.96088e-15
v -64.8206 -65.2274 3.99402e-15
v -66.5329 -57.9466 3.5482e-15
v -64.6043 -58.3755 3.57447e-15
v -61.992 -65.8565 4.03255e-15
v -59.7372 -59.4581 3.64076e-15
v -61.1995 -66.0328 4.04335e-15
v -60.5344 -63.0425 3.86024e-15
v -65.4033 -81.1937 4.97168e-15
v -68.4832 -70.21 4.29913e-15
v -68.3427 -69.5784 4.26045e-15
v -68.3321 -69.531 4.25755e-15
v -65.1016 -65.1649 3.9902e-15
v -103.256 -49.6904 3.04266e-15
v -101.296 -53.0785 3.25012e-15
v -103.882 -52.5037 3.21492e-15
v -101.285 -53.0632 3.24918e-15
v -101.289 -53.0804 3.25023e-15
v -104.264 -54.2251 3.32033e-15
v -104.736 -56.3439 3.45007e-15
v -100.663 -50.2672 3.07798e-15
v -99.3235 -50.565 3.09622e-15
v -96.5788 -51.1754 3.13359e-15
v -94.4556 -63.8053 3.90695e-15
v -94.4541 -63.8043 3.90688e-15
v -84.0108 -118.334 7.2459e-15
v -86.3781 -121.418 7.43469e-15
v -86.5415 -118.475 7.2545e-15
v -83.8472 -121.277 7.42608e-15
v -76.9357 -115.303 7.06026e-15
v -84.1569 -115.704 7.08482e-15
v -83.8486 -121.253 7.4246e-15
v -77.58 -115.931 7.09872e-15
v -82.3972 -121.172 7.41967e-15
v -77.2609 -120.887 7.4022e-15
v -86.2311 -124.061 7.59654e-15
v -83.7005 -123.92 7.58794e-15
v -83.543 -126.756 7.76156e-15
v -71.5214 -126.088 7.72067e-15
v -77.2478 -121.091 7.41468e-15
v -77.05 -121.078 7.4139e-15
v -76.4863 -121.042 7.41168e-15
v -76.3202 -121.031 7.41102e-15
v -71.8654 -120.744 7.39346e-15
v -67.3335 -123.985 7.59189e-15
v -67.5533 -125.563 7.68853e-15
v -67.627 -124.418 7.6184e-15
v -67.4761 -126.762 7.76191e-15
v -68.1646 -126.816 7.76523e-15
v -68.1651 -126.806 7.76463e-15
v -64.4127 -126.607 7.75247e-15
v -67.2253 -124.082 7.59784e-15
v -67.2146 -123.889 7.58604e-15
v -64.5731 -123.72 7.57564e-15
v -66.4143 -104.149 6.37727e-15
v -71.3829 -114.456 7.00841e-15
v -71.9384 -104.456 6.39606e-15
v -71.2924 -114.45 7.00806e-15
v -71.2865 -114.542 7.01365e-15
v -71.2523 -115.073 7.0462e-15
v -70.9363 -119.981 7.3467e-15
v -65.5541 -119.634 7.32549e-15
v -76.8118 -115.182 7.05286e-15
v -77.3908 -104.759 6.41461e-15
v -76.3985 -114.779 7.02818e-15
v -71.4615 -127.018 7.77762e-15
v -67.6591 -123.918 7.5878e-15
v -67.431 -123.903 7.5869e-15
v -64.8226 -119.587 7.32261e-15
v -64.5567 -123.718 7.57557e-15
v 27.2428 83.0919 -5.08791e-15
v 31.5079 78.9027 -4.8314e-15
v 26.3863 81.0275 -4.9615e-15
v 28.1833 85.3593 -5.22675e-15
v 33.305 83.2345 -5.09665e-15
v 32.3644 80.9673 -4.95781e-15
v 38.0765 81.255 -4.97544e-15
v 41.1388 76.4874 -4.68351e-15
v 36.8387 78.2713 -4.79274e-15
v 38.9265 83.3041 -5.1009e-15
v 40.0334 82.8448 -5.07278e-15
v 43.2265 81.5202 -4.99167e-15
v 28.9297 92.4511 -5.661e-15
v 28.5291 86.5019 -5.29672e-15
v 26.7652 87.2336 -5.34152e-15
v 31.2344 85.3796 -5.228e-15
v 33.3989 90.5971 -5.54748e-15
v 31.6292 86.3312 -5.28626e-15
v 28.0739 85.4047 -5.22953e-15
v 30.0287 85.8799 -5.25862e-15
v 35.1897 82.4527 -5.04877e-15
v 27.1333 83.1373 -5.09069e-15
v 34.2492 80.1853 -4.90994e-15
v -142.746 -53.5391 3.27833e-15
v -141.073 -57.1121 3.4971e-15
v -143.594 -56.3528 3.45062e-15
v -140.226 -54.2983 3.32481e-15
v -141.858 -59.7248 3.65709e-15
v -144.38 -58.9648 3.61056e-15
v -141.071 -57.1131 3.49717e-15
v -127.001 -54.9918 3.36727e-15
v -123.473 -61.7878 3.78341e-15
v -128.584 -60.248 3.68913e-15
v -124.076 -45.2846 2.77289e-15
v -118.965 -46.8244 2.86717e-15
v -129.282 -43.7165 2.67687e-15
v -131.621 -53.5998 3.28204e-15
v -132.368 -53.9597 3.30408e-15
v -139.05 -57.7219 3.53445e-15
v -139.49 -51.8565 3.1753e-15
v -133.232 -54.3768 3.32962e-15
v -132.422 -53.986 3.30569e-15
v -133.256 -54.456 3.33447e-15
v -134.64 -59.0504 3.61579e-15
v -134.642 -59.056 3.61613e-15
v -130.954 -65.618 4.01795e-15
v -142.578 -62.1161 3.80351e-15
v -134.636 -59.0579 3.61625e-15
v -133.957 -59.266 3.629e-15
v -133.941 -59.2709 3.62929e-15
v -129.974 -62.364 3.81869e-15
v -129.456 -60.6472 3.71357e-15
v -126.746 -65.3059 3.99884e-15
v -124.702 -68.7913 4.21225e-15
v -127.539 -67.9364 4.15991e-15
v -126.533 -65.1669 3.99032e-15
v -124.721 -68.7528 4.20989e-15
v -126.472 -65.1855 3.99146e-15
v -128.676 -67.594 4.13894e-15
v -131.31 -66.8006 4.09035e-15
v -126.69 -65.1196 3.98743e-15
v -123.853 -65.9744 4.03976e-15
v -123.359 -64.3324 3.93923e-15
v -122.665 -62.0311 3.79831e-15
v -10.5971 78.6595 -4.8165e-15
v -7.099 72.2172 -4.42203e-15
v -12.3308 74.2957 -4.5493e-15
v -5.4897 76.2677 -4.67005e-15
v -5.3653 76.5807 -4.68922e-15
v -6.3591 74.0794 -4.53605e-15
v -2.621 72.5943 -4.44512e-15
v -1.5299 69.7477 -4.27082e-15
v -3.449 70.5101 -4.3175e-15
v -0.7019 71.8317 -4.39843e-15
v 2.728 65.546 -4.01354e-15
v -2.3912 67.5798 -4.13807e-15
v -0.6114 72.0597 -4.41238e-15
v 3.5892 67.7138 -4.14628e-15
v 4.5077 70.0259 -4.28785e-15
v 4.4172 69.798 -4.27389e-15
v 2.9076 72.9313 -4.46576e-15
v 4.9563 71.1548 -4.35698e-15
v 2.5773 72.1 -4.41485e-15
v 4.6318 77.2712 -4.7315e-15
v 8.9222 75.5666 -4.62712e-15
v 6.8677 70.3953 -4.31047e-15
v -0.326 71.9463 -4.40544e-15
v 4.26 70.1243 -4.29387e-15
v 3.4811 71.7409 -4.39287e-15
v 3.5861 71.6993 -4.39031e-15
v -107.478 -92.0429 5.636e-15
v -107.47 -94.7794 5.80357e-15
v -110.248 -92.2039 5.64586e-15
v -107.325 -94.6625 5.7964e-15
v -107.319 -94.7707 5.80303e-15
v -103.813 -98.793 6.04932e-15
v -108.305 -114.895 7.03528e-15
v -109.222 -99.1073 6.06857e-15
v -102.895 -114.58 7.01603e-15
v -103.481 -104.502 6.39892e-15
v -103.516 -103.9 6.36201e-15
v -87.4457 -97.3744 5.96247e-15
v -97.3154 -102.882 6.29971e-15
v -97.6012 -97.9647 5.99861e-15
v -87.1218 -102.947 6.30368e-15
v -97.9188 -103.574 6.34209e-15
v -105.773 -91.9438 5.62994e-15
v -103.381 -91.8047 5.62142e-15
v -103.95 -96.4283 5.90453e-15
v -103.95 -96.4283 5.90453e-15
v -103.95 -96.4284 5.90454e-15
v -103.84 -98.3272 6.0208e-15
v -103.813 -98.7925 6.04929e-15
v -103.813 -98.7927 6.04931e-15
v -103.813 -98.793 6.04933e-15
v -103.813 -98.7931 6.04934e-15
v -103.516 -103.899 6.36198e-15
v -103.481 -104.502 6.39892e-15
v -103.023 -97.9641 5.99857e-15
v -98.4742 -104.211 6.3811e-15
v -103.115 -96.3796 5.90155e-15
v -103.33 -92.6773 5.67484e-15
v -98.4449 -97.6979 5.98227e-15
v -98.0918 -103.773 6.35425e-15
v -97.6195 -97.65 5.97933e-15
v -110.007 -96.3443 5.89938e-15
v -110.09 -94.9317 5.81289e-15
v -109.845 -99.1436 6.07079e-15
v -103.84 -98.3273 6.02081e-15
v -87.7712 -91.773 5.61948e-15
v -103.098 -96.6727 5.9195e-15
v -99.342 -97.7501 5.98546e-15
v -98.7022 -97.7129 5.98319e-15
v -97.9231 -97.6676 5.98042e-15
v -97.4821 -114.266 6.99677e-15
v 134.267 -84.1412 5.15217e-15
v 143.746 -95.1437 5.82587e-15
v 131.785 -88.8854 5.44266e-15
v 144.559 -93.593 5.73092e-15
v 147.962 -91.307 5.59094e-15
v 146.292 -94.4997 5.78643e-15
v 158.57 -97.4677 5.96818e-15
v 152.843 -115.028 7.04341e-15
v 151.687 -110.623 6.77368e-15
v 153.321 -116.847 7.1548e-15
v 153.386 -117.094 7.16997e-15
v 154.118 -115.695 7.08425e-15
v 163.083 -98.561 6.03512e-15
v 159.998 -96.9467 5.93627e-15
v 163.75 -95.5765 5.85238e-15
v 164.856 -95.1731 5.82767e-15
v 153.91 -88.4115 5.41364e-15
v 155.087 -90.0622 5.51472e-15
v 153.41 -89.1843 5.46096e-15
v 161.866 -92.5744 5.66855e-15
v 161.505 -93.42 5.72032e-15
v 162.298 -91.8063 5.62152e-15
v 165.689 -93.5807 5.73016e-15
v 150.838 -85.8106 5.25438e-15
v 151.025 -87.9369 5.38458e-15
v 150.005 -87.403 5.35189e-15
v 154.32 -87.6321 5.36592e-15
v 153.409 -89.1839 5.46094e-15
v 136.87 -79.1663 4.84753e-15
v 148.1 -86.8367 5.31722e-15
v 148.838 -85.428 5.23096e-15
v 149.829 -87.7399 5.37252e-15
v 140.542 -108.591 6.64931e-15
v 141.921 -111.096 6.80265e-15
v 138.535 -109.324 6.69419e-15
v 144.82 -107.03 6.55368e-15
v 149.993 -115.319 7.06127e-15
v 139.268 -107.924 6.60847e-15
v 151.703 -93.8748 5.74817e-15
v 148.232 -90.7908 5.55933e-15
v 151.318 -92.4051 5.65818e-15
v 150.142 -87.9249 5.38385e-15
v 150.136 -87.9001 5.38233e-15
v 151.32 -92.4129 5.65866e-15
v 22.8331 -3.32825 2.03797e-16
v 43.4956 -20.912 1.28049e-15
v 20.0775 -8.54725 5.23368e-16
v 43.9099 -14.4567 8.85221e-16
v 46.3003 -22.3928 1.37117e-15
v 46.2512 -15.6929 9.60916e-16
v 49.0559 -17.1739 1.0516e-15
v 48.5587 -18.1155 1.10926e-15
v 85.0133 -43.7293 2.67764e-15
v 45.9316 -23.094 1.4141e-15
v 85.3017 -37.5159 2.29718e-15
v 86.89 -40.1748 2.45999e-15
v 87.6416 -38.7514 2.37284e-15
v 51.2395 -13.0382 7.98363e-16
v 87.9825 -32.4385 1.98628e-15
v 90.3225 -33.6739 2.06193e-15
v 25.4314 1.59275 -9.75278e-17
v 51.6542 -12.253 7.50277e-16
v 141.165 -112.536 6.89085e-15
v 137.781 -110.765 6.78242e-15
v 141.173 -110.704 6.77868e-15
v 141.518 -111.864 6.8497e-15
v 149.591 -116.088 7.10832e-15
v 152.632 -118.536 7.25821e-15
v 149.238 -116.76 7.1495e-15
v 150.744 -115.712 7.08532e-15
v -49.0213 132.762 -8.12931e-15
v -46.8946 129.057 -7.90246e-15
v -50.0487 131.346 -8.04263e-15
v -45.8675 130.473 -7.98915e-15
v -43.8717 126.685 -7.75725e-15
v -41.3046 122.568 -7.50513e-15
v -44.9453 125.21 -7.66692e-15
v -40.233 124.045 -7.59554e-15
v -14.7206 148.864 -9.11529e-15
v -15.9511 144.917 -8.8736e-15
v -16.8902 148.497 -9.0928e-15
v -5.0831 137.029 -8.39063e-15
v -12.9483 149.164 -9.13365e-15
v -12.6871 149.524 -9.1557e-15
v -11.7365 148.834 -9.11345e-15
v -1.7685 141.598 -8.6704e-15
v 0.8917 139.669 -8.55226e-15
v 8.7453 125.265 -7.67029e-15
v 9.6352 123.245 -7.54658e-15
v 8.4037 124.877 -7.64653e-15
v 9.8267 126.493 -7.74548e-15
v 10.7963 125.377 -7.67711e-15
v 11.3526 124.736 -7.63789e-15
v 10.4051 125.827 -7.7047e-15
v 10.7259 125.458 -7.68208e-15
v 26.8434 107 -6.55184e-15
v 33.0256 102.248 -6.26091e-15
v 25.6848 105.23 -6.44346e-15
v 28.8446 106.187 -6.50208e-15
v 30.1528 105.656 -6.46954e-15
v 31.4493 105.129 -6.4373e-15
v 31.6542 105.046 -6.4322e-15
v 33.367 104.35 -6.3896e-15
v 33.1905 102.656 -6.28585e-15
v 33.8063 104.172 -6.37867e-15
v 33.5475 104.277 -6.38512e-15
v 36.7066 101.227 -6.19839e-15
v 40.6781 99.3293 -6.08216e-15
v 36.6059 100.979 -6.18318e-15
v 40.7773 99.5742 -6.09716e-15
v 40.0577 97.798 -5.9884e-15
v 35.9855 99.4476 -6.08941e-15
v 48.1028 70.1663 -4.29644e-15
v 49.4829 65.486 -4.00986e-15
v 46.6687 66.626 -4.07966e-15
v 53.3705 68.0323 -4.16577e-15
v 51.9362 64.4921 -3.949e-15
v 52.58 66.0811 -4.0463e-15
v 50.9263 61.9984 -3.79631e-15
v 48.4727 62.9926 -3.85718e-15
v 51.1255 62.4903 -3.82643e-15
v 53.2053 61.0752 -3.73978e-15
v 54.2154 63.5686 -3.89246e-15
v 59.4549 99.7812 -6.10984e-15
v 60.7311 95.8002 -5.86607e-15
v 59.2474 99.269 -6.07848e-15
v 59.4563 99.7848 -6.11005e-15
v 61.5222 104.884 -6.4223e-15
v 61.1349 94.856 -5.80826e-15
v 62.4239 91.8428 -5.62375e-15
v 61.8269 105.636 -6.46835e-15
v 63.8837 97.7583 -5.98597e-15
v 66.3351 103.81 -6.35651e-15
v 62.8855 91.6559 -5.6123e-15
v 64.5767 96.1954 -5.89027e-15
v 67.9697 89.5961 -5.48618e-15
v 70.4987 93.7964 -5.74337e-15
v 68.6804 89.3081 -5.46855e-15
v 26.7845 115.502 -7.07245e-15
v 26.6256 111.664 -6.83743e-15
v 24.7938 113.773 -6.9666e-15
v 28.5011 109.504 -6.70518e-15
v 26.7965 115.512 -7.07309e-15
v 30.1005 111.707 -6.84011e-15
v 13.5984 130.687 -8.00227e-15
v 13.4426 126.551 -7.74902e-15
v 11.6906 128.569 -7.87257e-15
v 14.535 125.293 -7.672e-15
v 15.5789 128.406 -7.86262e-15
v 16.6713 127.148 -7.78558e-15
v 10.9257 132.389 -8.10646e-15
v 10.3196 129.563 -7.93347e-15
v 9.3739 130.25 -7.97548e-15
v 11.6894 128.57 -7.87262e-15
v 11.0386 132.544 -8.11599e-15
v -2.5916 133.214 -8.15701e-15
v -6.0373 135.714 -8.31008e-15
v -1.7069 134.434 -8.23169e-15
v 1.1529 132.359 -8.10464e-15
v 3.4314 143.169 -8.76658e-15
v 7.4427 140.259 -8.58837e-15
v 5.1964 136.545 -8.36098e-15
v 5.0353 142.005 -8.69533e-15
v 7.7366 140.046 -8.57532e-15
v 3.733 128.626 -7.87604e-15
v 0.2678 131.14 -8.02998e-15
v 4.9398 142.075 -8.69956e-15
v 3.8643 128.806 -7.88712e-15
v 4.8208 130.125 -7.96786e-15
v 5.3941 130.915 -8.01623e-15
v 8.002 134.51 -8.23634e-15
v -9.5873 153.796 -9.41732e-15
v 3.9935 143.94 -8.81379e-15
v -46.4901 140.719 -8.61657e-15
v -45.7735 137.237 -8.40332e-15
v -47.8983 138.779 -8.49775e-15
v -44.3652 139.177 -8.52214e-15
v -45.7359 137.288 -8.40649e-15
v -47.2088 135.259 -8.28223e-15
v -49.3337 136.801 -8.37665e-15
v -41.4905 126.996 -7.77625e-15
v -40.4269 124.751 -7.63879e-15
v -40.6106 124.498 -7.62328e-15
v -39.7267 125.716 -7.69789e-15
v -43.7871 126.802 -7.76439e-15
v -43.4536 126.56 -7.74957e-15
v -42.57 127.779 -7.8242e-15
v -40.1479 124.162 -7.60273e-15
v -37.0308 121.9 -7.46424e-15
v -45.9456 128.368 -7.86029e-15
v -45.1529 131.458 -8.04945e-15
v -42.5828 135 -8.26638e-15
v -39.823 132.999 -8.14383e-15
v -36.998 136.892 -8.38223e-15
v -36.5233 122.599 -7.50703e-15
v -36.1806 137.017 -8.3899e-15
v -34.1691 125.841 -7.70553e-15
v -35.9874 137.047 -8.39171e-15
v -35.0108 137.197 -8.40087e-15
v -31.1271 134.379 -8.22834e-15
v -34.1173 125.803 -7.70323e-15
v -30.9379 123.496 -7.56193e-15
v -29.1141 137.153 -8.39817e-15
v -30.3959 123.102 -7.53784e-15
v -29.1293 127.45 -7.80408e-15
v -26.9765 130.418 -7.98577e-15
v -24.7251 133.968 -8.20319e-15
v -25.7396 129.52 -7.93083e-15
v -23.2755 132.917 -8.13879e-15
v -27.8924 126.553 -7.74913e-15
v -34.2458 125.735 -7.69906e-15
v -33.2911 120.253 -7.36339e-15
v -25.7361 151.172 -9.2566e-15
v -34.829 137.065 -8.3928e-15
v -21.8759 147.126 -9.00886e-15
v -21.2839 147.942 -9.05881e-15
v -16.8949 144.757 -8.86383e-15
v -16.8947 144.757 -8.86383e-15
v -21.0734 147.789 -9.04946e-15
v -16.8949 144.758 -8.86384e-15
v -16.8949 144.757 -8.86384e-15
v -20.1286 147.949 -9.05925e-15
v -18.999 146.284 -8.9573e-15
v -19.1849 148.108 -9.06903e-15
v -18.4966 148.225 -9.07616e-15
v -18.1575 148.282 -9.07968e-15
v -17.0519 148.469 -9.09113e-15
v 10.683 117.739 -7.20944e-15
v 9.9091 109.783 -6.72227e-15
v 6.303 113.936 -6.97655e-15
v 14.2891 113.586 -6.95516e-15
v 15.5307 117.17 -7.17461e-15
v 18.0307 116.835 -7.1541e-15
v 17.9903 116.882 -7.15694e-15
v 13.141 106.061 -6.49437e-15
v 17.521 109.865 -6.72726e-15
v 17.9129 114.841 -7.03196e-15
v 18.0668 116.794 -7.15155e-15
v 20.5444 106.383 -6.51407e-15
v 19.3353 115.333 -7.0621e-15
v 19.4577 115.192 -7.05347e-15
v 19.8086 115.497 -7.07213e-15
v 21.6135 113.418 -6.94486e-15
v 22.9041 108.432 -6.63954e-15
v 22.805 112.046 -6.86085e-15
v 23.9284 110.752 -6.78163e-15
v 24.4394 109.765 -6.72118e-15
v 24.6247 109.951 -6.73253e-15
v 24.6368 109.937 -6.73168e-15
v 7.5069 121.397 -7.43341e-15
v 11.5994 124.95 -7.65101e-15
v 12.3768 124.055 -7.59619e-15
v 12.6917 123.693 -7.57398e-15
v 14.7633 121.307 -7.4279e-15
v 14.7755 121.293 -7.42705e-15
v 15.9853 119.191 -7.29833e-15
v 16.3363 119.495 -7.31699e-15
v 16.1607 118.989 -7.28596e-15
v 45.0318 110.308 -6.75443e-15
v 43.9 106.099 -6.49669e-15
v 41.0621 111.92 -6.85315e-15
v 45.5274 110.107 -6.7421e-15
v 34.0363 102.312 -6.26481e-15
v 34.2358 105.23 -6.44345e-15
v 35.9074 109.345 -6.69546e-15
v 39.065 108.063 -6.61693e-15
v 40.6924 112.071 -6.86235e-15
v 44.3502 98.123 -6.0083e-15
v 44.966 99.639 -6.10113e-15
v 47.0673 104.812 -6.41791e-15
v 57.8799 95.9353 -5.87435e-15
v 57.7304 93.629 -5.73312e-15
v 57.3029 94.6283 -5.79432e-15
v 57.7304 93.6287 -5.73311e-15
v 57.7311 93.6286 -5.7331e-15
v 57.7331 93.6279 -5.73306e-15
v 58.7056 93.3004 -5.713e-15
v 59.2096 98.9475 -6.05878e-15
v 59.419 93.0601 -5.69829e-15
v 59.2986 99.1492 -6.07113e-15
v 60.4094 96.5524 -5.91213e-15
v 61.3964 94.2447 -5.77083e-15
v 60.5533 96.216 -5.89153e-15
v 60.4834 96.3795 -5.90154e-15
v 61.3556 94.3402 -5.77667e-15
v 52.7505 81.3354 -4.98036e-15
v 57.8655 79.2635 -4.85349e-15
v 62.6945 91.1842 -5.58342e-15
v 49.6042 78.4591 -4.80424e-15
v 50.7663 77.4899 -4.74488e-15
v 49.4308 78.031 -4.77802e-15
v 51.0487 82.0249 -5.02257e-15
v 47.9645 74.4115 -4.55639e-15
v 46.5067 70.8128 -4.33604e-15
v 48.121 74.7977 -4.58004e-15
v 49.4561 74.2569 -4.54692e-15
v 54.6517 71.1946 -4.35942e-15
v 56.6011 76.0079 -4.65414e-15
v 57.9122 79.2446 -4.85233e-15
v 58.6654 69.5687 -4.25986e-15
v 60.0437 72.9714 -4.46821e-15
v 60.6152 74.382 -4.55458e-15
v 58.8358 69.9894 -4.28561e-15
v 59.5975 71.8695 -4.40073e-15
v 60.4241 73.9103 -4.5257e-15
v 56.9093 62.4772 -3.82563e-15
v 58.1943 69.7596 -4.27155e-15
v 58.5629 69.6102 -4.2624e-15
v 59.7952 69.6007 -4.26181e-15
v 60.0986 74.5913 -4.5674e-15
v 61.4477 73.4956 -4.50031e-15
v 57.8949 79.2018 -4.84971e-15
v 57.8984 79.2104 -4.85024e-15
v 32.254 110.829 -6.78632e-15
v 31.2605 108.383 -6.63655e-15
v 32.2529 110.829 -6.78635e-15
v 32.2542 110.833 -6.78655e-15
v 31.2605 108.383 -6.63655e-15
v 19.568 122.302 -7.48882e-15
v 19.9924 121.813 -7.45889e-15
v 23.0403 118.303 -7.24397e-15
v 22.7047 118.69 -7.26764e-15
v 8.0015 141.033 -8.6358e-15
v 7.4957 139.714 -8.55499e-15
v 14.0256 136.663 -8.36819e-15
v 9.4206 133.48 -8.17332e-15
v -23.5635 155.408 -9.51597e-15
v -26.3261 151.6 -9.28281e-15
v -22.0072 148.466 -9.09094e-15
v -18.6083 151.811 -9.29576e-15
v -16.7245 152.26 -9.32322e-15
v -13.0674 157.297 -9.63167e-15
v -12.0558 150.394 -9.20899e-15
v -9.1235 154.436 -9.45646e-15
v -44.3951 136.315 -8.34691e-15
v -42.5681 141.653 -8.67375e-15
v -37.9797 135.539 -8.29939e-15
v -37.5833 136.086 -8.33284e-15
v -48.3066 133.746 -8.1896e-15
v 7.8688 131.341 -8.04234e-15
v 7.7447 128.004 -7.83798e-15
v 10.4005 127.132 -7.7846e-15
v 10.4825 127.223 -7.79019e-15
v 11.6877 128.565 -7.87236e-15
v 6.2395 129.096 -7.90483e-15
v 6.2972 129.175 -7.9097e-15
v 9.3738 130.25 -7.97549e-15
v 11.8695 125.185 -7.66537e-15
v 13.4253 126.536 -7.7481e-15
v 13.4326 126.528 -7.74758e-15
v 13.4356 126.524 -7.74737e-15
v 13.4553 126.501 -7.74598e-15
v 14.5175 125.278 -7.67107e-15
v 23.4525 119.339 -7.3074e-15
v 24.7907 113.771 -6.96644e-15
v 25.0593 110.304 -6.75414e-15
v 24.7923 113.769 -6.96633e-15
v 26.6198 111.664 -6.83746e-15
v 26.6215 111.662 -6.83734e-15
v 26.6227 111.661 -6.83726e-15
v 26.6216 111.662 -6.83733e-15
v 22.5335 117.863 -7.21702e-15
v 18.877 121.702 -7.45209e-15
v 20.7403 122.462 -7.49866e-15
v 26.8394 107.001 -6.55194e-15
v 28.4976 109.499 -6.70486e-15
v 27.4838 107.972 -6.61137e-15
v 27.1957 107.538 -6.58479e-15
v 34.1874 110.044 -6.73824e-15
v 34.3248 115.93 -7.09869e-15
v 35.4681 109.524 -6.70638e-15
v 41.4378 113.041 -6.92179e-15
v 40.5406 111.697 -6.83947e-15
v 40.5218 111.651 -6.83662e-15
v 45.4762 111.401 -6.82137e-15
v 58.648 100.109 -6.12991e-15
v 45.3073 109.565 -6.70889e-15
v 48.5481 74.6247 -4.56944e-15
v 49.8352 77.8671 -4.76799e-15
v 49.789 75.0781 -4.5972e-15
v 50.367 76.5044 -4.68454e-15
v 50.2474 77.7001 -4.75776e-15
v 50.6561 77.2177 -4.72822e-15
v 47.7976 79.1911 -4.84905e-15
v 46.1579 75.1432 -4.6012e-15
v 34.4748 107.078 -6.55662e-15
v 30.5824 106.713 -6.53431e-15
v -132.209 -25.935 1.58806e-15
v -119.448 -35.5581 2.17731e-15
v -133.808 -31.1915 1.90993e-15
v -114.437 -31.3391 1.91896e-15
v -116.036 -36.5956 2.24084e-15
v -131.556 -37.6354 2.30451e-15
v -135.411 -36.4633 2.23273e-15
v -131.157 -36.3242 2.22422e-15
v -121.299 -39.3216 2.40776e-15
v -117.639 -41.8672 2.56363e-15
v -121.698 -40.633 2.48806e-15
v -7.578 -106.863 6.54346e-15
v -15.9948 -135.733 8.31127e-15
v -21.2446 -132.987 8.1431e-15
v -15.9947 -135.733 8.31125e-15
v -6.7104 -107.413 6.57714e-15
v -2.3679 -109.685 6.71625e-15
v -10.9781 -138.358 8.47197e-15
v -1.3913 -110.196 6.74753e-15
v 2.649 -112.309 6.87695e-15
v -0.1703 -107.862 6.60462e-15
v 4.2284 -99.4532 6.08976e-15
v 3.626 -112.82 6.90825e-15
v 24.1854 -73.5203 4.50182e-15
v 19.168 -70.8956 4.3411e-15
v -5.4893 -105.079 6.43422e-15
v 13.8489 -68.1129 4.17072e-15
v -141.124 11.5328 -7.06183e-16
v -138.949 4.45965 -2.73075e-16
v -139.054 4.25905 -2.60792e-16
v -136.508 9.10885 -5.57756e-16
v -138.756 4.82765 -2.95608e-16
v -138.663 5.00475 -3.06453e-16
v -143.56 -4.80485 2.94212e-16
v -148.376 -2.27565 1.39343e-16
v -138.855 4.15435 -2.54381e-16
v -138.631 -7.39375 4.52737e-16
v -134.53 1.88305 -1.15304e-16
v -133.627 2.13405 -1.30673e-16
v -133.693 2.15965 -1.3224e-16
v -133.683 2.16325 -1.32461e-16
v -121.607 2.01395 -1.23319e-16
v -115.458 -7.40815 4.53618e-16
v -124.156 -2.83985 1.73891e-16
v -112.909 -2.55425 1.56403e-16
v -115.27 -8.23155 5.04037e-16
v -115.109 -19.7715 1.21065e-15
v -119.986 -17.2106 1.05384e-15
v -110.394 -10.7925 6.60847e-16
v -119.055 6.87365 -4.2089e-16
v -112.808 -2.36375 1.44738e-16
v -105.757 -0.10985 6.72637e-18
v -112.628 -2.45845 1.50537e-16
v -112.323 -2.61895 1.60364e-16
v -112.161 -2.70355 1.65545e-16
v -108.209 -4.77925 2.92645e-16
v -133.597 2.19145 -1.34188e-16
v -126.299 -1.71415 1.04961e-16
v -133.587 2.19485 -1.34396e-16
v -132.833 2.44385 -1.49643e-16
v -130.568 6.75725 -4.13762e-16
v -123.735 3.16865 -1.94024e-16
v -121.592 2.04315 -1.25107e-16
v -115.756 -7.97655 4.88423e-16
v -107.806 -5.86825 3.59327e-16
v -105.71 -6.96915 4.26737e-16
v -105.425 0.52335 -3.20459e-17
v -102.88 -8.45565 5.17759e-16
v -102.759 -3.72925 2.28351e-16
v -102.614 -0.95255 5.83269e-17
v -101.586 -1.49285 9.14107e-17
v -102.416 -8.69905 5.32663e-16
v -102.458 -3.88735 2.38032e-16
v -100.445 -4.94485 3.02785e-16
v -100.956 -5.91895 3.62431e-16
v -110.182 -22.3594 1.36912e-15
v -110.095 -10.2241 6.26043e-16
v -110.095 -10.2239 6.2603e-16
v -105.996 -6.81925 4.17559e-16
v -102.645 -3.51095 2.14984e-16
v -99.2703 -2.70885 1.65869e-16
v -134.723 10.6598 -6.52721e-16
v -131.492 7.44375 -4.55798e-16
v -135.348 9.46925 -5.79824e-16
v -134.6 10.8948 -6.67111e-16
v -132.894 14.1415 -8.65914e-16
v -121.198 7.99905 -4.89801e-16
v -131.123 7.25005 -4.43938e-16
v -130.98 7.17505 -4.39345e-16
v -130.644 6.99875 -4.2855e-16
v -130.485 6.91515 -4.23431e-16
v -138.674 17.9844 -1.10123e-15
v -137.622 14.2238 -8.70953e-16
v -139.994 15.4697 -9.47249e-16
v -137.371 14.6888 -8.99427e-16
v -137.617 14.221 -8.70788e-16
v -140.25 14.9819 -9.1738e-16
v -141.859 11.9187 -7.29813e-16
v -136.296 16.736 -1.02479e-15
v -133.924 15.4901 -9.48498e-16
v -132.561 14.7746 -9.04686e-16
v -67.5996 -88.0756 5.39308e-15
v -86.0403 -94.4129 5.78112e-15
v -86.2752 -88.8667 5.44151e-15
v -67.3647 -93.6218 5.73268e-15
v -81.4844 -98.3414 6.02167e-15
v -85.8101 -99.8477 6.11391e-15
v -71.3703 -97.9129 5.99544e-15
v -71.3144 -99.2336 6.07631e-15
v -67.1345 -99.0567 6.06547e-15
v -81.4285 -99.6621 6.10255e-15
v -87.106 6.54905 -4.01014e-16
v -85.9249 3.43085 -2.10079e-16
v -88.1346 4.59265 -2.81219e-16
v -86.6576 6.31335 -3.86581e-16
v -84.8963 5.38735 -3.2988e-16
v -84.0274 -0.95165 5.82718e-17
v -87.319 0.77895 -4.76969e-17
v -84.732 5.69975 -3.49009e-16
v -84.7317 5.69965 -3.49003e-16
v -82.8284 4.69895 -2.87728e-16
v -81.4403 3.96925 -2.43046e-16
v -61.9647 19.9845 -1.2237e-15
v -63.466 5.51005 -3.37393e-16
v -68.2517 8.02605 -4.91454e-16
v -62.3555 8.83965 -5.41272e-16
v -59.3662 14.5257 -8.8944e-16
v -57.179 17.4686 -1.06964e-15
v -58.8647 14.2621 -8.73299e-16
v -61.8541 8.57595 -5.25125e-16
v -53.5227 20.4568 -1.25262e-15
v -52.0449 19.1591 -1.17315e-15
v -53.7372 20.0486 -1.22763e-15
v -53.2389 20.9965 -1.28567e-15
v -51.8719 23.5966 -1.44487e-15
v -50.0312 22.9892 -1.40769e-15
v -51.7234 23.879 -1.46217e-15
v -54.5168 34.444 -2.10909e-15
v -51.5256 28.2204 -1.728e-15
v -56.4326 30.8002 -1.88597e-15
v -51.8235 39.5673 -2.4228e-15
v -51.6609 39.4819 -2.41757e-15
v -51.6096 39.5887 -2.42411e-15
v -51.5979 39.6131 -2.4256e-15
v -50.1025 42.7289 -2.61639e-15
v -46.2394 40.6998 -2.49215e-15
v -45.2121 40.2293 -2.46334e-15
v -25.3319 61.2154 -3.74837e-15
v -20.7075 53.5596 -3.27958e-15
v -27.6918 56.7227 -3.47326e-15
v -18.7993 58.257 -3.56722e-15
v -16.5294 43.6495 -2.67276e-15
v -12.9336 40.5087 -2.48045e-15
v -17.1152 42.2075 -2.58446e-15
v -12.3478 41.9507 -2.56874e-15
v -20.7406 53.4866 -3.27511e-15
v -19.3722 46.9457 -2.8746e-15
v -22.8274 48.3492 -2.96054e-15
v -20.7376 53.4855 -3.27504e-15
v -17.2854 52.0832 -3.18917e-15
v -6.0279 47.5102 -2.90916e-15
v 1.0502 38.6499 -2.36663e-15
v -8.1147 42.3728 -2.59459e-15
v 3.137 43.7874 -2.6812e-15
v 3.8024 35.3554 -2.1649e-15
v 7.223 32.1127 -1.96633e-15
v 3.1562 33.7647 -2.06749e-15
v 7.9044 33.6893 -2.06287e-15
v 21.3312 42.45 -2.59932e-15
v 21.251 37.8049 -2.31489e-15
v 19.7002 38.4348 -2.35346e-15
v 22.8819 41.8201 -2.56075e-15
v 19.3985 58.2268 -3.56536e-15
v 20.7644 46.9173 -2.87286e-15
v 15.6486 48.9954 -3.00011e-15
v 19.3999 58.2263 -3.56533e-15
v 19.4002 58.227 -3.56538e-15
v 19.4003 58.2272 -3.56539e-15
v 20.7438 61.5386 -3.76815e-15
v 24.9865 59.8152 -3.66262e-15
v 25.8596 59.4605 -3.6409e-15
v 24.1311 76.2809 -4.67085e-15
v 24.9585 73.0709 -4.47431e-15
v 23.129 73.8141 -4.51981e-15
v 28.8001 74.3842 -4.55472e-15
v 25.4466 72.8726 -4.46216e-15
v 25.9418 72.6714 -4.44984e-15
v 27.798 71.9173 -4.40367e-15
v 20.2694 74.9757 -4.59093e-15
v 24.0148 69.3479 -4.24634e-15
v 18.8376 71.451 -4.37511e-15
v 25.1792 72.2144 -4.42186e-15
v 15.6867 68.4481 -4.19124e-15
v 17.0007 67.564 -4.1371e-15
v 15.5645 68.1475 -4.17283e-15
v 17.18 72.1244 -4.41634e-15
v 14.1659 64.7044 -3.962e-15
v 14.3544 60.2758 -3.69083e-15
v 12.6484 60.9689 -3.73327e-15
v 14.2974 65.0281 -3.98183e-15
v 15.7323 64.4454 -3.94614e-15
v 22.749 66.184 -4.0526e-15
v 24.0327 69.3406 -4.24589e-15
v 26.1096 62.58 -3.83192e-15
v 26.8903 64.5019 -3.9496e-15
v 25.6766 61.514 -3.76664e-15
v 26.7729 64.2127 -3.9319e-15
v -26.2073 67.9039 -4.15791e-15
v -25.2989 61.2781 -3.7522e-15
v -28.7385 63.0847 -3.86283e-15
v -22.7677 66.0971 -4.04728e-15
v -31.846 75.1658 -4.60257e-15
v -32.1656 73.0974 -4.47592e-15
v -32.7672 73.4134 -4.49528e-15
v -29.3694 71.6274 -4.38592e-15
v -29.3687 71.6287 -4.386e-15
v -27.7592 73.0172 -4.47101e-15
v -29.3682 71.6286 -4.38598e-15
v -28.6795 71.2668 -4.36383e-15
v -48.2652 62.4423 -3.82349e-15
v -48.4314 58.1379 -3.55992e-15
v -50.0732 59.0003 -3.61273e-15
v -46.8518 61.1452 -3.74407e-15
v -46.6234 61.5799 -3.77068e-15
v -48.3139 58.0763 -3.55614e-15
v -46.1704 50.2039 -3.07411e-15
v -51.0932 52.7897 -3.23244e-15
v -43.3911 55.4905 -3.39782e-15
v -85.918 8.81355 -5.39674e-16
v -87.108 6.55005 -4.01075e-16
v -83.7063 7.65085 -4.68479e-16
v -82.1997 10.5165 -6.43947e-16
v -75.9581 6.49835 -3.97909e-16
v -75.111 6.78975 -4.15752e-16
v -76.0173 6.38595 -3.91027e-16
v -78.1875 2.25915 -1.38333e-16
v -75.483 6.62405 -4.05606e-16
v -75.1669 6.70765 -4.10725e-16
v -75.1522 6.71155 -4.10964e-16
v -75.0902 6.72795 -4.11968e-16
v -81.2267 -4.39295 2.68991e-16
v -84.8383 -2.49425 1.52729e-16
v -81.0254 -4.49875 2.75469e-16
v -80.3804 -3.27085 2.00282e-16
v -77.1434 -4.97265 3.04487e-16
v -77.2738 -6.47115 3.96244e-16
v -77.7883 -6.20065 3.7968e-16
v -74.0112 -8.18645 5.01275e-16
v -75.0257 6.74495 -4.13009e-16
v -74.2889 6.93975 -4.24937e-16
v -70.2537 4.81835 -2.95039e-16
v -71.8207 -4.02135 2.46237e-16
v -67.5137 -6.28585 3.84897e-16
v -68.4983 8.15575 -4.99396e-16
v -66.8879 -1.62025 9.92117e-17
v -65.377 1.25235 -7.66843e-17
v -63.9462 0.50005 -3.06192e-17
v -61.7786 4.62295 -2.83074e-16
v -65.4565 -2.37275 1.45289e-16
v -64.23 25.2842 -1.54821e-15
v -60.5782 23.1724 -1.4189e-15
v -64.3098 25.1322 -1.53891e-15
v -63.4992 26.6742 -1.63332e-15
v -63.0091 27.6062 -1.6904e-15
v -62.06 29.4115 -1.80094e-15
v -61.9667 29.589 -1.8118e-15
v -58.2372 27.6303 -1.69186e-15
v -62.1896 20.1029 -1.23094e-15
v -56.5422 30.8578 -1.8895e-15
v -55.5451 16.6096 -1.01705e-15
v -55.0533 21.2605 -1.30183e-15
v -53.4036 24.401 -1.49413e-15
v -51.5095 24.2859 -1.48709e-15
v -49.8924 27.3618 -1.67542e-15
v -54.0125 19.525 -1.19556e-15
v -54.649 50.1919 -3.07336e-15
v -53.4236 49.1857 -3.01175e-15
v -54.7983 49.9078 -3.05597e-15
v -52.8106 53.6919 -3.28768e-15
v -56.6515 46.3794 -2.83992e-15
v -56.7037 42.1307 -2.57976e-15
v -58.4119 43.0281 -2.63471e-15
v -56.4774 46.7107 -2.86021e-15
v -55.1028 45.9888 -2.816e-15
v -47.7122 47.2713 -2.89454e-15
v -44.7219 43.5889 -2.66905e-15
v -44.159 44.6604 -2.73466e-15
v -43.8524 45.2439 -2.77039e-15
v -45.1861 42.705 -2.61493e-15
v -44.4928 45.5804 -2.79099e-15
v -43.262 44.1889 -2.70579e-15
v -38.7535 53.0545 -3.24865e-15
v -38.634 52.9918 -3.24481e-15
v -38.666 53.0087 -3.24584e-15
v -34.1807 60.3486 -3.69529e-15
v -27.7983 56.52 -3.46085e-15
v -34.7417 60.1671 -3.68417e-15
v -34.1164 60.471 -3.70278e-15
v -33.367 61.8976 -3.79014e-15
v -31.8774 64.7336 -3.96379e-15
v -12.3317 43.8203 -2.68322e-15
v -12.7615 42.5196 -2.60358e-15
v -15.4475 45.0857 -2.76071e-15
v -12.2459 43.7854 -2.68108e-15
v -16.3897 43.9935 -2.69382e-15
v -15.9632 43.8203 -2.68322e-15
v -15.9011 43.9725 -2.69254e-15
v -12.2081 42.2948 -2.58981e-15
v -7.3915 52.9778 -3.24395e-15
v -9.1059 48.7606 -2.98572e-15
v -12.088 54.8854 -3.36076e-15
v -19.9792 45.4515 -2.7831e-15
v -13.8007 50.6675 -3.10249e-15
v -8.7217 40.8787 -2.5031e-15
v -18.7317 58.4233 -3.57739e-15
v 8.9469 47.1799 -2.88893e-15
v -12.7411 53.2771 -3.26228e-15
v -12.9913 52.6609 -3.22455e-15
v 8.06 46.791 -2.86512e-15
v 6.3151 42.4965 -2.60216e-15
v 7.9913 46.6219 -2.85476e-15
v -8.686 49.7936 -3.04898e-15
v 13.4801 36.9194 -2.26066e-15
v 15.5191 31.7254 -1.94262e-15
v 13.4528 36.8522 -2.25654e-15
v 13.4816 36.919 -2.26063e-15
v 17.1048 35.447 -2.17051e-15
v 15.556 31.6342 -1.93703e-15
v 3.8956 35.5847 -2.17893e-15
v 0.3844 37.011 -2.26627e-15
v 4.4299 35.3676 -2.16564e-15
v 4.9137 36.5579 -2.23852e-15
v 8.0464 35.2852 -2.1606e-15
v 7.9975 33.9184 -2.07691e-15
v 7.5628 34.0951 -2.08772e-15
v 11.658 32.4316 -1.98587e-15
v 9.0537 47.2268 -2.8918e-15
v 9.65 47.4883 -2.90782e-15
v 14.2717 45.611 -2.79287e-15
v 11.9319 33.1063 -2.02717e-15
v 15.6456 48.9967 -3.00019e-15
v 18.148 39.6405 -2.42728e-15
v 17.9519 35.1029 -2.14944e-15
v 19.4203 42.7702 -2.61892e-15
v 20.8332 42.1962 -2.58377e-15
v 20.9922 42.5877 -2.60775e-15
v 22.4696 46.2248 -2.83045e-15
v 19.3613 38.5725 -2.36189e-15
v 19.5618 39.0662 -2.39212e-15
v -44.4961 69.6179 -4.26286e-15
v -43.2337 68.6044 -4.20081e-15
v -44.6403 69.3432 -4.24605e-15
v -42.5835 73.2589 -4.48582e-15
v -32.8205 71.8504 -4.39957e-15
v -33.0979 73.5874 -4.50593e-15
v -47.4166 64.058 -3.92242e-15
v -46.4096 65.975 -4.03981e-15
v -45.6914 61.0904 -3.74071e-15
v -46.2782 66.2251 -4.05512e-15
v -44.8716 65.4865 -4.00989e-15
v -41.7478 59.0189 -3.61386e-15
v -38.2759 70.9962 -4.34726e-15
v -41.5333 58.9062 -3.60697e-15
v -39.913 61.9907 -3.79584e-15
v -35.7969 59.8255 -3.66326e-15
v -36.0895 75.159 -4.60216e-15
v -34.9396 60.1029 -3.68024e-15
v -30.024 70.3816 -4.30963e-15
v -25.3573 69.5217 -4.25698e-15
v 24.0266 69.3259 -4.24498e-15
v 26.5414 64.6436 -3.95828e-15
v 26.8153 64.5323 -3.95146e-15
v 27.6308 63.8642 -3.91055e-15
v 30.4625 70.835 -4.3374e-15
v -45.7772 70.2908 -4.30407e-15
v -47.6906 66.648 -4.08102e-15
v -43.8925 67.3501 -4.12401e-15
v -44.3877 69.2107 -4.23793e-15
v -47.4994 57.6484 -3.52995e-15
v -43.5557 55.5769 -3.40311e-15
v -42.0791 58.3882 -3.57524e-15
v -43.3241 56.0179 -3.4301e-15
v -42.1065 58.3359 -3.57205e-15
v -63.1024 29.9596 -1.8345e-15
v -61.7667 29.484 -1.80537e-15
v -56.5933 30.7605 -1.88354e-15
v -56.5824 30.7813 -1.88481e-15
v -65.1372 25.7611 -1.57741e-15
v -68.0197 18.944 -1.15998e-15
v -68.5693 19.2328 -1.17767e-15
v -64.1231 25.0342 -1.5329e-15
v -62.0935 20.2859 -1.24216e-15
v -71.508 13.6433 -8.35408e-16
v -75.0689 6.73345 -4.12305e-16
v -74.31 6.93415 -4.24594e-16
v -74.2863 6.93845 -4.24858e-16
v -71.619 5.53615 -3.38991e-16
v -71.0801 13.4183 -8.21631e-16
v -68.7669 7.64515 -4.6813e-16
v -68.5995 7.96335 -4.87615e-16
v -54.7255 21.8845 -1.34004e-15
v -54.3248 22.6471 -1.38674e-15
v -54.0249 23.2184 -1.42171e-15
v -41.4492 59.0663 -3.61677e-15
v -41.4093 59.1424 -3.62143e-15
v -37.33 60.632 -3.71264e-15
v -36.0026 59.9338 -3.66988e-15
v 6.7952 35.7936 -2.19172e-15
v 7.6105 34.2124 -2.09491e-15
v 7.6875 34.4019 -2.10651e-15
v 4.0785 35.5104 -2.17438e-15
v 4.6089 35.8081 -2.19261e-15
v 4.6709 35.9605 -2.20194e-15
v 5.4521 36.3391 -2.22513e-15
v 5.5119 36.3147 -2.22364e-15
v 6.7011 35.8317 -2.19406e-15
v 7.71 34.0352 -2.08406e-15
v 18.6985 40.9945 -2.51019e-15
v 19.1841 39.2195 -2.4015e-15
v 18.7265 41.0635 -2.51441e-15
v 18.9805 41.6885 -2.55268e-15
v 19.0021 41.7415 -2.55593e-15
v 19.4494 39.112 -2.39492e-15
v 20.4436 42.3544 -2.59346e-15
v 20.7065 42.2478 -2.58693e-15
v 20.8766 42.3028 -2.5903e-15
v 19.5119 38.9432 -2.38459e-15
v 9.8006 47.4271 -2.90407e-15
v 11.8744 46.5847 -2.85249e-15
v 15.6438 48.9924 -2.99992e-15
v 15.6446 48.9943 -3.00004e-15
v 15.0003 64.7426 -3.96434e-15
v 16.1577 67.9065 -4.15807e-15
v 15.8695 64.7827 -3.96679e-15
v 16.0944 65.3357 -4.00065e-15
v 16.827 67.1369 -4.11095e-15
v 14.1357 69.0781 -4.22982e-15
v 12.6149 65.3344 -4.00058e-15
v 14.6802 64.8726 -3.9723e-15
v -31.329 71.067 -4.3516e-15
v -30.1761 70.4614 -4.31452e-15
v -54.647 46.8563 -2.86912e-15
v -54.4934 49.7477 -3.04617e-15
v -53.9471 48.1889 -2.95072e-15
v -54.2449 49.617 -3.03817e-15
v -53.6451 48.764 -2.98593e-15
v -56.2052 51.01 -3.12346e-15
v -58.2091 47.1983 -2.89007e-15
v -56.0976 46.5112 -2.84799e-15
v 80.5176 -110.472 6.76444e-15
v 124.566 -134.646 8.24468e-15
v 80.0982 -111.269 6.81329e-15
v 124.985 -133.848 8.19584e-15
v 81.8182 -107.998 6.61295e-15
v 83.0763 -105.604 6.4664e-15
v 113.152 -121.415 7.43452e-15
v 127.544 -128.981 7.89779e-15
v 126.286 -131.374 8.04434e-15
v 86.0006 -100.042 6.1258e-15
v 130.468 -123.418 7.55718e-15
v -29.4819 33.8297 -2.07147e-15
v -27.6014 26.8446 -1.64375e-15
v -31.8982 28.9899 -1.77512e-15
v -25.185 31.6844 -1.94011e-15
v -26.2222 29.6069 -1.8129e-15
v -25.2153 31.6238 -1.9364e-15
v -22.6403 27.8185 -1.70339e-15
v -21.7595 24.8112 -1.51924e-15
v -23.6665 25.7632 -1.57754e-15
v -20.7334 26.8666 -1.6451e-15
v -17.9143 20.2024 -1.23704e-15
v -22.8342 22.6588 -1.38745e-15
v -15.8136 24.4103 -1.4947e-15
v -16.8397 22.3548 -1.36884e-15
v -17.1247 27.5844 -1.68905e-15
v -17.5701 26.692 -1.63442e-15
v -16.5446 26.1801 -1.60307e-15
v -15.2521 25.5347 -1.56355e-15
v -15.14 31.5597 -1.93247e-15
v -13.4384 24.6292 -1.50811e-15
v -11.0082 29.4967 -1.80616e-15
v -97.8157 -118.839 7.27682e-15
v -102.121 -127.013 7.77733e-15
v -102.58 -119.116 7.29378e-15
v -94.1463 -126.84 7.76669e-15
v -94.3598 -121.884 7.46322e-15
v -177.294 -98.0382 6.00311e-15
v -170.416 -106.941 6.54825e-15
v -178.243 -105.881 6.48336e-15
v -172.689 -98.511 6.03206e-15
v -169.826 -102.271 6.2623e-15
v 108.672 -73.1046 4.47636e-15
v 116.342 -78.0968 4.78205e-15
v 108.27 -73.8731 4.52342e-15
v 116.744 -77.3282 4.73499e-15
v 119.383 -80.5444 4.93193e-15
v 115.99 -78.7691 4.82322e-15
v 120.137 -79.1034 4.84369e-15
v 125.322 -59.4768 3.6419e-15
v 119.595 -77.0366 4.71713e-15
v 118.439 -72.6316 4.44741e-15
v 120.072 -78.8554 4.8285e-15
v 120.87 -77.7036 4.75797e-15
v 129.834 -60.5699 3.70883e-15
v 126.749 -58.9556 3.60999e-15
v 130.502 -57.5855 3.5261e-15
v 131.607 -57.182 3.50139e-15
v 117.59 -47.8195 2.9281e-15
v 120.16 -51.1927 3.13465e-15
v 116.757 -49.4119 3.0256e-15
v 121.071 -49.641 3.03964e-15
v 120.662 -50.4205 3.08736e-15
v 121.839 -52.071 3.18843e-15
v 128.618 -54.5834 3.34227e-15
v 128.256 -55.4288 3.39404e-15
v 129.049 -53.8154 3.29524e-15
v 132.44 -55.5896 3.40388e-15
v 106.019 -69.9334 4.28219e-15
v 107.294 -70.6004 4.32303e-15
v 105.287 -71.3333 4.3679e-15
v 114.984 -52.7998 3.23305e-15
v 111.572 -69.0386 4.22739e-15
v 118.455 -55.8837 3.42189e-15
v 118.069 -54.4141 3.3319e-15
v 116.894 -49.934 3.05757e-15
v -157.302 -27.4751 1.68237e-15
v -156.714 -44.1311 2.70225e-15
v -161.974 -42.4952 2.60208e-15
v -153.285 -28.7245 1.75887e-15
v -153.774 -34.6746 2.1232e-15
v -153.506 -33.8152 2.07058e-15
v -152.043 -29.1108 1.78253e-15
v -147.465 -35.325 2.16303e-15
v -137.892 -38.672 2.36797e-15
v -147.964 -35.5393 2.17615e-15
v -145.954 -30.4657 1.86548e-15
v -136.276 -33.4761 2.04982e-15
v -149.708 -23.626 1.44668e-15
v -150.851 -27.3052 1.67196e-15
v -150.852 -27.3047 1.67193e-15
v -151.181 -28.363 1.73673e-15
v -146.618 -30.2592 1.85284e-15
v -151.317 -28.7977 1.76335e-15
v -151.181 -28.3627 1.73672e-15
v -134.667 -28.3044 1.73315e-15
v -157.045 -24.8988 1.52461e-15
v -157.798 -27.3208 1.67291e-15
v -156.633 -23.5743 1.44351e-15
v -154.043 -24.3799 1.49284e-15
v -153.986 -24.3973 1.49391e-15
v -153.105 -21.5657 1.32052e-15
v -152.119 -21.8723 1.33929e-15
v -149.423 -22.711 1.39064e-15
v -149.236 -36.0859 2.20963e-15
v -148.306 -35.6863 2.18515e-15
v -151.443 -45.7707 2.80265e-15
v -155.752 -20.7423 1.2701e-15
v -153.978 -24.3722 1.49236e-15
v 126.787 59.8147 -3.66259e-15
v 132.216 52.7107 -3.2276e-15
v 125.034 56.4284 -3.45525e-15
v 126.978 60.1827 -3.68513e-15
v 134.16 56.465 -3.45749e-15
v 123.678 61.4237 -3.76111e-15
v 121.926 58.0376 -3.55377e-15
v 104.745 39.3573 -2.40994e-15
v 116.366 16.7634 -1.02647e-15
v 97.9768 26.2823 -1.60932e-15
v 105.625 41.0581 -2.51408e-15
v 108.384 46.3877 -2.84043e-15
v 108.988 47.5545 -2.91188e-15
v 110.411 50.3045 -3.08026e-15
v 110.949 51.3439 -3.1439e-15
v 116.001 61.1041 -3.74155e-15
v 134.391 51.5855 -3.1587e-15
v 104.315 67.6642 -4.14323e-15
v 95.6768 27.4728 -1.68222e-15
v 86.0821 32.4393 -1.98634e-15
v 103.274 42.2751 -2.5886e-15
v 106.033 47.6046 -2.91494e-15
v 116.21 61.5072 -3.76623e-15
v 106.084 47.5782 -2.91332e-15
v 103.325 42.2486 -2.58698e-15
v 105.528 46.6307 -2.85531e-15
v 106.497 47.3644 -2.90023e-15
v -176.703 -77.3094 4.73384e-15
v -173.218 -93.3911 5.71856e-15
v -178.584 -92.7371 5.67851e-15
v -171.939 -82.8905 5.07558e-15
v -171.338 -77.9634 4.77388e-15
v -172.017 -83.5343 5.115e-15
v -167.927 -94.0359 5.75804e-15
v -167.306 -84.1085 5.15016e-15
v -166.653 -83.5815 5.11789e-15
v -165.614 -82.7418 5.06648e-15
v -155.727 -84.8662 5.19656e-15
v -166.603 -83.5408 5.1154e-15
v -165.05 -78.1151 4.78317e-15
v -155.053 -79.3336 4.85778e-15
v -177.167 -74.678 4.57271e-15
v -177.476 -77.2154 4.72808e-15
v -176.968 -73.052 4.47314e-15
v -174.482 -73.3551 4.4917e-15
v -174.181 -73.3916 4.49394e-15
v -173.836 -70.5594 4.32052e-15
v -171.952 -70.7891 4.33458e-15
v -169.917 -71.0371 4.34977e-15
v -170.027 -71.9433 4.40526e-15
v -170.671 -77.225 4.72866e-15
v -165.025 -77.913 4.7708e-15
v -170.567 -76.3743 4.67657e-15
v -166.855 -77.69 4.75714e-15
v -154.384 -73.8498 4.52199e-15
v -166.123 -77.7793 4.76261e-15
v -165.233 -77.8877 4.76925e-15
v 129.909 -94.2991 5.77416e-15
v 125.904 -103.098 6.31291e-15
v 123.915 -101.425 6.21046e-15
v 131.898 -95.9723 5.87661e-15
v 128.028 -104.884 6.4223e-15
v 134.021 -97.7587 5.98599e-15
v -126.746 32.1808 -1.97051e-15
v -118.913 23.7562 -1.45464e-15
v -128.536 28.6899 -1.75675e-15
v -126.743 32.1795 -1.97043e-15
v -118.763 28.0875 -1.71986e-15
v -117.896 25.7399 -1.57611e-15
v -117.124 27.2471 -1.6684e-15
v -113.683 23.5796 -1.44383e-15
v -115.521 30.3731 -1.85982e-15
v -112.13 27.6767 -1.69471e-15
v -111.741 28.4352 -1.74116e-15
v -111.696 27.4542 -1.68109e-15
v -112.059 27.6404 -1.69248e-15
v -110.435 21.4568 -1.31385e-15
v -107.263 17.7459 -1.08662e-15
v -111.281 19.8063 -1.21279e-15
v -106.416 19.3962 -1.18768e-15
v -113.869 23.2174 -1.42166e-15
v -110.521 26.8516 -1.64419e-15
v -106.862 24.9754 -1.52931e-15
v -106.174 24.6227 -1.50771e-15
v -102.927 17.6069 -1.07811e-15
v -105.538 24.2967 -1.48775e-15
v -100.754 21.8437 -1.33754e-15
v -88.1509 35.7328 -2.18801e-15
v -78.7299 30.2457 -1.85201e-15
v -88.4174 35.2129 -2.15617e-15
v -86.5895 38.7777 -2.37445e-15
v -85.1287 38.0286 -2.32858e-15
v -76.902 33.8103 -2.07029e-15
v -92.3684 46.4203 -2.84243e-15
v -91.7136 43.9896 -2.69358e-15
v -93.2191 44.7615 -2.74085e-15
v -88.8921 44.6379 -2.73329e-15
v -90.2788 43.2538 -2.64853e-15
v -89.6883 42.9511 -2.62999e-15
v -89.6501 42.9314 -2.62879e-15
v -89.0779 41.8614 -2.56327e-15
v -85.8555 40.2092 -2.4621e-15
v -88.4669 45.4697 -2.78421e-15
v -84.2638 43.3145 -2.65225e-15
v -84.8299 42.2096 -2.58459e-15
v -89.9654 42.3165 -2.59114e-15
v -96.1386 48.8133 -2.98896e-15
v -94.0393 45.182 -2.7666e-15
v -97.1758 46.7903 -2.86508e-15
v -92.1817 46.7846 -2.86473e-15
v -124.986 35.6129 -2.18066e-15
v -115.364 30.6791 -1.87855e-15
v -100.2 32.1146 -1.96646e-15
v -100.095 21.5057 -1.31685e-15
v -97.5858 26.3996 -1.61651e-15
v -106.165 24.6403 -1.50878e-15
v -105.107 26.7039 -1.63515e-15
v -103.923 29.0123 -1.77649e-15
v -103.665 29.5164 -1.80736e-15
v -103.341 30.1481 -1.84604e-15
v -101.888 32.9804 -2.01947e-15
v -100.091 36.4866 -2.23416e-15
v -97.6049 32.6409 -1.99868e-15
v -98.4538 39.6791 -2.42965e-15
v -97.558 41.426 -2.53661e-15
v -94.0118 33.3698 -2.04331e-15
v -92.9131 39.0442 -2.39077e-15
v -91.8322 37.6204 -2.30359e-15
v -91.9077 38.5286 -2.3592e-15
v -91.4792 38.309 -2.34575e-15
v -90.2479 41.7655 -2.5574e-15
v -91.545 38.3428 -2.34782e-15
v -86.1381 39.6583 -2.42837e-15
v -82.5739 41.0528 -2.51376e-15
v -75.1423 37.2422 -2.28042e-15
v -100.68 48.5868 -2.97509e-15
v -98.0907 41.6992 -2.55334e-15
v -102.937 44.184 -2.70549e-15
v -97.1998 41.2422 -2.52536e-15
v -96.9668 41.1228 -2.51805e-15
v -103.514 44.48 -2.72362e-15
v -104.593 36.2242 -2.21809e-15
v -106.047 39.5408 -2.42117e-15
v -103.543 33.8289 -2.07142e-15
v -109.621 32.5705 -1.99437e-15
v -109.621 32.5707 -1.99438e-15
v -96.4318 30.1825 -1.84815e-15
v -95.8096 29.8636 -1.82862e-15
v -94.5432 29.2142 -1.78885e-15
v -94.4635 29.1733 -1.78635e-15
v -92.6657 32.6795 -2.00105e-15
v -107.943 40.5132 -2.48071e-15
v -107.845 36.0346 -2.20648e-15
v -109.741 37.007 -2.26602e-15
v -96.2397 25.7094 -1.57424e-15
v -111.517 33.5429 -2.05391e-15
v 10.6584 -16.0785 9.84527e-16
v -6.7717 -62.6724 3.83757e-15
v -12.2159 -59.8257 3.66326e-15
v 16.1027 -18.9254 1.15884e-15
v -1.8475 -65.2471 3.99523e-15
v 21.0269 -21.5001 1.3165e-15
v -153.161 -76.6072 4.69084e-15
v -153.745 -82.0503 5.02413e-15
v -153.86 -82.0353 5.02322e-15
v -149.847 -82.5528 5.0549e-15
v -149.473 -81.2595 4.97571e-15
v -144.689 -77.6994 4.75772e-15
v -149.644 -82.579 5.0565e-15
v -139.32 -82.5686 5.05587e-15
v -134.589 -79.0019 4.83747e-15
v -135.289 -84.43 5.16984e-15
v -139.49 -83.8881 5.13667e-15
v -152.47 -71.2507 4.36285e-15
v -133.898 -73.6453 4.50948e-15
v -150.118 -84.6527 5.18349e-15
v -154.015 -84.1502 5.15272e-15
v 118.535 -64.5611 3.95323e-15
v 124.153 -58.8651 3.60445e-15
v 115.159 -70.9155 4.34233e-15
v 118.489 -68.3841 4.18732e-15
v 122.628 -64.6244 3.9571e-15
v 107.917 -74.545 4.56456e-15
v 104.533 -72.7743 4.45614e-15
v -143.304 -14.1888 8.6881e-16
v -152.52 -14.8257 9.07815e-16
v -144.71 -10.0008 6.12369e-16
v -145.525 -18.2766 1.11912e-15
v -148.653 -7.80485 4.77909e-16
v -154.701 -53.6219 3.28339e-15
v -163.562 -55.6489 3.40752e-15
v -156.846 -49.4025 3.02503e-15
v -161.345 -48.01 2.93976e-15
v -156.076 -57.9924 3.55101e-15
v -78.0007 -7.85395 4.80916e-16
v -81.9537 -5.77575 3.53663e-16
v 93.029 -43.4162 2.65847e-15
v 92.2435 -30.036 1.83918e-15
v 98.3823 -33.2773 2.03765e-15
v 152.811 -94.4543 5.78365e-15
v 151.783 -102.552 6.27951e-15
v 155.091 -100.074 6.12777e-15
v 147.507 -108.436 6.63976e-15
v -33.6358 32.1414 -1.96809e-15
v -36.6885 29.1764 -1.78654e-15
v -37.2621 30.8702 -1.89026e-15
v -36.1149 27.4825 -1.68282e-15
v -38.3521 34.651 -2.12176e-15
v -38.584 30.545 -1.87034e-15
v -40.8312 29.9923 -1.8365e-15
v -97.9754 -79.6295 4.8759e-15
v -106.743 -82.3952 5.04525e-15
v -100.252 -75.6565 4.63263e-15
v -106.74 -82.3851 5.04463e-15
v -106.74 -82.3839 5.04456e-15
v -106.653 -81.9942 5.02069e-15
v -104.989 -74.5554 4.5652e-15
v -97.9812 -79.641 4.8766e-15
v -99.0279 -83.9106 5.13804e-15
v -98.3483 -81.1466 4.96879e-15
v -97.978 -79.6399 4.87654e-15
v -93.0231 -40.5157 2.48087e-15
v -101.758 -43.3749 2.65594e-15
v -95.3073 -36.6566 2.24457e-15
v -93.9721 -45.0069 2.75587e-15
v -100.011 -35.5992 2.17982e-15
v -141.109 11.4917 -7.03667e-16
v -143.623 -4.98955 3.05522e-16
v -148.325 -2.57875 1.57903e-16
v -138.921 4.18125 -2.56028e-16
v -136.409 9.08155 -5.56085e-16
v -138.749 -7.48905 4.58572e-16
v -134.494 1.91135 -1.17036e-16
v -133.834 2.09625 -1.28358e-16
v -114.885 -7.85285 4.80848e-16
v -115.038 -19.7634 1.21016e-15
v -119.753 -17.3454 1.0621e-15
v -114.717 -8.40605 5.14722e-16
v -110.36 -10.6405 6.51546e-16
v -121.543 2.29465 -1.40507e-16
v -112.954 -2.39605 1.46716e-16
v -121.659 2.06805 -1.26632e-16
v -119.117 7.02645 -4.30246e-16
v -112.92 -2.32905 1.42613e-16
v -105.534 0.06145 -3.76273e-18
v -112.854 -2.36285 1.44683e-16
v -108.042 -4.83005 2.95755e-16
v -132.861 14.0747 -8.61824e-16
v -130.409 6.84115 -4.189e-16
v -135.288 9.34285 -5.72085e-16
v -119.867 7.41145 -4.5382e-16
v -122.294 2.67955 -1.64075e-16
v -138.765 18.1163 -1.1093e-15
v -141.943 11.9192 -7.29837e-16
v -132.45 14.8778 -9.10999e-16
v -133.262 2.25635 -1.38162e-16
v -132.676 2.42015 -1.48191e-16
v -124.749 -2.10875 1.29124e-16
v -123.999 -2.49365 1.52692e-16
v -115.132 -7.04025 4.31091e-16
v -115.208 -6.79135 4.1585e-16
v -109.891 -9.72775 5.95653e-16
v -107.843 -5.73305 3.51048e-16
v -106.121 -6.61595 4.0511e-16
v -103.049 -8.19115 5.01563e-16
v -105.199 0.71435 -4.37413e-17
v -99.1187 -2.40375 1.47187e-16
v -102.287 -8.58215 5.25505e-16
v -110.244 -22.2216 1.36068e-15
v -106.624 -7.59555 4.65093e-16
v -106.799 -6.96185 4.2629e-16
v -107.022 -6.15415 3.76833e-16
v -106.751 -7.13555 4.36926e-16
v -94.7816 -17.0505 1.04404e-15
v -97.3041 -33.4417 2.04772e-15
v -102.176 -30.8272 1.88762e-15
v -94.1725 -27.6066 1.69042e-15
v -94.5748 -17.1615 1.05084e-15
v -92.8086 -24.3921 1.49358e-15
v -90.1897 -19.515 1.19495e-15
v -92.5281 -24.5426 1.5028e-15
v -92.4686 -36.0369 2.20662e-15
v -90.6834 -25.5326 1.56342e-15
v -88.5666 -26.6685 1.63298e-15
v -87.2702 -26.3509 1.61352e-15
v -89.2009 -19.2318 1.17761e-15
v -84.2734 -21.9031 1.34118e-15
v -89.2121 -19.2525 1.17888e-15
v -75.4073 -26.6346 1.6309e-15
v -77.922 -31.3202 1.91781e-15
v -86.5682 -26.1788 1.60299e-15
v -87.2092 -26.336 1.61261e-15
v -85.2351 -23.6947 1.45088e-15
v -75.3195 -26.4709 1.62088e-15
v -68.3066 -34.301 2.10033e-15
v -68.9812 -35.5579 2.1773e-15
v -66.6124 -31.1441 1.90703e-15
v -75.5565 -26.9126 1.64792e-15
v -68.7459 -36.2448 2.21935e-15
v -77.9219 -31.3199 1.91779e-15
v -68.6523 -36.5181 2.23609e-15
v -68.8378 -48.3167 2.95854e-15
v -73.6099 -45.7555 2.80171e-15
v -68.401 -37.2516 2.28101e-15
v -64.1298 -39.544 2.42137e-15
v -61.4684 -34.5857 2.11777e-15
v -67.0607 -37.971 2.32505e-15
v -61.4686 -34.5857 2.11776e-15
v -63.9405 -50.9451 3.11948e-15
v -61.2562 -34.6996 2.12474e-15
v -56.5711 -37.2141 2.2787e-15
v -52.7117 -31.3773 1.92131e-15
v -54.8611 -33.249 2.03592e-15
v -56.2972 -32.4783 1.98873e-15
v -53.9724 -33.7261 2.06512e-15
v -54.7151 -35.1101 2.14988e-15
v -55.6506 -30.9798 1.89697e-15
v -56.4196 -32.4126 1.9847e-15
v -55.1589 -30.0639 1.84089e-15
v -55.1589 -30.0638 1.84088e-15
v -58.8108 -28.104 1.72087e-15
v -66.4971 -30.9292 1.89387e-15
v -61.7069 -33.5001 2.05129e-15
v -56.0068 -37.5168 2.29724e-15
v -86.7892 -14.7355 9.02292e-16
v -84.2664 -21.88 1.33976e-15
v -89.2009 -19.2316 1.1776e-15
v -86.6758 -14.5242 8.89348e-16
v -72.8811 -21.9276 1.34268e-15
v -73.1032 -22.3412 1.36801e-15
v -72.8811 -21.9276 1.34268e-15
v -59.3838 -29.1716 1.78625e-15
v -61.8045 -33.4477 2.04808e-15
v -93.6941 -13.0905 8.01559e-16
v -95.5874 -16.6181 1.01756e-15
v -91.2512 -14.4016 8.81841e-16
v -89.9141 -11.9071 7.29103e-16
v -86.3097 -13.8416 8.47557e-16
v -89.9226 -11.9903 7.34196e-16
v -91.3327 -14.3577 8.79159e-16
v -92.3558 -10.5968 6.48864e-16
v -90.3784 -12.7733 7.82136e-16
v -88.5884 -12.6187 7.72669e-16
v -92.4398 -13.7637 8.4278e-16
v -158.673 -105.817 6
v -156.356 -108.703 6
v -158.973 -108.398 6
v -156.055 -106.122 6
v -141.054 -88.795 10
v -142.148 -99.0144 10
v -142.243 -99.0035 10
v -141.891 -104.616 10
v -137.395 -105.139 10
v -135.566 -89.4342 10
v -142.205 -99.5057 10
v -142.788 -104.511 10
v -142.159 -99.1094 10
v -146.475 -88.1636 9
v -147.291 -98.4156 9
v -147.709 -98.7554 9
v -142.243 -99.0035 9
v -141.054 -88.795 9
v -155.396 -100.465 7
v -155.613 -103.387 7
v -155.735 -103.372 7
v -153.699 -103.609 7
v -155.099 -97.9149 7
v -147.731 -98.7729 7
v -148.685 -99.5483 7
v -149.219 -104.131 7
v -158.014 -100.16 7
v -158.352 -103.068 7
v -158.466 -104.041 7
v -156.055 -106.122 7
v -158.673 -105.817 7
v -155.848 -104.346 7
v -148.11 -104.598 6.40476e-15
v -149.219 -104.131 9
v -149.258 -104.464 9
v -153.699 -103.609 9
v -156.356 -108.703 9
v -144.38 -110.337 9
v -156.383 -108.939 9
v -156.055 -106.122 9
v -155.848 -104.346 9
v -155.735 -103.372 9
v -155.613 -103.387 9
v -148.93 -104.502 9
v -148.386 -104.566 9
v -148.11 -104.598 9
v -147.111 -104.714 9
v -143.872 -105.975 9
v -143.771 -105.103 9
v -143.927 -106.444 9
v -140.221 -109.08 9
v -137.51 -112.156 9
v -140.538 -111.803 9
v -140.21 -108.99 9
v -140.118 -109.001 9
v -149.219 -104.131 11
v -148.93 -104.502 11
v -149.258 -104.464 11
v -148.685 -99.5483 11
v -148.386 -104.566 11
v -147.731 -98.7729 11
v -148.11 -104.598 11
v -147.111 -104.714 11
v -147.709 -98.7554 11
v -147.291 -98.4156 11
v -142.243 -99.0035 11
v -143.771 -105.103 11
v -142.788 -104.511 11
v -142.205 -99.5057 11
v -142.148 -99.0144 11
v -142.159 -99.1094 11
v -144.38 -110.337 11
v -141.64 -111.675 11
v -144.497 -111.342 11
v -143.927 -106.444 11
v -143.872 -105.975 11
v -141.891 -104.616 11
v -140.21 -108.99 11
v -137.395 -105.139 11
v -140.221 -109.08 11
v -140.538 -111.803 11
v -140.118 -109.001 11
v -137.182 -109.342 11
v -136.702 -105.22 11
v -137.076 -108.429 11
v -20.3087 126.642 4
v -19.7796 119.318 4
v -23.6047 122.084 4
v -17.9064 124.905 4
v -17.9168 121.895 4
v -16.4836 123.877 4
v -14.7355 119.594 3
v -14.3651 116.568 3
v -16.0455 117.783 3
v -13.0552 118.379 3
v -9.767 113.243 -6.93412e-15
v -8.4571 115.054 -7.04505e-15
v -14.3651 116.568 4
v -10.9785 111.568 4
v -15.5761 114.893 4
v -13.0552 118.379 4
v -12.8632 118.645 4
v -12.5517 118.42 4
v -8.5717 115.542 4
v -9.767 113.243 4
v -8.4571 115.054 4
v -8.2675 115.322 4
v -8.2654 115.32 4
v -9.2968 118.68 4
v -9.0444 117.588 4
v -9.7288 118.083 4
v -6.5549 122.472 4
v -8.9386 117.511 4
v -7.4583 116.441 4
v -5.8452 115.275 4
v -2.6713 119.664 4
v -16.4836 123.877 3
v -17.9168 121.895 3
v -9.2968 118.68 3
v -12.8632 118.645 3
v -12.5517 118.42 3
v -9.7288 118.083 3
v -8.5717 115.542 3
v -9.0444 117.588 3
v -8.9386 117.511 3
v -7.4583 116.441 3
v -8.2675 115.322 3
v -101.007 -57.1733 9
v -99.9817 -62.3785 9
v -100.133 -63.0588 9
v -98.927 -57.6358 9
v -100.087 -62.8514 9
v -100.024 -62.5671 9
v -104.11 -56.483 9
v -102.149 -73.0973 9
v -107.539 -71.8986 9
v -99.9269 -63.1046 9
v -94.4547 -63.8051 3.90693e-15
v -99.9269 -63.1046 10
v -96.7864 -74.29 10
v -102.149 -73.0973 10
v -94.9756 -64.2057 10
v -94.4547 -63.8051 10
v -82.7213 -60.6679 3.71484e-15
v -82.7213 -60.6679 8
v -74.3667 -68.2733 8
v -83.9394 -66.1444 8
v -80.244 -61.2197 8
v -73.1488 -62.7976 8
v -73.8571 -69.0542 9
v -70.7015 -80.0153 9
v -76.0314 -78.8299 9
v -68.5272 -70.2396 9
v -81.5311 -55.3165 8
v -66.6824 -58.6191 8
v -73.1304 -62.7144 8
v -73.0484 -62.7326 8
v -72.4793 -62.8593 8
v -72.4074 -62.8753 8
v -67.8537 -63.8882 8
v -97.6164 -55.8398 9
v -93.3385 -58.1424 9
v -97.9027 -57.1272 9
v -96.7472 -51.9323 9
v -83.6617 -54.8428 9
v -93.2017 -58.1728 9
v -92.6761 -58.2897 9
v -92.5195 -58.3246 9
v -84.8517 -60.1934 9
v -82.7213 -60.6679 9
v -81.5311 -55.3165 9
v -92.5541 -58.4804 9
v -93.5903 -63.139 10
v -86.0704 -65.6703 10
v -92.5541 -58.4804 10
v -84.8517 -60.1934 10
v -83.9394 -66.1444 10
v -82.7213 -60.6679 10
v -68.3426 -69.5784 4.26045e-15
v -74.3667 -68.2733 10
v -73.8571 -69.0542 10
v -74.5082 -68.9094 10
v -73.1488 -62.7976 10
v -68.5272 -70.2396 10
v -73.1304 -62.7144 10
v -73.0484 -62.7326 10
v -72.4793 -62.8593 10
v -72.4074 -62.8753 10
v -67.8537 -63.8882 10
v -68.4915 -70.2476 10
v -68.4832 -70.21 10
v -68.3426 -69.5784 10
v -68.3321 -69.531 10
v -67.2539 -64.6861 10
v -66.6824 -58.6191 10
v -65.1016 -65.1649 10
v -66.5329 -57.9466 10
v -64.6043 -58.3755 10
v -64.8206 -65.2274 10
v -61.992 -65.8565 10
v -59.7372 -59.4581 10
v -61.1995 -66.0328 10
v -60.5344 -63.0425 10
v -65.4033 -81.1937 9
v -68.4915 -70.2476 9
v -68.4832 -70.21 9
v -68.3426 -69.5784 9
v -68.3321 -69.531 9
v -67.2539 -64.6861 9
v -65.1016 -65.1649 9
v -61.992 -65.8565 9
v -64.8206 -65.2274 9
v -103.256 -49.6904 8
v -101.296 -53.0785 8
v -103.882 -52.5037 8
v -101.285 -53.0632 8
v -101.289 -53.0804 8
v -104.264 -54.2251 12
v -104.11 -56.483 12
v -104.736 -56.3439 12
v -103.882 -52.5037 12
v -101.007 -57.1733 12
v -101.296 -53.0785 12
v -101.289 -53.0804 12
v -101.285 -53.0632 12
v -100.663 -50.2672 12
v -98.927 -57.6358 12
v -99.3235 -50.565 12
v -96.5788 -51.1754 12
v -96.7472 -51.9323 12
v -97.6164 -55.8398 12
v -97.9027 -57.1272 12
v -100.087 -62.8514 12
v -99.9269 -63.1046 12
v -100.133 -63.0588 12
v -100.024 -62.5671 12
v -99.9817 -62.3785 12
v -94.9756 -64.2057 12
v -93.3385 -58.1424 12
v -94.4547 -63.8051 12
v -93.5903 -63.139 12
v -92.5541 -58.4804 12
v -93.2017 -58.1728 12
v -92.6761 -58.2897 12
v -92.5195 -58.3246 12
v -84.0108 -118.334 9
v -86.3781 -121.418 9
v -86.5415 -118.475 9
v -83.8486 -121.253 9
v -83.8472 -121.277 9
v -76.9357 -115.303 9
v -84.1569 -115.704 9
v -77.58 -115.931 9
v -82.3972 -121.172 9
v -77.2609 -120.887 9
v -83.8472 -121.277 10
v -86.2311 -124.061 10
v -86.3781 -121.418 10
v -83.7005 -123.92 10
v -82.3972 -121.172 10
v -83.8486 -121.253 10
v -83.543 -126.756 10
v -71.5214 -126.088 10
v -77.2478 -121.091 10
v -77.2609 -120.887 10
v -77.05 -121.078 10
v -76.4863 -121.042 10
v -76.3202 -121.031 10
v -71.8654 -120.744 10
v -67.3335 -123.985 10
v -67.5533 -125.563 10
v -67.627 -124.418 10
v -67.4761 -126.762 10
v -68.1646 -126.816 10
v -68.1651 -126.806 10
v -64.4127 -126.607 10
v -67.2253 -124.082 10
v -67.2146 -123.889 10
v -64.5731 -123.72 10
v -66.4143 -104.149 8
v -71.3829 -114.456 8
v -71.9384 -104.456 8
v -71.2924 -114.45 8
v -71.2865 -114.542 8
v -71.2523 -115.073 8
v -70.9363 -119.981 8
v -65.5541 -119.634 8
v -76.8118 -115.182 8
v -77.3908 -104.759 8
v -76.3985 -114.779 8
v -76.9357 -115.303 12
v -77.2609 -120.887 12
v -77.58 -115.931 12
v -77.2478 -121.091 12
v -77.05 -121.078 12
v -76.4863 -121.042 12
v -76.8118 -115.182 12
v -76.3985 -114.779 12
v -76.3202 -121.031 12
v -71.3829 -114.456 12
v -71.8654 -120.744 12
v -71.5214 -126.088 12
v -71.4615 -127.018 12
v -70.9363 -119.981 12
v -68.1651 -126.806 12
v -71.2523 -115.073 12
v -71.2924 -114.45 12
v -71.2865 -114.542 12
v -67.6591 -123.918 12
v -65.5541 -119.634 12
v -67.431 -123.903 12
v -67.2146 -123.889 12
v -64.5731 -123.72 12
v -64.8226 -119.587 12
v -64.5567 -123.718 12
v -67.5533 -125.563 12
v -67.4761 -126.762 12
v -67.627 -124.418 12
v -67.431 -123.903 11
v -67.627 -124.418 11
v -67.6591 -123.918 11
v -67.3335 -123.985 11
v 27.2428 83.0919 3
v 31.5079 78.9027 3
v 26.3863 81.0275 3
v 28.1833 85.3593 3
v 33.305 83.2345 3
v 32.3644 80.9673 3
v 38.0765 81.255 4
v 41.1388 76.4874 4
v 36.8387 78.2713 4
v 38.9265 83.3041 4
v 40.0334 82.8448 4
v 43.2265 81.5202 4
v 28.9297 92.4511 3
v 28.5291 86.5019 3
v 26.7652 87.2336 3
v 30.0287 85.8799 3
v 33.3989 90.5971 3
v 31.2344 85.3796 3
v 31.6292 86.3312 3
v 28.5291 86.5019 4
v 28.1833 85.3593 4
v 28.0739 85.4047 4
v 33.305 83.2345 4
v 30.0287 85.8799 4
v 31.2344 85.3796 4
v 31.6292 86.3312 4
v 35.1897 82.4527 4
v 27.2428 83.0919 4
v 27.1333 83.1373 4
v 34.2492 80.1853 4
v 32.3644 80.9673 4
v -141.072 -57.1125 3.49714e-15
v -142.746 -53.5391 9
v -141.072 -57.1125 9
v -143.594 -56.3528 9
v -140.226 -54.2983 9
v -141.858 -59.7248 9
v -144.38 -58.9648 9
v -127.001 -54.9918 9
v -123.473 -61.7878 9
v -128.584 -60.248 9
v -124.076 -45.2846 9
v -118.965 -46.8244 9
v -129.282 -43.7165 9
v -131.621 -53.5998 9
v -132.368 -53.9597 9
v -139.05 -57.7219 9
v -139.49 -51.8565 9
v -133.232 -54.3768 9
v -132.422 -53.986 9
v -133.256 -54.456 9
v -134.64 -59.0504 9
v -134.636 -59.0577 3.61624e-15
v -134.642 -59.056 9
v -130.954 -65.618 9
v -142.578 -62.1161 9
v -134.636 -59.0577 9
v -133.957 -59.266 9
v -133.941 -59.2709 9
v -129.974 -62.364 9
v -129.456 -60.6472 9
v -126.746 -65.3059 9
v -124.702 -68.7913 9
v -127.539 -67.9364 9
v -126.533 -65.1669 9
v -124.721 -68.7528 9
v -126.472 -65.1855 9
v -130.954 -65.618 12
v -128.676 -67.594 12
v -131.31 -66.8006 12
v -129.974 -62.364 12
v -129.456 -60.6472 12
v -134.64 -59.0504 12
v -134.636 -59.0577 12
v -134.642 -59.056 12
v -133.256 -54.456 12
v -133.957 -59.266 12
v -133.941 -59.2709 12
v -133.232 -54.3768 12
v -132.422 -53.986 12
v -132.368 -53.9597 12
v -131.621 -53.5998 12
v -127.001 -54.9918 12
v -128.584 -60.248 12
v -127.539 -67.9364 12
v -126.69 -65.1196 12
v -123.473 -61.7878 12
v -126.746 -65.3059 12
v -126.533 -65.1669 12
v -126.472 -65.1855 12
v -123.853 -65.9744 12
v -123.359 -64.3324 12
v -122.665 -62.0311 12
v -10.5971 78.6595 5
v -7.099 72.2172 5
v -12.3308 74.2957 5
v -5.4897 76.2677 5
v -5.3653 76.5807 5
v -6.3591 74.0794 5
v -2.621 72.5943 3
v -1.5299 69.7477 3
v -3.449 70.5101 3
v -0.7019 71.8317 3
v 2.728 65.546 3
v -2.3912 67.5798 3
v -0.6114 72.0597 3
v -0.326 71.9463 3
v 4.26 70.1243 3
v 3.5892 67.7138 3
v 4.4172 69.798 3
v 4.5077 70.0259 3
v 2.9076 72.9313 4
v 3.4811 71.7409 4
v 2.5773 72.1 4
v 4.6318 77.2712 4
v 3.5861 71.6993 4
v 4.9563 71.1548 4
v 8.9222 75.5666 4
v 6.8677 70.3953 4
v -5.4897 76.2677 3
v -6.3591 74.0794 3
v 2.9076 72.9313 3
v 2.5773 72.1 3
v 3.4811 71.7409 3
v 3.5861 71.6993 3
v 4.9563 71.1548 3
v -107.478 -92.0429 9
v -107.47 -94.7794 9
v -110.248 -92.2039 9
v -107.325 -94.6625 9
v -107.319 -94.7707 9
v -103.813 -98.7929 6.04932e-15
v -103.516 -103.899 6.362e-15
v -103.813 -98.7929 9
v -108.305 -114.895 9
v -109.222 -99.1073 9
v -102.895 -114.58 9
v -103.516 -103.899 9
v -103.481 -104.502 9
v -87.4457 -97.3744 10
v -97.3154 -102.882 10
v -97.6012 -97.9647 10
v -87.1218 -102.947 10
v -97.9188 -103.574 10
v -97.9231 -97.6676 5.98041e-15
v -105.773 -91.9438 13
v -107.325 -94.6625 13
v -107.478 -92.0429 13
v -107.319 -94.7707 13
v -107.47 -94.7794 13
v -110.007 -96.3443 13
v -110.09 -94.9317 13
v -109.845 -99.1436 13
v -109.222 -99.1073 13
v -103.813 -98.7929 13
v -103.381 -91.8047 13
v -103.516 -103.899 13
v -103.481 -104.502 13
v -103.098 -96.6727 13
v -103.023 -97.9641 13
v -98.4742 -104.211 13
v -103.33 -92.6773 13
v -103.115 -96.3796 13
v -99.342 -97.7501 13
v -98.7022 -97.7129 13
v -98.4449 -97.6979 13
v -98.0918 -103.773 13
v -97.9231 -97.6676 13
v -97.9188 -103.574 13
v -97.6195 -97.65 13
v -97.3154 -102.882 13
v -97.6012 -97.9647 13
v -87.7712 -91.773 10
v -103.115 -96.3796 10
v -103.33 -92.6773 10
v -103.098 -96.6727 10
v -103.023 -97.9641 10
v -99.342 -97.7501 10
v -98.7022 -97.7129 10
v -98.4449 -97.6979 10
v -97.9231 -97.6676 10
v -97.6195 -97.65 10
v -98.4742 -104.211 10
v -102.895 -114.58 10
v -103.481 -104.502 10
v -97.4821 -114.266 10
v -98.0918 -103.773 10
v 134.267 -84.1412 4
v 143.746 -95.1437 4
v 131.785 -88.8854 4
v 144.559 -93.593 4
v 147.962 -91.307 4
v 146.292 -94.4997 4
v 158.57 -97.4677 42
v 152.843 -115.028 42
v 151.687 -110.623 42
v 153.321 -116.847 42
v 153.386 -117.094 42
v 154.118 -115.695 42
v 163.083 -98.561 42
v 159.998 -96.9467 42
v 163.75 -95.5765 42
v 164.856 -95.1731 42
v 153.409 -89.1842 5.46095e-15
v 150.838 -85.8106 39
v 151.025 -87.9369 39
v 150.005 -87.403 39
v 154.32 -87.6321 39
v 153.409 -89.1842 39
v 153.91 -88.4115 39
v 155.087 -90.0622 39
v 161.866 -92.5744 39
v 161.505 -93.42 39
v 164.856 -95.1731 39
v 162.298 -91.8063 39
v 165.689 -93.5807 39
v 136.87 -79.1663 4
v 148.1 -86.8367 4
v 148.838 -85.428 4
v 148.232 -90.7908 4
v 149.829 -87.7399 4
v 147.507 -108.436 6.63977e-15
v 140.542 -108.591 42
v 141.173 -110.704 42
v 138.535 -109.324 42
v 144.82 -107.03 42
v 141.921 -111.096 42
v 149.993 -115.319 42
v 147.507 -108.436 42
v 150.744 -115.712 42
v 139.268 -107.924 42
v 146.292 -94.4997 42
v 151.703 -93.8748 42
v 147.962 -91.307 42
v 148.232 -90.7908 42
v 149.829 -87.7399 42
v 151.318 -92.4051 42
v 150.142 -87.9249 42
v 150.005 -87.403 42
v 150.136 -87.9001 42
v 151.32 -92.4129 42
v 151.025 -87.9369 42
v 153.409 -89.1842 42
v 152.811 -94.4543 42
v 155.087 -90.0622 42
v 161.505 -93.42 42
v 22.8331 -3.32825 11
v 43.4956 -20.912 11
v 20.0775 -8.54725 11
v 43.9099 -14.4567 11
v 46.3003 -22.3928 11
v 46.2512 -15.6929 11
v 49.0559 -17.1739 11
v 48.5587 -18.1155 11
v 46.3003 -22.3928 10
v 85.0133 -43.7293 10
v 45.9316 -23.094 10
v 48.5587 -18.1155 10
v 85.3017 -37.5159 10
v 86.89 -40.1748 10
v 87.6416 -38.7514 10
v 49.0559 -17.1739 10
v 51.2395 -13.0382 10
v 87.9825 -32.4385 10
v 90.3225 -33.6739 10
v 25.4314 1.59275 10
v 43.9099 -14.4567 10
v 22.8331 -3.32825 10
v 51.6542 -12.253 10
v 46.2512 -15.6929 10
v 138.535 -109.324 39
v 141.165 -112.536 39
v 137.781 -110.765 39
v 141.173 -110.704 39
v 141.518 -111.864 39
v 141.921 -111.096 39
v 149.591 -116.088 39
v 152.632 -118.536 39
v 149.238 -116.76 39
v 149.993 -115.319 39
v 150.744 -115.712 39
v 153.386 -117.094 39
v -41.1441 -25.8556 1.5832e-15
v -38.0247 -16.7357 1.02477e-15
v -43.2791 -24.3899 1.49345e-15
v -35.8897 -18.2014 1.11451e-15
v -38.0247 -16.7357 3
v -41.1441 -25.8556 3
v -43.2791 -24.3899 3
v -35.8897 -18.2014 3
v -39.0667 -27.2816 1.67052e-15
v -33.8123 -19.6274 1.20183e-15
v -39.0667 -27.2816 3
v -33.8123 -19.6274 3
v -49.0213 132.762 20
v -46.8946 129.057 20
v -50.0487 131.346 20
v -45.8675 130.473 20
v -43.8717 126.685 21
v -41.3046 122.568 21
v -44.9453 125.21 21
v -40.233 124.045 21
v -1.7682 141.599 -8.67043e-15
v -14.7206 148.864 23
v -15.9511 144.917 23
v -16.8902 148.497 23
v -5.0831 137.029 23
v -12.9483 149.164 23
v -12.6871 149.524 23
v -11.7365 148.834 23
v -1.7682 141.599 23
v 8.7453 125.265 19
v 9.6352 123.245 19
v 8.4037 124.877 19
v 9.8267 126.493 19
v 10.7963 125.377 19
v 11.3526 124.736 19
v 10.4051 125.827 19
v 10.7259 125.458 19
v 26.8434 107 19
v 33.0256 102.248 19
v 25.6848 105.23 19
v 28.8446 106.187 19
v 30.1528 105.656 19
v 31.4493 105.129 19
v 31.6542 105.046 19
v 33.367 104.35 19
v 33.1905 102.656 19
v 33.8063 104.172 19
v 33.5475 104.277 19
v 36.7066 101.227 22
v 40.6781 99.3293 22
v 36.6059 100.979 22
v 40.7773 99.5742 22
v 40.0577 97.798 22
v 35.9855 99.4476 22
v 48.1028 70.1663 23
v 49.4829 65.486 23
v 46.6687 66.626 23
v 53.3705 68.0323 23
v 51.9362 64.4921 23
v 52.58 66.0811 23
v 49.4829 65.486 19
v 50.9263 61.9984 19
v 48.4727 62.9926 19
v 51.1255 62.4903 19
v 51.9362 64.4921 19
v 51.1255 62.4903 23
v 53.2053 61.0752 23
v 50.9263 61.9984 23
v 54.2154 63.5686 23
v 59.4549 99.7812 28
v 59.2986 99.1492 28
v 59.2474 99.269 28
v 60.4094 96.5524 28
v 59.4563 99.7848 28
v 61.5222 104.884 28
v 60.4834 96.3795 28
v 60.5533 96.216 28
v 60.7311 95.8002 28
v 61.1349 94.856 28
v 61.3556 94.3402 28
v 61.3964 94.2447 28
v 62.4239 91.8428 28
v 61.8269 105.636 28
v 63.8837 97.7583 28
v 66.3351 103.81 28
v 62.8855 91.6559 28
v 64.5767 96.1954 28
v 67.9697 89.5961 28
v 70.4987 93.7964 28
v 68.6804 89.3081 28
v 26.7845 115.502 19
v 26.6256 111.664 19
v 24.7938 113.773 19
v 28.5011 109.504 19
v 26.7965 115.512 19
v 30.1005 111.707 19
v 11.6901 128.569 -7.87259e-15
v 13.5984 130.687 22
v 13.4426 126.551 22
v 11.6901 128.569 22
v 14.535 125.293 22
v 15.5789 128.406 22
v 16.6713 127.148 22
v 10.9257 132.389 22
v 10.3196 129.563 22
v 9.3739 130.25 22
v 11.0386 132.544 22
v -5.0831 137.029 25
v -2.5916 133.214 25
v -6.0373 135.714 25
v -1.7682 141.599 25
v -1.7069 134.434 25
v 0.8917 139.669 25
v 1.1529 132.359 25
v 3.4314 143.169 25
v 7.4427 140.259 25
v 5.1964 136.545 25
v 5.0353 142.005 25
v 7.4957 139.714 25
v 7.7366 140.046 25
v 3.733 128.626 25
v 0.2678 131.14 25
v 4.9398 142.075 25
v 3.8643 128.806 25
v 4.8208 130.125 25
v 5.3941 130.915 25
v 8.002 134.51 25
v -12.0557 150.394 -9.20899e-15
v -12.0557 150.394 24
v -11.7365 148.834 24
v -12.6871 149.524 24
v -9.5873 153.796 24
v -1.7682 141.599 24
v 3.9935 143.94 24
v 3.4314 143.169 24
v 0.8917 139.669 24
v -46.4901 140.719 22
v -45.7735 137.237 22
v -47.8983 138.779 22
v -44.3652 139.177 22
v -45.7359 137.288 22
v -47.2088 135.259 22
v -49.3337 136.801 22
v -41.4905 126.996 21
v -40.4269 124.751 21
v -40.6106 124.498 21
v -39.7267 125.716 21
v -43.7871 126.802 21
v -43.4536 126.56 21
v -42.57 127.779 21
v -40.1479 124.162 21
v -45.8675 130.473 24
v -45.9456 128.368 24
v -46.8946 129.057 24
v -43.7871 126.802 24
v -45.1529 131.458 24
v -42.5828 135 24
v -43.4536 126.56 24
v -42.57 127.779 24
v -39.823 132.999 24
v -41.4905 126.996 24
v -39.7267 125.716 24
v -37.9797 135.539 24
v -40.4269 124.751 24
v -40.1479 124.162 24
v -40.6106 124.498 24
v -37.0308 121.9 24
v -37.5833 136.086 24
v -36.998 136.892 24
v -36.5233 122.599 24
v -36.1806 137.017 24
v -34.2458 125.735 24
v -35.9874 137.047 24
v -35.0108 137.197 24
v -34.829 137.065 24
v -31.1271 134.379 24
v -34.1691 125.841 24
v -34.1173 125.803 24
v -30.9379 123.496 24
v -29.1141 137.153 24
v -30.3959 123.102 24
v -29.1293 127.45 24
v -26.9765 130.418 24
v -24.7251 133.968 24
v -25.7396 129.52 24
v -23.2755 132.917 24
v -27.8924 126.553 24
v -34.2458 125.735 18
v -33.2911 120.253 18
v -36.5233 122.599 18
v -34.1691 125.841 18
v -34.1173 125.803 18
v -25.7361 151.172 23
v -35.0108 137.197 23
v -35.9874 137.047 23
v -34.829 137.065 23
v -31.1271 134.379 23
v -29.1141 137.153 23
v -21.8759 147.126 23
v -22.0072 148.466 23
v -21.2839 147.942 23
v -16.8948 144.757 -8.86384e-15
v -18.999 146.284 -8.95731e-15
v -24.7251 133.968 23
v -16.8948 144.757 23
v -18.999 146.284 23
v -21.0734 147.789 23
v -19.1849 148.109 -9.06903e-15
v -20.1286 147.949 23
v -19.1849 148.109 23
v -18.4966 148.225 23
v -18.1575 148.282 23
v -17.0519 148.469 23
v 10.683 117.739 19
v 9.9091 109.783 19
v 6.303 113.936 19
v 14.2891 113.586 19
v 15.5307 117.17 19
v 18.0307 116.835 19
v 17.9903 116.882 19
v 13.141 106.061 19
v 17.521 109.865 19
v 17.9129 114.841 19
v 18.0668 116.794 19
v 20.5444 106.383 19
v 19.3353 115.333 19
v 19.4577 115.192 19
v 19.8086 115.497 19
v 21.6135 113.418 19
v 22.9041 108.432 19
v 22.805 112.046 19
v 23.9284 110.752 19
v 24.4394 109.765 19
v 24.6247 109.951 19
v 24.6368 109.937 19
v 7.5069 121.397 19
v 11.5994 124.95 19
v 12.3768 124.055 19
v 12.6917 123.693 19
v 14.7633 121.307 19
v 14.7755 121.293 19
v 15.9853 119.191 19
v 16.3363 119.495 19
v 16.1607 118.989 19
v 34.2359 105.23 -6.44345e-15
v 40.5407 111.697 -6.83947e-15
v 45.3072 109.565 -6.70889e-15
v 45.0318 110.308 22
v 43.9 106.099 22
v 41.0621 111.92 22
v 45.3072 109.565 22
v 45.5274 110.107 22
v 33.8063 104.172 22
v 34.0363 102.312 22
v 33.1905 102.656 22
v 34.2359 105.23 22
v 35.9074 109.345 22
v 39.065 108.063 22
v 40.5218 111.651 22
v 40.5407 111.697 22
v 40.6924 112.071 22
v 44.3502 98.123 22
v 44.966 99.639 22
v 47.0673 104.812 22
v 57.7306 93.6287 -5.73311e-15
v 57.8799 95.9353 25
v 57.7306 93.6287 25
v 57.3029 94.6283 25
v 57.7331 93.6279 25
v 58.7056 93.3004 25
v 59.2096 98.9475 25
v 59.419 93.0601 25
v 59.2986 99.1492 25
v 60.4094 96.5524 25
v 60.7311 95.8002 25
v 61.1349 94.856 25
v 61.3964 94.2447 25
v 62.4239 91.8428 25
v 60.5533 96.216 25
v 60.4834 96.3795 25
v 61.3556 94.3402 25
v 57.7306 93.6287 26
v 57.8655 79.2635 26
v 52.7505 81.3354 26
v 57.7331 93.6279 26
v 58.7056 93.3004 26
v 62.6945 91.1842 26
v 59.419 93.0601 26
v 62.4239 91.8428 26
v 62.8855 91.6559 26
v 49.7889 75.0781 -4.5972e-15
v 49.6042 78.4591 27
v 49.8352 77.8671 27
v 49.4308 78.031 27
v 51.0487 82.0249 27
v 50.2474 77.7001 27
v 50.7663 77.4899 27
v 47.9645 74.4115 27
v 48.1028 70.1663 27
v 46.5067 70.8128 27
v 48.121 74.7977 27
v 53.3705 68.0323 27
v 48.5481 74.6247 27
v 49.4561 74.2569 27
v 49.7889 75.0781 27
v 50.367 76.5044 27
v 50.6561 77.2177 27
v 52.7505 81.3354 27
v 57.8655 79.2635 27
v 54.6517 71.1946 27
v 56.6011 76.0079 27
v 57.8949 79.2018 27
v 57.9122 79.2446 27
v 57.8984 79.2104 27
v 58.1943 69.7596 27
v 60.0986 74.5913 27
v 58.5629 69.6102 27
v 58.6654 69.5687 27
v 58.8358 69.9894 27
v 59.5975 71.8695 27
v 60.0437 72.9714 27
v 60.4241 73.9103 27
v 60.6152 74.382 27
v 54.6517 71.1946 23
v 56.9093 62.4772 23
v 58.1943 69.7596 23
v 58.5629 69.6102 23
v 58.6654 69.5687 23
v 59.7952 69.6007 23
v 58.8358 69.9894 23
v 57.9122 79.2446 26
v 60.0986 74.5913 26
v 60.6152 74.382 26
v 61.4477 73.4956 26
v 67.9697 89.5961 26
v 60.4241 73.9103 26
v 57.8949 79.2018 26
v 56.6011 76.0079 26
v 57.8984 79.2104 26
v 32.2537 110.829 -6.78632e-15
v 31.2605 108.383 19
v 32.2542 110.833 19
v 32.2537 110.829 19
v 18.877 121.702 -7.45208e-15
v 16.3363 119.495 22
v 16.1607 118.989 22
v 15.9853 119.191 22
v 17.9903 116.882 22
v 18.877 121.702 22
v 18.0307 116.835 22
v 18.0668 116.794 22
v 19.3353 115.333 22
v 19.568 122.302 22
v 19.4577 115.192 22
v 19.8086 115.497 22
v 19.9924 121.813 22
v 22.5335 117.863 22
v 22.7047 118.69 22
v 23.0403 118.303 22
v 8.0015 141.033 24
v 7.7366 140.046 24
v 7.4427 140.259 24
v 7.4957 139.714 24
v 8.002 134.51 24
v 5.1964 136.545 24
v 14.0256 136.663 24
v 9.4206 133.48 24
v 10.9257 132.389 24
v 11.0386 132.544 24
v -23.5635 155.408 26
v -25.7361 151.172 26
v -26.3261 151.6 26
v -22.0072 148.466 26
v -18.6083 151.811 26
v -21.2839 147.942 26
v -21.0734 147.789 26
v -20.1286 147.949 26
v -19.1849 148.109 26
v -18.4966 148.225 26
v -16.7245 152.26 26
v -18.1575 148.282 26
v -17.0519 148.469 26
v -16.8902 148.497 26
v -14.7206 148.864 26
v -13.0674 157.297 26
v -12.9483 149.164 26
v -9.1235 154.436 26
v -12.0557 150.394 26
v -12.6871 149.524 26
v -9.5873 153.796 26
v -44.3652 139.177 23
v -44.3951 136.315 23
v -45.7359 137.288 23
v -42.5828 135 23
v -42.5681 141.653 23
v -39.823 132.999 23
v -37.9797 135.539 23
v -36.998 136.892 23
v -36.1806 137.017 23
v -37.5833 136.086 23
v -48.3066 133.746 22
v -45.8675 130.473 22
v -49.0213 132.762 22
v -45.1529 131.458 22
v -44.3951 136.315 22
v -42.5828 135 22
v 9.4206 133.48 22
v 8.002 134.51 22
v 5.3941 130.915 22
v 6.2395 129.096 22
v 4.8208 130.125 22
v 7.7447 128.004 22
v 9.8267 126.493 22
v 10.4005 127.132 22
v 10.4825 127.223 22
v 11.6877 128.565 22
v 10.4005 127.132 19
v 10.4825 127.223 19
v 11.6877 128.565 19
v 11.8695 125.185 19
v 11.6901 128.569 19
v 13.4426 126.551 19
v 13.4253 126.536 19
v 13.4326 126.528 19
v 13.4356 126.524 19
v 13.4553 126.501 19
v 14.535 125.293 19
v 14.5175 125.278 19
v 26.6221 111.662 -6.83731e-15
v 23.4525 119.339 19
v 23.0403 118.303 19
v 22.7047 118.69 19
v 22.5335 117.863 19
v 24.7907 113.771 19
v 25.0593 110.304 19
v 24.7923 113.769 19
v 26.6198 111.664 19
v 26.6221 111.662 19
v 16.6713 127.148 19
v 18.877 121.702 19
v 19.568 122.302 19
v 20.7403 122.462 19
v 19.9924 121.813 19
v 26.8394 107.001 19
v 28.4976 109.499 19
v 27.4838 107.972 19
v 27.1957 107.538 19
v 30.5824 106.713 19
v 34.1874 110.044 19
v 34.3248 115.93 19
v 35.4681 109.524 19
v 41.4378 113.041 19
v 35.9074 109.345 19
v 40.6924 112.071 19
v 40.5218 111.651 19
v 39.065 108.063 19
v 40.5407 111.697 19
v 41.0621 111.92 19
v 45.4762 111.401 22
v 61.5222 104.884 22
v 58.648 100.109 22
v 59.4563 99.7848 22
v 59.4549 99.7812 22
v 47.7976 79.1911 22
v 47.9645 74.4115 22
v 46.1579 75.1432 22
v 49.6042 78.4591 22
v 48.121 74.7977 22
v 49.4308 78.031 22
v 48.5481 74.6247 22
v 49.4561 74.2569 22
v 49.8352 77.8671 22
v 49.7889 75.0781 22
v 50.367 76.5044 22
v 50.2474 77.7001 22
v 50.7663 77.4899 22
v 50.6561 77.2177 22
v 34.2359 105.23 19
v 57.3029 94.6283 22
v 57.8799 95.9353 22
v 59.2096 98.9475 22
v 59.2474 99.269 22
v 59.2986 99.1492 22
v -132.209 -25.935 6
v -119.448 -35.5581 6
v -133.808 -31.1915 6
v -114.437 -31.3391 6
v -116.036 -36.5956 6
v -131.556 -37.6354 6
v -135.411 -36.4633 6
v -131.157 -36.3242 6
v -121.299 -39.3216 6
v -117.639 -41.8672 6
v -121.698 -40.633 6
v -15.9947 -135.733 8.31126e-15
v -7.578 -106.863 12
v -15.9947 -135.733 12
v -21.2446 -132.987 12
v -6.7104 -107.413 12
v -2.3679 -109.685 12
v -10.9781 -138.358 12
v -1.3913 -110.196 12
v 2.649 -112.309 12
v -0.1703 -107.862 12
v 4.2284 -99.4532 12
v 3.626 -112.82 12
v 24.1854 -73.5203 12
v 19.168 -70.8956 12
v -5.4893 -105.079 11
v -2.3679 -109.685 11
v -6.7104 -107.413 11
v 13.8489 -68.1129 11
v -1.3913 -110.196 11
v -0.1703 -107.862 11
v 4.2284 -99.4532 11
v 19.168 -70.8956 11
v -148.213 -2.36135 1.44591e-16
v -141.138 11.5066 -7.04573e-16
v -141.138 11.5066 7
v -148.213 -2.36135 7
v -148.376 -2.27565 7
v -141.109 11.4917 7
v -138.685 -7.36505 4.50979e-16
v -133.652 2.14715 -1.31475e-16
v -133.834 2.09625 9
v -138.631 -7.39375 9
v -138.685 -7.36505 9
v -133.627 2.13405 9
v -133.652 2.14715 9
v -123.979 -2.50345 1.53292e-16
v -115.236 -6.98685 4.27821e-16
v -123.979 -2.50345 7
v -115.458 -7.40815 7
v -124.156 -2.83985 7
v -115.236 -6.98685 7
v -119.748 -17.3355 1.06149e-15
v -115.12 -8.31055 5.08874e-16
v -115.091 -19.7361 1.20849e-15
v -118.732 -17.8692 1.09417e-15
v -115.27 -8.23155 7
v -119.748 -17.3355 7
v -119.986 -17.2106 7
v -115.12 -8.31055 7
v -115.091 -19.7361 7
v -115.109 -19.7715 7
v -118.732 -17.8692 7
v -133.262 2.25635 9
v -126.299 -1.71415 9
v -124.749 -2.10875 9
v -124.156 -2.83985 9
v -123.999 -2.49365 9
v -123.979 -2.50345 9
v -105.639 0.11525 -7.05703e-18
v -105.324 0.47065 -2.8819e-17
v -103.12 -8.32935 5.10026e-16
v -102.34 -8.55475 5.23827e-16
v -105.425 0.52335 10
v -105.534 0.06145 10
v -105.639 0.11525 10
v -105.324 0.47065 10
v -115.458 -7.40815 10
v -115.27 -8.23155 10
v -115.756 -7.97655 10
v -115.236 -6.98685 10
v -115.12 -8.31055 10
v -115.132 -7.04025 10
v -114.885 -7.85285 10
v -103.049 -8.19115 10
v -102.88 -8.45565 10
v -103.12 -8.32935 10
v -102.34 -8.55475 10
v -102.416 -8.69905 10
v -115.091 -19.7361 8
v -110.182 -22.3594 8
v -115.109 -19.7715 8
v -115.038 -19.7634 8
v -110.244 -22.2216 8
v -103.12 -8.32935 8
v -102.88 -8.45565 8
v -99.2741 -2.70685 1.65747e-16
v -99.2763 -2.71105 1.66004e-16
v -99.2703 -2.70885 7
v -99.2763 -2.71105 7
v -99.2741 -2.70685 7
v -128.85 12.0177 -7.35875e-16
v -132.841 14.1137 -8.64218e-16
v -128.85 12.0177 9
v -132.861 14.0747 9
v -132.841 14.1137 9
v 101.249 -27.2437 1.6682e-15
v 100.319 -2.00185 1.22578e-16
v 90.0181 -21.2258 1.2997e-15
v 101.516 0.23125 -1.416e-17
v 110.895 -9.24155 5.65882e-16
v 111.361 -5.04455 3.0889e-16
v 111.55 -8.01975 4.91068e-16
v 112.746 -5.78675 3.54336e-16
v 100.319 -2.00185 7
v 101.249 -27.2437 7
v 90.0181 -21.2258 7
v 101.516 0.23125 7
v 110.895 -9.24155 7
v 111.361 -5.04455 7
v 111.55 -8.01975 7
v 112.746 -5.78675 7
v 103.431 3.80675 -2.33096e-16
v 113.277 -1.46905 8.99534e-17
v 114.662 -2.21125 1.354e-16
v 103.431 3.80675 4
v 111.361 -5.04455 4
v 101.516 0.23125 4
v 113.277 -1.46905 4
v 112.746 -5.78675 4
v 114.662 -2.21125 4
v -67.5996 -88.0756 6
v -86.0403 -94.4129 6
v -86.2752 -88.8667 6
v -67.3647 -93.6218 6
v -81.4844 -98.3414 6
v -85.8101 -99.8477 6
v -71.3703 -97.9129 6
v -71.3144 -99.2336 6
v -67.1345 -99.0567 6
v -81.4285 -99.6621 6
v 47.8391 136.279 -8.34465e-15
v 51.5974 153.983 -9.42874e-15
v 41.9034 140.568 -8.60729e-15
v 57.533 149.694 -9.1661e-15
v 51.5974 153.983 6
v 47.8391 136.279 6
v 41.9034 140.568 6
v 57.533 149.694 6
v -87.106 6.54905 14
v -85.9249 3.43085 14
v -88.1346 4.59265 14
v -86.6576 6.31335 14
v -84.8963 5.38735 14
v -84.7319 5.69975 -3.49009e-16
v -84.0274 -0.95165 14
v -87.319 0.77895 14
v -84.7319 5.69975 14
v -82.8284 4.69895 14
v -81.4403 3.96925 14
v -61.9647 19.9845 14
v -63.466 5.51005 14
v -68.2517 8.02605 14
v -62.3555 8.83965 14
v -59.3662 14.5257 14
v -57.179 17.4686 14
v -58.8647 14.2621 14
v -61.8541 8.57595 14
v -53.5227 20.4568 16
v -52.0449 19.1591 16
v -53.7372 20.0486 16
v -53.2389 20.9965 16
v -51.8719 23.5966 16
v -50.0312 22.9892 16
v -51.7234 23.879 16
v -54.5168 34.444 12
v -51.5256 28.2204 12
v -56.4326 30.8002 12
v -51.8235 39.5673 12
v -51.6609 39.4819 12
v -51.6096 39.5887 12
v -51.5979 39.6131 12
v -50.1025 42.7289 12
v -46.2394 40.6998 12
v -45.2121 40.2293 12
v -25.3319 61.2154 18
v -20.7075 53.5596 18
v -27.6918 56.7227 18
v -18.7993 58.257 18
v -16.5294 43.6495 21
v -12.9336 40.5087 21
v -17.1152 42.2075 21
v -12.3478 41.9507 21
v -20.7406 53.4866 19
v -19.3722 46.9457 19
v -22.8274 48.3492 19
v -20.7376 53.4855 19
v -17.2854 52.0832 19
v -6.0279 47.5102 19
v 1.0502 38.6499 19
v -8.1147 42.3728 19
v 3.137 43.7874 19
v 3.8024 35.3554 22
v 7.223 32.1127 22
v 3.1562 33.7647 22
v 7.9044 33.6893 22
v 21.3312 42.45 22
v 21.251 37.8049 22
v 19.7002 38.4348 22
v 22.8819 41.8201 22
v 19.3994 58.2268 -3.56536e-15
v 19.3994 58.2268 20
v 20.7644 46.9173 20
v 15.6486 48.9954 20
v 20.7438 61.5386 20
v 24.9865 59.8152 20
v 25.8596 59.4605 20
v 24.1311 76.2809 20
v 24.9585 73.0709 20
v 23.129 73.8141 20
v 28.8001 74.3842 20
v 25.4466 72.8726 20
v 25.9418 72.6714 20
v 27.798 71.9173 20
v 20.2694 74.9757 20
v 24.0148 69.3479 20
v 18.8376 71.451 20
v 25.1792 72.2144 20
v 15.6867 68.4481 23
v 16.1577 67.9065 23
v 15.5645 68.1475 23
v 17.18 72.1244 23
v 17.0007 67.564 23
v 14.1659 64.7044 23
v 14.3544 60.2758 23
v 12.6484 60.9689 23
v 14.2974 65.0281 23
v 14.6802 64.8726 23
v 19.3994 58.2268 23
v 15.0003 64.7426 23
v 15.7323 64.4454 23
v 15.8695 64.7827 23
v 16.0944 65.3357 23
v 16.827 67.1369 23
v 18.8376 71.451 23
v 20.7438 61.5386 23
v 24.0148 69.3479 23
v 22.749 66.184 23
v 24.0266 69.3259 23
v 24.0327 69.3406 23
v 24.9865 59.8152 23
v 26.5414 64.6436 23
v 25.6766 61.514 23
v 26.1096 62.58 23
v 26.7729 64.2127 23
v 26.8153 64.5323 23
v 26.8903 64.5019 23
v -26.2073 67.9039 19
v -25.2989 61.2781 19
v -28.7385 63.0847 19
v -22.7677 66.0971 19
v -29.369 71.6281 -4.38595e-15
v -31.846 75.1658 21
v -32.1656 73.0974 21
v -32.7672 73.4134 21
v -29.369 71.6281 21
v -27.7592 73.0172 21
v -28.6795 71.2668 21
v -46.8517 61.1452 -3.74407e-15
v -48.2652 62.4423 19
v -48.4314 58.1379 19
v -50.0732 59.0003 19
v -46.8517 61.1452 19
v -46.6234 61.5799 19
v -48.3139 58.0763 11
v -46.1704 50.2039 11
v -51.0932 52.7897 11
v -47.4994 57.6484 11
v -43.5557 55.5769 11
v -43.3911 55.4905 11
v -85.918 8.81355 14
v -87.108 6.55005 14
v -83.7063 7.65085 14
v -82.1997 10.5165 14
v -75.9581 6.49835 14
v -75.111 6.78975 14
v -76.0173 6.38595 14
v -78.1875 2.25915 14
v -75.483 6.62405 14
v -75.1669 6.70765 14
v -75.1522 6.71155 14
v -75.0902 6.72795 14
v -75.0689 6.73355 -4.12311e-16
v -84.0274 -0.95165 17
v -81.2267 -4.39295 17
v -84.8383 -2.49425 17
v -81.4403 3.96925 17
v -78.1875 2.25915 17
v -81.0254 -4.49875 17
v -80.3804 -3.27085 17
v -77.1434 -4.97265 17
v -76.0173 6.38595 17
v -77.2738 -6.47115 17
v -77.7883 -6.20065 17
v -74.0112 -8.18645 17
v -75.9581 6.49835 17
v -75.483 6.62405 17
v -75.1669 6.70765 17
v -75.1522 6.71155 17
v -75.0902 6.72795 17
v -75.0689 6.73355 17
v -75.0257 6.74495 17
v -74.31 6.93415 17
v -74.2889 6.93975 17
v -74.2863 6.93845 17
v -71.619 5.53615 17
v -71.8207 -4.02135 17
v -67.5137 -6.28585 17
v -70.2537 4.81835 17
v -68.7669 7.64515 17
v -68.5995 7.96335 17
v -68.4983 8.15575 17
v -68.2517 8.02605 17
v -66.8879 -1.62025 17
v -63.466 5.51005 17
v -65.377 1.25235 17
v -63.9462 0.50005 17
v -61.7786 4.62295 17
v -65.4565 -2.37275 17
v -54.3249 22.6471 -1.38674e-15
v -64.23 25.2842 16
v -64.1231 25.0342 16
v -64.3098 25.1322 16
v -63.4992 26.6742 16
v -60.5782 23.1724 16
v -63.0091 27.6062 16
v -62.06 29.4115 16
v -61.9667 29.589 16
v -61.7667 29.484 16
v -58.2372 27.6303 16
v -62.0935 20.2859 16
v -61.9647 19.9845 16
v -62.1896 20.1029 16
v -57.179 17.4686 16
v -56.5933 30.7605 16
v -55.5451 16.6096 16
v -56.5824 30.7813 16
v -56.5422 30.8578 16
v -56.4326 30.8002 16
v -55.0533 21.2605 16
v -51.5256 28.2204 16
v -54.7255 21.8845 16
v -54.3249 22.6471 16
v -54.0249 23.2184 16
v -53.4036 24.401 16
v -51.5095 24.2859 16
v -49.8924 27.3618 16
v -54.0125 19.525 16
v -56.0976 46.5112 -2.84799e-15
v -54.649 50.1919 15
v -54.4934 49.7477 15
v -54.7983 49.9078 15
v -52.8106 53.6919 15
v -54.2449 49.617 15
v -53.4236 49.1857 15
v -56.6515 46.3794 15
v -56.7037 42.1307 15
v -58.4119 43.0281 15
v -51.8235 39.5673 15
v -56.4774 46.7107 15
v -56.0976 46.5112 15
v -55.1028 45.9888 15
v -54.647 46.8563 15
v -53.9471 48.1889 15
v -53.6451 48.764 15
v -51.0932 52.7897 15
v -51.6609 39.4819 15
v -51.6096 39.5887 15
v -51.5979 39.6131 15
v -50.1025 42.7289 15
v -46.1704 50.2039 15
v -47.7122 47.2713 15
v -46.2394 40.6998 15
v -44.4928 45.5804 15
v -45.1861 42.705 15
v -44.7219 43.5889 15
v -44.159 44.6604 15
v -43.8524 45.2439 15
v -44.4928 45.5804 11
v -47.7122 47.2713 11
v -43.8524 45.2439 11
v -43.262 44.1889 11
v -44.159 44.6604 11
v -38.7535 53.0545 11
v -38.634 52.9918 11
v -38.666 53.0087 11
v -34.1807 60.3486 19
v -27.7983 56.52 19
v -34.7417 60.1671 19
v -34.1164 60.471 19
v -33.367 61.8976 19
v -31.8774 64.7336 19
v -25.3319 61.2154 19
v -27.6918 56.7227 19
v -12.3317 43.8203 21
v -12.7615 42.5196 21
v -15.4475 45.0857 21
v -12.2459 43.7854 21
v -16.3897 43.9935 21
v -15.9632 43.8203 21
v -15.9011 43.9725 21
v -12.2081 42.2948 21
v -12.088 54.8854 22
v -8.686 49.7936 22
v -9.1059 48.7606 22
v -7.3915 52.9778 22
v -19.3722 46.9457 22
v -16.3897 43.9935 22
v -19.9792 45.4515 22
v -17.2854 52.0832 22
v -13.8007 50.6675 22
v -15.9632 43.8203 22
v -15.9011 43.9725 22
v -15.4475 45.0857 22
v -12.3317 43.8203 22
v -12.9913 52.6609 22
v -12.7411 53.2771 22
v -12.2459 43.7854 22
v -12.2081 42.2948 22
v -8.7217 40.8787 22
v -6.0279 47.5102 22
v -8.1147 42.3728 22
v -12.7615 42.5196 22
v -20.7075 53.5596 19
v -18.7993 58.257 19
v -18.7317 58.4233 19
v -12.088 54.8854 19
v 8.9469 47.1799 19
v -12.7411 53.2771 19
v -13.8007 50.6675 19
v -12.9913 52.6609 19
v -7.3915 52.9778 19
v 8.06 46.791 19
v 6.3151 42.4965 19
v 7.9913 46.6219 19
v -8.686 49.7936 19
v -9.1059 48.7606 19
v 13.481 36.9192 -2.26065e-15
v 13.481 36.9192 20
v 15.5191 31.7254 20
v 13.4528 36.8522 20
v 17.1048 35.447 20
v 15.556 31.6342 20
v 19.1841 39.2197 -2.40151e-15
v 15.6442 48.9933 -2.99998e-15
v 20.7065 42.2477 -2.58692e-15
v 20.8765 42.3028 -2.5903e-15
v 5.5119 36.3148 -2.22364e-15
v 1.0502 38.6499 22
v 3.8956 35.5847 22
v 0.3844 37.011 22
v 3.137 43.7874 22
v 6.3151 42.4965 22
v 4.0785 35.5104 22
v 4.4299 35.3676 22
v 4.6089 35.8081 22
v 4.6709 35.9605 22
v 4.9137 36.5579 22
v 5.4521 36.3391 22
v 5.5119 36.3148 22
v 6.7011 35.8317 22
v 7.9913 46.6219 22
v 6.7952 35.7936 22
v 8.0464 35.2852 22
v 8.06 46.791 22
v 7.6105 34.2124 22
v 7.71 34.0352 22
v 7.5628 34.0951 22
v 7.6875 34.4019 22
v 7.9975 33.9184 22
v 11.658 32.4316 22
v 8.9469 47.1799 22
v 9.0537 47.2268 22
v 9.65 47.4883 22
v 9.8006 47.4271 22
v 11.8744 46.5847 22
v 11.9319 33.1063 22
v 14.2717 45.611 22
v 13.4528 36.8522 22
v 13.481 36.9192 22
v 17.1048 35.447 22
v 15.6442 48.9933 22
v 15.6456 48.9967 22
v 15.6486 48.9954 22
v 18.148 39.6405 22
v 20.7644 46.9173 22
v 17.9519 35.1029 22
v 18.6985 40.9945 22
v 18.7265 41.0635 22
v 18.9805 41.6885 22
v 19.0021 41.7415 22
v 19.4203 42.7702 22
v 20.4436 42.3544 22
v 20.7065 42.2477 22
v 20.8332 42.1962 22
v 20.9922 42.5877 22
v 22.4696 46.2248 22
v 20.8765 42.3028 22
v 19.3613 38.5725 22
v 19.1841 39.2197 22
v 19.4494 39.112 22
v 19.5119 38.9432 22
v 19.5618 39.0662 22
v -44.4961 69.6179 22
v -44.3877 69.2107 22
v -44.6403 69.3432 22
v -42.5835 73.2589 22
v -43.2337 68.6044 22
v -32.7672 73.4134 22
v -32.8205 71.8504 22
v -33.0979 73.5874 22
v -32.1656 73.0974 22
v -47.4166 64.058 22
v -46.6234 61.5799 22
v -48.2652 62.4423 22
v -46.4096 65.975 22
v -45.6914 61.0904 22
v -46.2782 66.2251 22
v -44.8716 65.4865 22
v -41.7478 59.0189 22
v -43.8925 67.3501 22
v -38.2759 70.9962 22
v -41.5333 58.9062 22
v -41.4492 59.0663 22
v -41.4093 59.1424 22
v -39.913 61.9907 22
v -37.33 60.632 22
v -36.0895 75.159 22
v -36.0026 59.9338 22
v -35.7969 59.8255 22
v -34.9396 60.1029 22
v -34.7417 60.1671 22
v -34.1807 60.3486 22
v -34.1164 60.471 22
v -33.367 61.8976 22
v -31.8774 64.7336 22
v -31.329 71.067 22
v -28.7385 63.0847 22
v -30.1761 70.4614 22
v -30.024 70.3816 22
v -29.369 71.6281 22
v -28.6795 71.2668 22
v -26.2073 67.9039 22
v -25.3573 69.5217 22
v 24.0327 69.3406 20
v 24.0266 69.3259 20
v 26.5414 64.6436 20
v 22.749 66.184 20
v 26.8153 64.5323 20
v 26.8903 64.5019 20
v 27.6308 63.8642 20
v 30.4625 70.835 20
v 26.7729 64.2127 20
v -45.7772 70.2908 19
v -46.4096 65.975 19
v -47.6906 66.648 19
v -46.2782 66.2251 19
v -44.8716 65.4865 19
v -44.6403 69.3432 19
v -44.4961 69.6179 19
v -43.8925 67.3501 19
v -44.3877 69.2107 19
v -43.2337 68.6044 19
v -48.3139 58.0763 19
v -47.4994 57.6484 19
v -43.5557 55.5769 19
v -45.6914 61.0904 19
v -42.0791 58.3882 19
v -41.7478 59.0189 19
v -43.3241 56.0179 19
v -42.1065 58.3359 19
v -56.7037 42.1307 13
v -62.06 29.4115 13
v -63.1024 29.9596 13
v -61.9667 29.589 13
v -61.7667 29.484 13
v -58.2372 27.6303 13
v -56.5933 30.7605 13
v -56.5824 30.7813 13
v -56.5422 30.8578 13
v -51.8235 39.5673 13
v -56.4326 30.8002 13
v -54.5168 34.444 13
v -65.1372 25.7611 14
v -68.0197 18.944 14
v -68.5693 19.2328 14
v -64.23 25.2842 14
v -64.3098 25.1322 14
v -64.1231 25.0342 14
v -62.0935 20.2859 14
v -62.1896 20.1029 14
v -60.5782 23.1724 14
v -71.508 13.6433 14
v -75.0689 6.73355 14
v -75.0257 6.74495 14
v -74.31 6.93415 14
v -74.2889 6.93975 14
v -74.2863 6.93845 14
v -71.619 5.53615 14
v -70.2537 4.81835 14
v -71.0801 13.4183 14
v -68.7669 7.64515 14
v -68.5995 7.96335 14
v -68.4983 8.15575 14
v -54.7255 21.8845 17
v -53.5227 20.4568 17
v -55.0533 21.2605 17
v -54.3249 22.6471 17
v -54.0249 23.2184 17
v -53.4036 24.401 17
v -53.2389 20.9965 17
v -51.8719 23.5966 17
v -43.3911 55.4905 19
v -38.7535 53.0545 19
v -41.5333 58.9062 19
v -41.4492 59.0663 19
v -41.4093 59.1424 19
v -39.913 61.9907 19
v -37.33 60.632 19
v -38.666 53.0087 19
v -36.0026 59.9338 19
v -35.7969 59.8255 19
v -34.9396 60.1029 19
v 6.7952 35.7936 23
v 7.6105 34.2124 23
v 7.5628 34.0951 23
v 8.0464 35.2852 23
v 7.6875 34.4019 23
v 3.8956 35.5847 23
v 7.9044 33.6893 23
v 3.8024 35.3554 23
v 4.0785 35.5104 23
v 4.4299 35.3676 23
v 4.6089 35.8081 23
v 4.6709 35.9605 23
v 4.9137 36.5579 23
v 5.4521 36.3391 23
v 5.5119 36.3148 23
v 6.7011 35.8317 23
v 7.71 34.0352 23
v 7.9975 33.9184 23
v 14.3544 60.2758 20
v 9.65 47.4883 20
v 9.0537 47.2268 20
v 9.8006 47.4271 20
v 11.8744 46.5847 20
v 14.2717 45.611 20
v 15.6442 48.9933 20
v 15.6456 48.9967 20
v 14.1357 69.0781 20
v 14.1659 64.7044 20
v 12.6149 65.3344 20
v 14.2974 65.0281 20
v 15.5645 68.1475 20
v 15.6867 68.4481 20
v 14.6802 64.8726 20
v 15.0003 64.7426 20
v 15.7323 64.4454 20
v 16.1577 67.9065 20
v 15.8695 64.7827 20
v 16.0944 65.3357 20
v 16.827 67.1369 20
v 17.0007 67.564 20
v -31.329 71.067 21
v -32.8205 71.8504 21
v -30.1761 70.4614 21
v -30.024 70.3816 21
v -56.2052 51.01 14
v -56.6515 46.3794 14
v -58.2091 47.1983 14
v -56.4774 46.7107 14
v -56.0976 46.5112 14
v -54.7983 49.9078 14
v -54.649 50.1919 14
v -55.1028 45.9888 14
v -54.647 46.8563 14
v -54.4934 49.7477 14
v -53.9471 48.1889 14
v -54.2449 49.617 14
v -53.6451 48.764 14
v -53.4236 49.1857 14
v 80.5176 -110.472 13
v 124.566 -134.646 13
v 80.0982 -111.269 13
v 124.985 -133.848 13
v 81.8182 -107.998 14
v 124.985 -133.848 14
v 80.5176 -110.472 14
v 83.0763 -105.604 14
v 113.152 -121.415 14
v 127.544 -128.981 14
v 126.286 -131.374 14
v 86.0006 -100.042 14
v 130.468 -123.418 14
v -29.4819 33.8297 5
v -27.6014 26.8446 5
v -31.8982 28.9899 5
v -25.185 31.6844 5
v -26.2222 29.6069 5
v -25.2153 31.6238 5
v -22.6403 27.8185 7
v -21.7595 24.8112 7
v -23.6665 25.7632 7
v -20.7334 26.8666 7
v -21.7595 24.8112 8
v -17.9143 20.2024 8
v -22.8342 22.6588 8
v -20.7334 26.8666 8
v -15.8136 24.4103 8
v -16.8397 22.3548 8
v -22.6403 27.8185 5
v -17.1247 27.5844 5
v -20.7334 26.8666 5
v -17.5701 26.692 5
v -15.8136 24.4103 5
v -16.5446 26.1801 5
v -15.2521 25.5347 5
v -15.14 31.5597 5
v -13.4384 24.6292 5
v -11.0082 29.4967 5
v -97.8157 -118.839 7
v -102.121 -127.013 7
v -102.58 -119.116 7
v -94.1463 -126.84 7
v -94.3598 -121.884 7
v -177.294 -98.0382 6
v -170.416 -106.941 6
v -178.243 -105.881 6
v -172.689 -98.511 6
v -169.826 -102.271 6
v 108.672 -73.1046 39
v 116.342 -78.0968 39
v 108.27 -73.8731 39
v 116.744 -77.3282 39
v 116.342 -78.0968 38
v 119.383 -80.5444 38
v 115.99 -78.7691 38
v 116.744 -77.3282 38
v 120.137 -79.1034 38
v 122.628 -64.6244 42
v 119.595 -77.0366 42
v 118.439 -72.6316 42
v 120.072 -78.8554 42
v 120.137 -79.1034 42
v 120.87 -77.7036 42
v 129.834 -60.5699 42
v 125.322 -59.4768 42
v 126.749 -58.9556 42
v 130.502 -57.5855 42
v 131.607 -57.182 42
v 128.256 -55.429 3.39404e-15
v 117.59 -47.8195 39
v 120.16 -51.1927 39
v 116.757 -49.4119 39
v 121.071 -49.641 39
v 120.662 -50.4205 39
v 121.839 -52.071 39
v 128.618 -54.5834 39
v 128.256 -55.429 39
v 131.607 -57.182 39
v 129.049 -53.8154 39
v 132.44 -55.5896 39
v 106.019 -69.9334 42
v 107.294 -70.6004 42
v 105.287 -71.3333 42
v 114.984 -52.7998 42
v 111.572 -69.0386 42
v 118.455 -55.8837 42
v 118.069 -54.4141 42
v 116.894 -49.934 42
v 116.757 -49.4119 42
v 108.672 -73.1046 42
v 116.744 -77.3282 42
v 115.159 -70.9155 42
v 120.16 -51.1927 42
v 124.153 -58.8651 42
v 121.839 -52.071 42
v 128.256 -55.429 42
v -15.4083 1.86175 -1.13999e-16
v -16.6045 13.0604 -7.99722e-16
v -20.8895 4.65655 -2.85131e-16
v -11.1233 10.2658 -6.28596e-16
v -16.6045 13.0604 4
v -15.4083 1.86175 4
v -20.8895 4.65655 4
v -11.1233 10.2658 4
v -157.302 -27.4751 7
v -156.714 -44.1311 7
v -161.974 -42.4952 7
v -153.285 -28.7245 7
v -153.774 -34.6746 7
v -153.506 -33.8152 7
v -152.043 -29.1108 7
v -147.465 -35.325 10
v -137.892 -38.672 10
v -147.964 -35.5393 10
v -145.954 -30.4657 10
v -136.276 -33.4761 10
v -151.181 -28.3629 1.73672e-15
v -150.852 -27.305 1.67195e-15
v -151.181 -28.3629 10
v -146.618 -30.2592 10
v -151.317 -28.7977 10
v -150.852 -27.305 10
v -149.708 -23.626 10
v -134.667 -28.3044 10
v -157.045 -24.8988 12
v -157.302 -27.4751 12
v -157.798 -27.3208 12
v -153.285 -28.7245 12
v -156.633 -23.5743 12
v -154.043 -24.3799 12
v -153.986 -24.3973 12
v -153.978 -24.3722 12
v -153.105 -21.5657 12
v -152.043 -29.1108 12
v -152.119 -21.8723 12
v -149.423 -22.711 12
v -149.708 -23.626 12
v -151.317 -28.7977 12
v -151.181 -28.3629 12
v -150.852 -27.305 12
v -153.506 -33.8152 12
v -149.236 -36.0859 12
v -153.774 -34.6746 12
v -146.618 -30.2592 12
v -148.306 -35.6863 12
v -147.964 -35.5393 12
v -147.465 -35.325 12
v -145.954 -30.4657 12
v -151.443 -45.7707 7
v -149.236 -36.0859 7
v -148.306 -35.6863 7
v -153.105 -21.5657 7
v -154.043 -24.3799 7
v -155.752 -20.7423 7
v -153.986 -24.3973 7
v -153.978 -24.3722 7
v 126.787 59.8147 4
v 132.216 52.7107 4
v 125.034 56.4284 4
v 126.978 60.1827 4
v 134.16 56.465 4
v 123.678 61.4237 6
v 125.034 56.4284 6
v 121.926 58.0376 6
v 126.787 59.8147 6
v 104.745 39.3573 4
v 116.366 16.7634 4
v 97.9768 26.2823 4
v 105.625 41.0581 4
v 108.384 46.3877 4
v 108.988 47.5545 4
v 110.411 50.3045 4
v 110.949 51.3439 4
v 116.001 61.1041 4
v 121.926 58.0376 4
v 134.391 51.5855 4
v 104.315 67.6642 27
v 95.6768 27.4728 27
v 86.0821 32.4393 27
v 97.9768 26.2823 27
v 103.274 42.2751 27
v 105.528 46.6307 27
v 106.033 47.6046 27
v 116.21 61.5072 27
v 106.084 47.5782 27
v 106.497 47.3644 27
v 108.384 46.3877 27
v 108.988 47.5545 27
v 110.949 51.3439 27
v 110.411 50.3045 27
v 116.001 61.1041 27
v 104.745 39.3573 27
v 103.325 42.2486 27
v 105.625 41.0581 27
v -176.703 -77.3094 9
v -173.218 -93.3911 9
v -178.584 -92.7371 9
v -171.939 -82.8905 9
v -171.338 -77.9634 9
v -172.017 -83.5343 9
v -167.927 -94.0359 9
v -167.306 -84.1085 9
v -166.653 -83.5815 9
v -165.614 -82.7418 9
v -155.727 -84.8662 9
v -166.603 -83.5408 9
v -165.05 -78.1151 9
v -155.053 -79.3336 9
v -174.153 -73.1585 4.47966e-15
v -177.167 -74.678 13
v -176.703 -77.3094 13
v -177.476 -77.2154 13
v -176.968 -73.052 13
v -174.482 -73.3551 13
v -171.338 -77.9634 13
v -174.181 -73.3916 13
v -174.153 -73.1585 13
v -173.836 -70.5594 13
v -171.952 -70.7891 13
v -169.917 -71.0371 13
v -170.027 -71.9433 13
v -170.671 -77.225 13
v -170.567 -76.3743 13
v -171.939 -82.8905 13
v -167.306 -84.1085 13
v -172.017 -83.5343 13
v -166.855 -77.69 13
v -166.653 -83.5815 13
v -166.123 -77.7793 13
v -166.603 -83.5408 13
v -165.614 -82.7418 13
v -165.233 -77.8877 13
v -165.05 -78.1151 13
v -165.025 -77.913 13
v -170.567 -76.3743 9
v -166.855 -77.69 9
v -170.671 -77.225 9
v -170.027 -71.9433 9
v -154.384 -73.8498 9
v -166.123 -77.7793 9
v -165.233 -77.8877 9
v -165.025 -77.913 9
v -176.607 -70.2435 4.30118e-15
v -176.623 -70.2198 4.29972e-15
v -173.836 -70.5594 8
v -176.607 -70.2435 8
v -176.623 -70.2198 8
v -174.482 -73.3551 8
v -174.153 -73.1585 8
v -174.181 -73.3916 8
v 129.909 -94.2991 3
v 125.904 -103.098 3
v 123.915 -101.425 3
v 131.898 -95.9723 3
v 128.028 -104.884 3
v 134.021 -97.7587 3
v -126.745 32.1803 -1.97047e-15
v -126.745 32.1803 3
v -118.913 23.7562 3
v -128.536 28.6899 3
v -118.763 28.0875 3
v -117.896 25.7399 3
v -117.124 27.2471 3
v -113.683 23.5796 3
v -115.521 30.3731 3
v -112.13 27.6767 3
v -111.741 28.4352 3
v -111.696 27.4542 3
v -112.059 27.6404 3
v -110.435 21.4568 3
v -107.263 17.7459 3
v -111.281 19.8063 3
v -106.416 19.3962 3
v -113.683 23.5796 4
v -110.435 21.4568 4
v -113.869 23.2174 4
v -111.696 27.4542 4
v -110.521 26.8516 4
v -106.862 24.9754 4
v -106.416 19.3962 4
v -106.174 24.6227 4
v -102.927 17.6069 4
v -105.538 24.2967 4
v -100.754 21.8437 4
v -88.1509 35.7328 4
v -78.7299 30.2457 4
v -88.4174 35.2129 4
v -86.5895 38.7777 4
v -85.1287 38.0286 4
v -76.902 33.8103 4
v -92.3684 46.4203 3
v -91.7136 43.9896 3
v -93.2191 44.7615 3
v -88.8921 44.6379 3
v -90.2788 43.2538 3
v -89.6883 42.9511 3
v -89.6501 42.9314 3
v -89.0779 41.8614 3
v -85.8555 40.2092 3
v -88.4669 45.4697 3
v -84.2638 43.3145 3
v -84.8299 42.2096 3
v -89.9654 42.3165 3
v -96.1386 48.8133 3
v -94.0393 45.182 3
v -97.1758 46.7903 3
v -92.1817 46.7846 3
v -124.986 35.6129 3
v -115.364 30.6791 3
v -106.165 24.6403 6
v -105.538 24.2967 6
v -106.174 24.6227 6
v -105.107 26.7039 6
v -100.754 21.8437 6
v -103.923 29.0123 6
v -103.665 29.5164 6
v -103.341 30.1481 6
v -101.888 32.9804 6
v -100.091 36.4866 6
v -100.2 32.1146 6
v -97.6049 32.6409 6
v -98.4538 39.6791 6
v -97.558 41.426 6
v -94.0118 33.3698 6
v -97.1998 41.2422 6
v -96.9668 41.1228 6
v -92.9131 39.0442 6
v -91.8322 37.6204 6
v -91.9077 38.5286 6
v -91.545 38.3428 6
v -91.4792 38.309 6
v -100.095 21.5057 6
v -97.5858 26.3996 6
v -90.2479 41.7655 3
v -91.545 38.3428 3
v -91.9077 38.5286 3
v -91.4792 38.309 3
v -88.1509 35.7328 3
v -91.8322 37.6204 3
v -86.1381 39.6583 3
v -86.5895 38.7777 3
v -86.1381 39.6583 4
v -85.8555 40.2092 4
v -84.8299 42.2096 4
v -82.5739 41.0528 4
v -75.1423 37.2422 4
v -100.68 48.5868 3
v -98.0907 41.6992 3
v -102.937 44.184 3
v -97.558 41.426 3
v -97.1998 41.2422 3
v -96.9668 41.1228 3
v -92.9131 39.0442 3
v -103.514 44.48 6
v -104.593 36.2242 6
v -106.047 39.5408 6
v -103.543 33.8289 6
v -111.741 28.4352 6
v -112.059 27.6404 6
v -112.13 27.6767 6
v -111.696 27.4542 6
v -109.621 32.5707 6
v -110.521 26.8516 6
v -106.862 24.9754 6
v -102.937 44.184 6
v -98.0907 41.6992 6
v -97.6049 32.6409 7
v -96.4318 30.1825 7
v -100.2 32.1146 7
v -94.0118 33.3698 7
v -95.8096 29.8636 7
v -94.5432 29.2142 7
v -94.4635 29.1733 7
v -92.6657 32.6795 7
v -107.943 40.5132 6
v -107.845 36.0346 6
v -109.741 37.007 6
v -97.5858 26.3996 7
v -96.2397 25.7094 7
v -111.517 33.5429 6
v 10.6584 -16.0785 10
v -6.7717 -62.6724 10
v -12.2159 -59.8257 10
v 16.1027 -18.9254 10
v -1.8475 -65.2471 10
v 21.0269 -21.5001 10
v -153.161 -76.6072 6
v -153.745 -82.0503 6
v -153.86 -82.0353 6
v -149.847 -82.5528 6
v -149.473 -81.2595 6
v -144.689 -77.6994 6
v -149.644 -82.579 6
v -139.32 -82.5686 6
v -134.589 -79.0019 6
v -135.289 -84.43 6
v -139.49 -83.8881 6
v -152.47 -71.2507 6
v -133.898 -73.6453 6
v 119.796 -36.815 2.25427e-15
v 124.761 -18.1983 1.11432e-15
v 115.903 -34.7287 2.12652e-15
v 128.654 -20.2845 1.24207e-15
v 125.333 -17.1297 1.04889e-15
v 125.565 -16.6971 1.0224e-15
v 125.995 -16.9272 1.03649e-15
v 129.458 -18.7833 1.15015e-15
v 124.761 -18.1983 4
v 119.796 -36.815 4
v 115.903 -34.7287 4
v 128.654 -20.2845 4
v 125.333 -17.1297 4
v 125.565 -16.6971 4
v 125.995 -16.9272 4
v 129.458 -18.7833 4
v 134.55 -44.3492 2.7156e-15
v 135.535 -34.2505 2.09724e-15
v 131.06 -42.6001 2.6085e-15
v 138.793 -35.8837 2.19724e-15
v 135.535 -34.2505 4
v 134.55 -44.3492 4
v 131.06 -42.6001 4
v 138.793 -35.8837 4
v 122.057 -38.026 2.32842e-15
v 130.956 -42.7948 2.62042e-15
v 131.328 -15.2939 9.36478e-16
v 133.807 -16.6222 1.01781e-15
v 142.488 -21.2736 1.30264e-15
v 128.654 -20.2845 8
v 122.057 -38.026 8
v 119.796 -36.815 8
v 130.956 -42.7948 8
v 129.458 -18.7833 8
v 131.328 -15.2939 8
v 131.06 -42.6001 8
v 135.535 -34.2505 8
v 133.807 -16.6222 8
v 142.488 -21.2736 8
v 127.568 -8.79875 5.38768e-16
v 123.601 -16.2015 9.92053e-16
v 133.193 -11.8131 7.23341e-16
v 127.568 -8.79875 5
v 125.333 -17.1297 5
v 123.601 -16.2015 5
v 125.565 -16.6971 5
v 125.995 -16.9272 5
v 129.458 -18.7833 5
v 133.193 -11.8131 5
v 131.328 -15.2939 5
v -153.745 -82.0503 4
v -150.118 -84.6527 4
v -154.015 -84.1502 4
v -149.847 -82.5528 4
v -176.968 -73.052 8
v -156.633 -23.5743 7
v 118.535 -64.5611 42
v 118.489 -68.3841 42
v 105.287 -71.3333 38
v 107.917 -74.545 38
v 104.533 -72.7743 38
v 108.672 -73.1046 38
v 108.27 -73.8731 38
v -143.304 -14.1888 4
v -152.52 -14.8257 4
v -144.71 -10.0008 4
v -145.525 -18.2766 4
v -148.653 -7.80485 4
v -154.701 -53.6219 4
v -163.562 -55.6489 4
v -156.846 -49.4025 4
v -161.345 -48.01 4
v -156.076 -57.9924 4
v 11.9319 33.1063 20
v -81.2267 -4.39295 14
v -78.0007 -7.85395 14
v -81.9537 -5.77575 14
v -81.0254 -4.49875 14
v -80.3804 -3.27085 14
v -77.7883 -6.20065 14
v -77.1434 -4.97265 14
v -77.2738 -6.47115 14
v 116.496 -12.2426 7.49646e-16
v 120.263 -5.21235 3.19164e-16
v 111.55 -8.01975 5
v 116.496 -12.2426 5
v 110.895 -9.24155 5
v 112.746 -5.78675 5
v 114.662 -2.21125 5
v 120.263 -5.21235 5
v -99.4764 -3.10125 1.89897e-16
v -99.4764 -3.10125 7
v 24.7938 113.773 21
v 26.6198 111.664 21
v 24.7923 113.769 21
v 26.6256 111.664 21
v 26.6221 111.662 21
v 4.8208 130.125 19
v 3.8643 128.806 19
v 6.2395 129.096 19
v 7.7447 128.004 19
v -30.9379 123.496 18
v 87.6416 -38.7514 5
v 93.029 -43.4162 5
v 86.89 -40.1748 5
v 90.3225 -33.6739 5
v 92.2435 -30.036 5
v 98.3823 -33.2773 5
v 151.783 -102.552 42
v 155.091 -100.074 42
v 141.921 -111.096 40
v 149.591 -116.088 40
v 141.518 -111.864 40
v 149.993 -115.319 40
v -33.6358 32.1414 6
v -36.6885 29.1764 6
v -37.2621 30.8702 6
v -36.1149 27.4825 6
v -33.6358 32.1414 4
v -37.2621 30.8702 4
v -38.3521 34.651 4
v -38.584 30.545 6
v -40.8312 29.9923 6
v -38.584 30.545 4
v -40.8312 29.9923 4
v -110.09 -94.9317 9
v -126.69 -65.1196 9
v -123.853 -65.9744 9
v -97.9754 -79.6295 6
v -106.743 -82.3952 6
v -100.252 -75.6565 6
v -106.74 -82.3845 5.04459e-15
v -106.74 -82.3845 6
v -106.653 -81.9942 6
v -104.989 -74.5554 6
v -97.9812 -79.641 6
v -99.0279 -83.9106 6
v -98.3483 -81.1466 6
v -97.978 -79.6399 6
v -67.2146 -123.889 11
v -93.0231 -40.5157 7
v -101.758 -43.3749 7
v -95.3073 -36.6566 7
v -93.9721 -45.0069 7
v -100.011 -35.5992 7
v -100.663 -50.2672 8
v -137.182 -109.342 9
v -143.535 -4.81795 2.95014e-16
v -148.213 -2.36135 8
v -143.623 -4.98955 8
v -148.325 -2.57875 8
v -143.56 -4.80485 8
v -143.535 -4.81795 8
v -143.535 -4.81795 10
v -138.749 -7.48905 10
v -143.623 -4.98955 10
v -138.685 -7.36505 10
v -119.753 -17.3454 7
v -119.165 6.93155 -4.24435e-16
v -119.117 7.02645 7
v -119.055 6.87365 7
v -119.165 6.93155 7
v -105.639 0.11525 7
v -105.757 -0.10985 7
v -119.867 7.41145 10
v -121.198 7.99905 10
v -128.85 12.0177 10
v -119.165 6.93155 10
v -119.117 7.02645 10
v -138.765 18.1163 13
v -141.859 11.9187 13
v -141.943 11.9192 13
v -140.25 14.9819 13
v -139.994 15.4697 13
v -138.674 17.9844 13
v -132.45 14.8778 13
v -136.296 16.736 13
v -133.924 15.4901 13
v -132.561 14.7746 13
v -132.841 14.1137 13
v -132.894 14.1415 13
v -141.138 11.5066 13
v -141.124 11.5328 13
v -105.199 0.71435 10
v -102.614 -0.95255 10
v -99.1187 -2.40375 10
v -101.586 -1.49285 10
v -99.2741 -2.70685 10
v -100.956 -5.91895 10
v -102.287 -8.58215 10
v -99.4764 -3.10125 10
v -100.445 -4.94485 10
v -94.7816 -17.0505 10
v -97.3041 -33.4417 10
v -102.176 -30.8272 10
v -94.1725 -27.6066 10
v -94.5748 -17.1615 10
v -92.8086 -24.3921 10
v -90.1897 -19.515 10
v -92.5281 -24.5426 10
v -94.1725 -27.6066 12
v -92.4686 -36.0369 12
v -97.3041 -33.4417 12
v -92.5281 -24.5426 12
v -90.6834 -25.5326 12
v -88.5666 -26.6685 12
v -87.2702 -26.3509 12
v -77.9219 -31.32 1.9178e-15
v -87.2092 -26.3359 1.61261e-15
v -89.2009 -19.2316 10
v -84.2734 -21.9031 10
v -89.2121 -19.2525 10
v -84.2664 -21.88 10
v -86.5682 -26.1788 10
v -77.9219 -31.32 10
v -87.2092 -26.3359 10
v -85.2351 -23.6947 10
v -75.4073 -26.6346 10
v -75.5565 -26.9126 10
v -75.3195 -26.4709 9
v -68.3066 -34.301 9
v -68.9812 -35.5579 9
v -66.6124 -31.1441 9
v -75.5565 -26.9126 9
v -68.7459 -36.2448 9
v -77.9219 -31.32 9
v -75.4073 -26.6346 9
v -64.1297 -39.5442 2.42138e-15
v -68.6523 -36.5181 9
v -68.8378 -48.3167 9
v -73.6099 -45.7555 9
v -68.401 -37.2516 9
v -64.1297 -39.5442 9
v -67.0607 -37.971 9
v -61.4685 -34.5857 2.11776e-15
v -56.5711 -37.2139 2.2787e-15
v -63.9405 -50.9451 9
v -61.4685 -34.5857 9
v -61.2562 -34.6996 9
v -56.5711 -37.2139 9
v -52.7117 -31.3773 9
v -54.8611 -33.249 9
v -56.2972 -32.4783 9
v -53.9724 -33.7261 9
v -55.6506 -30.9798 9
v -56.4196 -32.4126 9
v -55.1589 -30.0638 9
v -54.7152 -35.1101 2.14988e-15
v -61.8045 -33.4477 2.04808e-15
v -68.3066 -34.301 12
v -68.7459 -36.2448 12
v -68.9812 -35.5579 12
v -68.6523 -36.5181 12
v -68.401 -37.2516 12
v -67.0607 -37.971 12
v -66.6124 -31.1441 12
v -64.1297 -39.5442 12
v -66.4971 -30.9292 12
v -61.8045 -33.4477 12
v -61.4685 -34.5857 12
v -61.7069 -33.5001 12
v -59.3838 -29.1716 12
v -61.2562 -34.6996 12
v -56.5711 -37.2139 12
v -58.8108 -28.104 12
v -56.4196 -32.4126 12
v -55.6506 -30.9798 12
v -55.1589 -30.0638 12
v -56.0068 -37.5168 12
v -56.2972 -32.4783 12
v -54.8611 -33.249 12
v -54.7152 -35.1101 12
v -53.9724 -33.7261 12
v -86.7892 -14.7355 10
v -86.6758 -14.5242 10
v -72.8811 -21.9276 10
v -73.1032 -22.3412 10
v -75.3195 -26.4709 10
v -73.1032 -22.3412 9
v -72.8811 -21.9276 9
v -66.4971 -30.9292 9
v -59.3838 -29.1716 9
v -61.8045 -33.4477 9
v -61.7069 -33.5001 9
v -93.6941 -13.0905 13
v -94.7816 -17.0505 13
v -95.5874 -16.6181 13
v -94.5748 -17.1615 13
v -90.1897 -19.515 13
v -92.4398 -13.7637 13
v -91.3327 -14.3577 13
v -91.2512 -14.4016 13
v -90.3784 -12.7733 13
v -89.9141 -11.9071 13
v -88.5884 -12.6187 13
v -89.2121 -19.2525 13
v -89.2009 -19.2316 13
v -86.7892 -14.7355 13
v -86.3097 -13.8416 13
v -86.6758 -14.5242 13
v -92.5281 -24.5426 13
v -92.8086 -24.3921 13
v -90.6834 -25.5326 13
v -88.5666 -26.6685 13
v -84.2734 -21.9031 13
v -87.2702 -26.3509 13
v -87.2092 -26.3359 13
v -85.2351 -23.6947 13
v -86.5682 -26.1788 13
v -89.9141 -11.9071 7
v -91.3327 -14.3577 7
v -92.3558 -10.5968 7
v -90.3784 -12.7733 7
v -91.2512 -14.4016 7
v -92.4398 -13.7637 7
v -93.6941 -13.0905 7
v -142.213 -2.23835 1.37059e-16
v -138.917 4.18705 -2.56383e-16
v -138.42 10.1125 -6.19209e-16
v -138.42 10.1125 7
v -139.054 4.25905 7
v -138.949 4.45965 7
v -138.756 4.82765 7
v -138.663 5.00475 7
v -136.508 9.10885 7
v -143.56 -4.80485 7
v -142.213 -2.23835 7
v -138.921 4.18125 7
v -138.917 4.18705 7
v -138.42 10.1125 8
v -139.054 4.25905 8
v -141.109 11.4917 8
v -138.949 4.45965 8
v -138.756 4.82765 8
v -138.663 5.00475 8
v -136.508 9.10885 8
v -142.213 -2.23835 8
v -138.921 4.18125 8
v -138.917 4.18705 8
v -138.858 4.14925 -2.54068e-16
v -138.858 4.14925 7
v -138.858 4.14925 10
v -142.213 -2.23835 10
v -138.921 4.18125 10
v -141.124 11.5328 7
v -138.855 4.15435 7
v -141.109 11.4917 13
v -138.42 10.1125 13
v -138.917 4.18705 13
v -138.858 4.14925 13
v -138.921 4.18125 13
v -138.855 4.15435 13
v -142.213 -2.23835 9
v -143.535 -4.81795 9
v -143.56 -4.80485 9
v -138.326 3.87635 -2.37358e-16
v -134.171 2.00165 -1.22566e-16
v -138.858 4.14925 9
v -138.326 3.87635 9
v -134.53 1.88305 9
v -134.171 2.00165 9
v -138.326 3.87635 10
v -134.53 1.88305 10
v -133.834 2.09625 10
v -134.171 2.00165 10
v -133.693 2.15975 -1.32247e-16
v -138.855 4.15435 9
v -133.693 2.15975 9
v -133.683 2.16325 9
v -138.326 3.87635 13
v -133.693 2.15975 13
v -133.834 2.09625 13
v -134.171 2.00165 13
v -133.652 2.14715 13
v -133.683 2.16325 13
v -115.181 -6.88085 4.21331e-16
v -113.008 -2.50185 1.53194e-16
v -113.008 -2.50185 7
v -115.181 -6.88085 7
v -115.208 -6.79135 7
v -112.909 -2.55425 7
v -113.008 -2.50185 10
v -115.181 -6.88085 10
v -115.208 -6.79135 10
v -112.909 -2.55425 10
v -121.607 2.01395 7
v -110.428 -10.7744 6.59745e-16
v -112.236 -14.2996 8.75601e-16
v -110.428 -10.7744 7
v -112.236 -14.2996 7
v -110.394 -10.7925 7
v -110.394 -10.7925 8
v -112.236 -14.2996 8
v -110.428 -10.7744 8
v -121.596 2.03555 -1.24641e-16
v -112.818 -2.38135 1.45816e-16
v -112.161 -2.70365 1.65551e-16
v -111.012 -3.30705 2.02498e-16
v -108.195 -4.75195 2.90973e-16
v -121.592 2.04315 7
v -112.954 -2.39605 7
v -121.596 2.03555 7
v -112.92 -2.32905 7
v -112.854 -2.36285 7
v -112.808 -2.36375 7
v -112.818 -2.38135 7
v -112.628 -2.45845 7
v -112.323 -2.61895 7
v -112.161 -2.70365 7
v -111.012 -3.30705 7
v -108.195 -4.75195 7
v -108.209 -4.77925 7
v -112.954 -2.39605 10
v -112.92 -2.32905 10
v -112.854 -2.36285 10
v -112.818 -2.38135 10
v -108.195 -4.75195 10
v -108.209 -4.77925 10
v -111.012 -3.30705 10
v -121.655 2.07635 -1.2714e-16
v -121.655 2.07635 9
v -121.596 2.03555 9
v -121.659 2.06805 9
v -121.592 2.04315 9
v -121.655 2.07635 7
v -121.659 2.06805 7
v -130.477 6.70935 -4.10829e-16
v -133.597 2.19145 9
v -133.587 2.19485 9
v -132.833 2.44385 9
v -132.676 2.42015 9
v -130.568 6.75725 9
v -130.477 6.70935 9
v -133.597 2.19145 13
v -133.262 2.25635 13
v -133.587 2.19485 13
v -132.833 2.44385 13
v -132.676 2.42015 13
v -130.568 6.75725 13
v -130.477 6.70935 13
v -123.735 3.16865 9
v -132.676 2.42015 10
v -124.749 -2.10875 10
v -133.262 2.25635 10
v -130.477 6.70935 10
v -123.735 3.16865 10
v -123.999 -2.49365 10
v -121.659 2.06805 10
v -121.655 2.07635 10
v -121.607 2.01395 9
v -123.999 -2.49365 7
v -114.717 -8.40605 10
v -110.428 -10.7744 10
v -110.36 -10.6405 10
v -114.717 -8.40605 7
v -114.885 -7.85285 7
v -110.36 -10.6405 7
v -105.757 -0.10985 10
v -108.042 -4.83005 10
v -112.323 -2.61895 10
v -112.808 -2.36375 10
v -112.628 -2.45845 10
v -112.161 -2.70365 10
v -108.042 -4.83005 7
v -105.534 0.06145 7
v -107.022 -6.15405 3.76827e-16
v -109.891 -9.72775 10
v -107.843 -5.73305 10
v -107.022 -6.15405 10
v -106.121 -6.61595 10
v -102.759 -3.72925 10
v -102.645 -3.51095 10
v -102.458 -3.88735 10
v -110.095 -10.224 6.26036e-16
v -106.981 -6.30155 3.85859e-16
v -106.177 -6.72415 4.11735e-16
v -110.394 -10.7925 10
v -110.095 -10.224 10
v -107.806 -5.86825 10
v -106.981 -6.30155 10
v -105.996 -6.81925 10
v -106.177 -6.72415 10
v -105.71 -6.96915 10
v -110.36 -10.6405 8
v -110.095 -10.224 8
v -109.891 -9.72775 8
v -107.806 -5.86825 8
v -107.843 -5.73305 8
v -107.022 -6.15405 8
v -106.981 -6.30155 8
v -106.121 -6.61595 8
v -105.996 -6.81925 8
v -106.177 -6.72415 8
v -103.049 -8.19115 8
v -105.71 -6.96915 8
v -106.121 -6.61595 9
v -106.981 -6.30155 9
v -107.022 -6.15405 9
v -106.177 -6.72415 9
v -115.132 -7.04025 7
v -115.038 -19.7634 7
v -106.624 -7.59555 8
v -106.799 -6.96185 8
v -106.751 -7.13555 8
v -106.799 -6.96185 9
v -106.751 -7.13555 9
v -106.624 -7.59555 9
v -102.645 -3.51095 7
v -102.458 -3.88735 7
v -102.759 -3.72925 7
v -101.586 -1.49285 7
v -99.2763 -2.71105 10
v -121.543 2.29465 9
v -119.055 6.87365 9
v -119.165 6.93155 9
v -121.543 2.29465 7
v -130.5 6.88745 -4.21735e-16
v -135.25 9.41735 -5.76646e-16
v -131.492 7.44375 9
v -135.25 9.41735 9
v -131.123 7.25005 9
v -130.98 7.17505 9
v -130.644 6.99875 9
v -130.485 6.91515 9
v -130.409 6.84115 9
v -122.294 2.67955 9
v -121.198 7.99905 9
v -130.5 6.88745 9
v -132.861 14.0747 10
v -131.492 7.44375 10
v -135.25 9.41735 10
v -131.123 7.25005 10
v -130.98 7.17505 10
v -130.644 6.99875 10
v -130.485 6.91515 10
v -130.409 6.84115 10
v -122.294 2.67955 10
v -121.543 2.29465 10
v -130.5 6.88745 10
v -134.723 10.6598 9
v -135.348 9.46925 9
v -134.6 10.8948 9
v -132.894 14.1415 9
v -134.723 10.6598 13
v -135.25 9.41735 13
v -135.348 9.46925 13
v -132.861 14.0747 13
v -134.6 10.8948 13
v -130.5 6.88745 13
v -130.409 6.84115 13
v -138.674 17.9844 9
v -137.622 14.2238 9
v -139.994 15.4697 9
v -137.371 14.6888 9
v -137.617 14.221 9
v -137.622 14.2238 13
v -137.371 14.6888 13
v -137.617 14.221 13
v -136.409 9.08155 13
v -136.508 9.10885 13
v -138.949 4.45965 13
v -139.054 4.25905 13
v -138.756 4.82765 13
v -138.663 5.00475 13
v -136.409 9.08155 8
v -134.494 1.91135 13
v -134.53 1.88305 13
v -134.494 1.91135 10
v -135.288 9.34285 13
v -131.492 7.44375 13
v -131.123 7.25005 13
v -130.98 7.17505 13
v -130.644 6.99875 13
v -130.485 6.91515 13
v -135.288 9.34285 10
v -136.296 16.736 9
v -100.445 -4.94485 7
# </points>

# <faces count="14492">
g zone0
f 3 2 1
f 4 1 2
f 2 3 5
f 1 4 6
f 5 6 4
f 4 2 5
f 9 8 7
f 10 7 8
f 13 12 11
f 14 11 12
f 17 16 15
f 18 15 16
f 21 20 19
f 22 19 20
f 25 24 23
f 26 23 24
f 27 23 26
f 28 27 26
f 29 27 28
f 30 27 29
f 31 30 29
f 32 31 29
f 33 32 29
f 36 35 34
f 37 34 35
f 38 37 35
f 39 37 38
f 40 39 38
f 41 40 38
f 42 40 41
f 43 40 42
f 44 40 43
f 43 33 44
f 32 43 33
f 42 43 32
f 31 42 32
f 41 42 31
f 30 41 31
f 38 41 30
f 27 38 30
f 35 38 27
f 23 35 27
f 36 35 23
f 25 36 23
f 34 36 25
f 24 34 25
f 37 34 24
f 26 37 24
f 39 37 26
f 28 39 26
f 40 39 28
f 29 40 28
f 44 40 29
f 33 44 29
f 47 46 45
f 48 45 46
f 51 50 49
f 54 53 52
f 55 52 53
f 56 52 55
f 57 52 56
f 58 52 57
f 59 52 58
f 60 52 59
f 50 60 59
f 61 50 59
f 51 60 50
f 55 62 56
f 65 64 63
f 68 67 66
f 64 66 67
f 63 64 67
f 69 63 67
f 70 69 67
f 71 70 67
f 72 71 67
f 73 71 72
f 74 71 73
f 75 73 72
f 73 75 76
f 74 59 71
f 61 74 59
f 73 74 61
f 50 73 61
f 76 73 50
f 49 76 50
f 75 76 49
f 51 75 49
f 72 75 51
f 60 72 51
f 67 72 60
f 52 67 60
f 68 67 52
f 54 68 52
f 66 68 54
f 53 66 54
f 64 66 53
f 55 64 53
f 65 64 55
f 62 65 55
f 63 65 62
f 56 63 62
f 69 63 56
f 57 69 56
f 70 69 57
f 58 70 57
f 71 70 58
f 59 71 58
f 79 78 77
f 80 77 78
f 83 82 81
f 86 85 84
f 87 84 85
f 88 84 87
f 89 84 88
f 90 89 88
f 91 90 88
f 92 87 82
f 81 82 87
f 93 81 87
f 94 93 87
f 85 94 87
f 97 96 95
f 98 95 96
f 99 95 98
f 100 95 99
f 101 95 100
f 103 102 101
f 95 101 102
f 104 95 102
f 105 104 102
f 106 104 105
f 107 104 106
f 96 108 98
f 107 88 104
f 91 107 88
f 106 107 91
f 90 106 91
f 105 106 90
f 89 105 90
f 102 105 89
f 84 102 89
f 103 102 84
f 86 103 84
f 101 103 86
f 85 101 86
f 100 101 85
f 94 100 85
f 99 100 94
f 93 99 94
f 98 99 93
f 81 98 93
f 108 98 81
f 83 108 81
f 96 108 83
f 82 96 83
f 97 96 82
f 92 97 82
f 95 97 92
f 87 95 92
f 104 95 87
f 88 104 87
f 111 110 109
f 112 109 110
f 115 114 113
f 116 113 114
f 117 113 116
f 120 119 118
f 121 118 119
f 122 121 119
f 122 116 121
f 117 122 116
f 119 122 117
f 113 119 117
f 120 119 113
f 115 120 113
f 118 120 115
f 114 118 115
f 121 118 114
f 116 121 114
f 125 124 123
f 126 123 124
f 127 123 126
f 128 123 127
f 92 128 127
f 87 92 127
f 130 126 129
f 124 129 126
f 133 132 131
f 134 131 132
f 136 135 134
f 131 134 135
f 137 131 135
f 138 137 135
f 97 137 138
f 95 137 97
f 97 87 95
f 92 97 87
f 138 97 92
f 128 138 92
f 135 138 128
f 123 135 128
f 136 135 123
f 125 136 123
f 134 136 125
f 124 134 125
f 132 134 124
f 129 132 124
f 133 132 129
f 130 133 129
f 131 133 130
f 126 131 130
f 137 131 126
f 127 137 126
f 95 137 127
f 87 95 127
f 140 139 130
f 126 130 139
f 143 142 141
f 144 141 142
f 142 126 144
f 130 142 126
f 143 142 130
f 140 143 130
f 141 143 140
f 139 141 140
f 144 141 139
f 126 144 139
f 147 146 145
f 148 145 146
f 139 145 148
f 140 145 139
f 151 150 149
f 152 149 150
f 153 152 150
f 154 153 150
f 153 148 152
f 139 153 148
f 154 153 139
f 140 154 139
f 150 154 140
f 145 150 140
f 151 150 145
f 147 151 145
f 149 151 147
f 146 149 147
f 152 149 146
f 148 152 146
f 157 156 155
f 158 155 156
f 159 155 158
f 162 161 160
f 163 160 161
f 164 163 161
f 164 158 163
f 159 164 158
f 161 164 159
f 155 161 159
f 162 161 155
f 157 162 155
f 160 162 157
f 156 160 157
f 163 160 156
f 158 163 156
f 167 166 165
f 168 165 166
f 171 170 169
f 172 169 170
f 170 168 172
f 165 170 168
f 171 170 165
f 167 171 165
f 169 171 167
f 166 169 167
f 172 169 166
f 168 172 166
f 175 174 173
f 177 176 174
f 178 174 176
f 179 174 178
f 173 174 179
f 180 179 178
f 183 182 181
f 184 181 182
f 185 184 182
f 186 185 182
f 187 184 185
f 182 188 186
f 187 178 184
f 180 187 178
f 185 187 180
f 179 185 180
f 186 185 179
f 173 186 179
f 188 186 173
f 175 188 173
f 182 188 175
f 174 182 175
f 183 182 174
f 177 183 174
f 181 183 177
f 176 181 177
f 184 181 176
f 178 184 176
f 191 190 189
f 193 192 190
f 176 190 192
f 194 190 176
f 189 190 194
f 177 194 176
f 197 196 195
f 181 195 196
f 198 181 196
f 199 198 196
f 183 181 198
f 196 200 199
f 183 176 181
f 177 183 176
f 198 183 177
f 194 198 177
f 199 198 194
f 189 199 194
f 200 199 189
f 191 200 189
f 196 200 191
f 190 196 191
f 197 196 190
f 193 197 190
f 195 197 193
f 192 195 193
f 181 195 192
f 176 181 192
f 203 202 201
f 202 203 204
f 205 204 203
f 204 205 206
f 201 206 205
f 205 203 201
f 209 208 207
f 210 207 208
f 213 212 211
f 214 211 212
f 212 210 214
f 207 212 210
f 213 212 207
f 209 213 207
f 211 213 209
f 208 211 209
f 214 211 208
f 210 214 208
f 217 216 215
f 218 215 216
f 221 220 219
f 222 219 220
f 225 224 223
f 226 223 224
f 227 223 226
f 228 223 227
f 230 226 229
f 231 229 226
f 224 231 226
f 234 233 232
f 225 232 233
f 223 232 225
f 237 236 235
f 238 235 236
f 239 235 238
f 240 239 238
f 241 240 238
f 242 241 238
f 244 237 243
f 235 243 237
f 219 222 245
f 244 245 222
f 237 244 222
f 238 246 242
f 248 247 220
f 222 220 247
f 249 222 247
f 237 249 247
f 236 237 247
f 238 236 247
f 246 238 247
f 250 246 247
f 251 250 247
f 252 251 247
f 253 252 247
f 254 253 247
f 255 253 254
f 256 254 247
f 259 258 257
f 260 257 258
f 261 260 258
f 246 251 242
f 241 242 251
f 240 241 251
f 255 240 251
f 234 240 255
f 233 234 255
f 225 233 255
f 230 225 255
f 224 225 230
f 263 262 247
f 256 247 262
f 255 256 262
f 230 255 262
f 226 230 262
f 260 226 262
f 227 226 260
f 259 260 262
f 261 227 260
f 264 227 261
f 265 227 264
f 266 265 264
f 269 268 267
f 270 267 268
f 271 270 268
f 272 270 271
f 275 274 273
f 276 273 274
f 279 278 277
f 280 277 278
f 282 281 278
f 280 278 281
f 283 280 281
f 284 283 281
f 275 284 281
f 273 284 275
f 285 284 273
f 288 287 286
f 289 286 287
f 290 289 287
f 291 289 290
f 271 277 272
f 286 272 277
f 283 286 277
f 280 283 277
f 292 286 283
f 288 286 292
f 292 293 288
f 294 288 293
f 295 294 293
f 287 295 293
f 284 287 293
f 298 297 296
f 299 296 297
f 300 297 298
f 301 297 300
f 304 303 302
f 296 302 303
f 298 296 303
f 305 298 303
f 303 306 305
f 307 305 306
f 308 307 306
f 309 307 308
f 312 311 310
f 313 310 311
f 314 313 311
f 317 316 315
f 318 315 316
f 310 313 319
f 320 319 313
f 321 320 313
f 322 321 313
f 314 322 313
f 323 321 322
f 324 321 323
f 325 321 324
f 326 321 325
f 329 328 327
f 330 327 328
f 331 330 328
f 332 331 328
f 333 331 332
f 334 331 333
f 335 331 334
f 319 331 335
f 320 331 319
f 334 336 335
f 308 338 337
f 339 337 338
f 336 339 338
f 335 336 338
f 312 335 338
f 319 335 312
f 310 319 312
f 340 315 311
f 314 311 315
f 318 314 315
f 322 314 318
f 324 322 318
f 326 324 318
f 341 326 318
f 342 326 341
f 321 326 342
f 343 321 342
f 344 321 343
f 345 344 343
f 346 345 343
f 347 345 346
f 348 347 346
f 349 347 348
f 316 350 318
f 341 318 350
f 351 341 350
f 352 351 350
f 353 352 350
f 342 353 350
f 354 342 350
f 346 354 350
f 343 354 346
f 357 356 355
f 358 355 356
f 359 358 356
f 361 302 360
f 357 360 302
f 296 357 302
f 359 357 296
f 358 359 296
f 362 358 296
f 299 362 296
f 363 362 299
f 364 363 299
f 330 364 299
f 327 330 299
f 329 327 299
f 298 305 301
f 299 301 305
f 307 299 305
f 329 299 307
f 332 329 307
f 365 332 307
f 366 332 365
f 339 332 366
f 336 332 339
f 334 332 336
f 369 368 367
f 370 367 368
f 372 367 371
f 373 371 367
f 374 371 373
f 375 374 373
f 374 375 376
f 368 377 370
f 378 370 377
f 373 370 375
f 378 375 370
f 379 375 378
f 380 375 379
f 381 375 380
f 376 375 381
f 382 381 380
f 383 382 380
f 384 383 380
f 385 384 380
f 388 387 386
f 389 386 387
f 391 390 389
f 392 389 390
f 386 389 392
f 393 386 392
f 386 393 394
f 392 394 393
f 395 394 392
f 398 397 396
f 399 396 397
f 400 396 399
f 401 396 400
f 402 396 401
f 403 396 402
f 405 404 398
f 406 398 404
f 397 398 406
f 374 376 371
f 381 371 376
f 383 371 381
f 404 371 383
f 406 404 383
f 385 406 383
f 397 406 385
f 380 397 385
f 407 397 380
f 402 397 407
f 391 402 407
f 399 397 402
f 408 402 391
f 403 402 408
f 409 403 408
f 394 403 409
f 395 403 394
f 410 403 395
f 411 410 395
f 389 388 391
f 408 391 388
f 408 388 409
f 386 409 388
f 414 413 412
f 415 412 413
f 416 415 413
f 417 416 413
f 420 419 418
f 421 418 419
f 422 421 419
f 423 422 419
f 426 425 424
f 427 424 425
f 428 424 427
f 429 428 427
f 430 415 425
f 416 425 415
f 431 425 416
f 427 431 416
f 429 427 416
f 421 429 416
f 432 421 416
f 418 421 432
f 433 412 430
f 415 430 412
f 417 434 416
f 432 416 434
f 437 436 435
f 438 435 436
f 440 439 437
f 436 437 439
f 441 436 439
f 444 443 442
f 445 442 443
f 446 445 443
f 449 448 447
f 442 447 448
f 445 447 442
f 436 441 438
f 450 438 441
f 451 438 450
f 452 451 450
f 453 451 452
f 454 452 450
f 455 454 450
f 450 456 455
f 458 457 439
f 441 439 457
f 450 441 457
f 456 450 457
f 459 456 457
f 460 459 457
f 461 460 457
f 462 461 457
f 463 461 462
f 466 465 464
f 467 464 465
f 468 467 465
f 469 467 468
f 471 470 457
f 463 457 470
f 456 463 455
f 452 455 463
f 453 452 463
f 449 453 463
f 448 449 463
f 442 448 463
f 444 442 463
f 470 444 463
f 470 466 444
f 472 444 466
f 443 444 472
f 464 472 466
f 467 443 472
f 469 443 467
f 473 443 469
f 474 443 473
f 475 443 474
f 478 477 476
f 479 476 477
f 480 476 479
f 481 479 477
f 484 483 482
f 485 482 483
f 487 486 483
f 485 483 486
f 488 485 486
f 489 488 486
f 490 488 489
f 491 490 489
f 494 493 492
f 495 492 493
f 496 495 493
f 497 496 493
f 481 482 479
f 492 479 482
f 488 492 482
f 485 488 482
f 498 492 488
f 494 492 498
f 498 499 494
f 500 494 499
f 501 500 499
f 493 501 499
f 490 493 499
f 504 503 502
f 505 502 503
f 506 505 503
f 509 508 507
f 510 507 508
f 511 507 510
f 512 507 511
f 515 514 513
f 517 516 514
f 513 514 516
f 502 506 518
f 518 520 519
f 521 519 520
f 522 519 521
f 523 519 522
f 524 519 523
f 525 519 524
f 526 519 525
f 527 519 526
f 528 519 527
f 512 519 528
f 529 519 512
f 530 519 529
f 531 530 529
f 532 519 530
f 533 519 532
f 534 530 531
f 535 534 531
f 536 534 535
f 517 536 535
f 514 536 517
f 515 536 514
f 538 537 503
f 539 503 537
f 509 503 539
f 507 503 509
f 506 503 507
f 518 506 507
f 540 518 507
f 520 518 540
f 533 532 541
f 542 541 532
f 530 541 542
f 543 541 530
f 544 541 543
f 534 541 544
f 545 541 534
f 536 541 545
f 515 541 536
f 513 541 515
f 520 540 522
f 523 522 540
f 507 523 540
f 524 523 507
f 527 524 507
f 512 527 507
f 528 527 512
f 512 511 529
f 510 529 511
f 531 529 510
f 546 531 510
f 535 531 546
f 549 548 547
f 550 547 548
f 551 547 550
f 552 551 550
f 555 554 553
f 556 553 554
f 557 553 556
f 558 553 557
f 559 553 558
f 560 553 559
f 561 560 559
f 562 561 559
f 565 564 563
f 566 563 564
f 567 566 564
f 562 566 567
f 568 566 562
f 569 568 562
f 572 571 570
f 573 570 571
f 574 573 571
f 565 573 574
f 563 573 565
f 547 551 575
f 576 575 551
f 577 575 576
f 576 551 578
f 581 580 579
f 582 579 580
f 583 582 580
f 555 582 583
f 556 555 583
f 557 556 583
f 554 555 556
f 581 579 584
f 552 584 579
f 582 552 579
f 585 552 582
f 551 552 585
f 586 551 585
f 578 586 585
f 587 578 585
f 588 578 587
f 572 578 588
f 589 572 588
f 590 587 585
f 572 589 562
f 588 562 589
f 587 562 588
f 590 562 587
f 585 562 590
f 561 562 585
f 553 561 585
f 560 561 553
f 593 592 591
f 594 591 592
f 595 594 592
f 596 594 595
f 597 596 595
f 598 597 595
f 600 599 595
f 598 595 599
f 601 598 599
f 602 601 599
f 603 601 602
f 598 601 597
f 604 597 601
f 605 604 601
f 603 605 601
f 606 605 603
f 591 594 607
f 608 607 594
f 596 608 594
f 604 608 596
f 597 604 596
f 610 609 581
f 611 581 609
f 612 611 609
f 580 611 612
f 615 614 613
f 583 613 614
f 616 583 614
f 557 616 614
f 619 618 617
f 620 617 618
f 623 622 621
f 624 621 622
f 627 626 625
f 628 625 626
f 629 625 628
f 630 629 628
f 631 630 628
f 632 631 628
f 633 631 632
f 636 635 634
f 637 634 635
f 638 637 635
f 639 638 635
f 640 637 638
f 641 640 638
f 644 643 642
f 645 642 643
f 646 645 643
f 647 646 643
f 648 647 643
f 649 648 643
f 650 649 643
f 651 649 650
f 652 649 651
f 655 654 653
f 656 653 654
f 658 657 655
f 654 655 657
f 661 660 659
f 662 659 660
f 663 662 660
f 664 662 663
f 666 665 660
f 667 660 665
f 663 660 667
f 665 668 667
f 663 667 668
f 669 663 668
f 672 671 670
f 673 670 671
f 674 673 671
f 675 674 671
f 676 674 675
f 677 674 676
f 678 677 676
f 679 677 678
f 680 678 676
f 682 681 680
f 678 680 681
f 683 681 682
f 684 683 682
f 687 686 685
f 688 685 686
f 689 685 688
f 690 689 688
f 693 692 691
f 694 691 692
f 695 691 694
f 696 695 694
f 699 698 697
f 700 697 698
f 701 697 700
f 691 701 700
f 703 702 628
f 632 628 702
f 704 632 702
f 633 632 704
f 705 633 704
f 706 633 705
f 709 708 707
f 710 707 708
f 712 711 705
f 706 705 711
f 713 706 711
f 714 713 711
f 715 713 714
f 716 713 715
f 708 713 716
f 709 713 708
f 717 708 716
f 630 631 718
f 633 718 631
f 706 718 633
f 719 718 706
f 722 721 720
f 723 720 721
f 724 723 721
f 726 725 722
f 721 722 725
f 729 728 727
f 730 727 728
f 621 624 731
f 732 731 624
f 729 732 624
f 733 732 729
f 727 733 729
f 734 729 624
f 729 734 730
f 735 730 734
f 618 736 620
f 731 620 736
f 737 620 731
f 738 737 731
f 732 738 731
f 733 738 732
f 739 738 733
f 730 739 733
f 740 739 730
f 735 740 730
f 741 740 735
f 742 740 741
f 743 742 741
f 744 742 743
f 745 744 743
f 746 745 743
f 747 746 743
f 748 746 747
f 749 746 748
f 750 749 748
f 751 749 750
f 752 749 751
f 753 749 752
f 754 753 752
f 755 753 754
f 751 750 756
f 741 758 757
f 743 757 758
f 747 743 758
f 744 745 759
f 760 759 745
f 746 759 760
f 749 759 746
f 761 759 749
f 762 759 761
f 749 753 761
f 763 761 753
f 764 763 753
f 762 761 763
f 765 762 763
f 766 765 763
f 765 769 768
f 770 768 769
f 771 770 769
f 766 771 769
f 772 771 766
f 773 772 766
f 627 773 766
f 767 627 766
f 763 627 767
f 764 627 763
f 626 627 764
f 776 775 774
f 777 774 775
f 778 774 777
f 779 778 777
f 780 778 779
f 775 781 777
f 782 777 781
f 779 777 782
f 783 779 782
f 784 779 783
f 782 785 783
f 784 783 785
f 786 784 785
f 787 786 785
f 788 787 785
f 789 788 785
f 790 789 785
f 791 789 790
f 792 791 790
f 793 792 790
f 794 792 793
f 795 794 793
f 796 774 635
f 639 635 774
f 778 639 774
f 797 639 778
f 798 797 778
f 799 798 778
f 800 799 778
f 801 800 778
f 802 801 778
f 803 801 802
f 780 804 778
f 802 778 804
f 807 806 805
f 808 805 806
f 650 809 651
f 810 651 809
f 653 810 809
f 811 810 653
f 812 811 653
f 656 812 653
f 813 812 656
f 807 813 656
f 814 807 656
f 806 807 814
f 815 806 814
f 816 806 815
f 819 818 817
f 820 817 818
f 821 817 820
f 822 817 821
f 823 817 822
f 824 817 823
f 825 824 823
f 826 824 825
f 827 826 825
f 671 827 825
f 675 671 825
f 828 675 825
f 676 828 825
f 829 827 671
f 830 827 829
f 831 675 828
f 833 820 832
f 818 832 820
f 821 820 833
f 822 821 833
f 823 822 833
f 834 823 833
f 825 823 834
f 676 825 834
f 680 676 834
f 837 836 835
f 838 835 836
f 840 659 839
f 841 839 659
f 662 841 659
f 842 841 662
f 836 842 662
f 838 836 662
f 832 838 662
f 833 832 662
f 843 833 662
f 844 833 843
f 845 833 844
f 843 846 844
f 847 844 846
f 848 844 847
f 849 847 846
f 850 847 849
f 851 848 847
f 663 669 664
f 662 664 669
f 843 662 669
f 852 843 669
f 853 843 852
f 854 853 852
f 846 854 852
f 855 846 852
f 849 846 855
f 833 845 834
f 856 834 845
f 848 834 856
f 857 834 848
f 682 834 857
f 680 834 682
f 848 851 857
f 844 856 858
f 859 858 856
f 845 859 856
f 862 861 860
f 690 861 863
f 862 863 861
f 688 864 690
f 861 690 864
f 802 779 803
f 865 803 779
f 787 865 779
f 788 865 787
f 866 865 788
f 867 866 788
f 868 866 867
f 707 710 869
f 708 717 870
f 710 870 717
f 869 710 717
f 871 869 717
f 872 871 717
f 697 871 872
f 701 871 697
f 874 759 873
f 875 873 759
f 876 873 875
f 762 876 875
f 765 876 762
f 768 876 765
f 773 876 768
f 877 876 773
f 629 877 773
f 878 877 629
f 879 878 629
f 880 878 879
f 630 879 629
f 718 880 879
f 724 881 723
f 738 723 881
f 882 723 738
f 739 882 738
f 883 882 739
f 740 882 883
f 742 882 740
f 884 740 883
f 617 620 885
f 725 885 620
f 721 725 620
f 737 721 620
f 724 721 737
f 881 724 737
f 738 881 737
f 887 637 886
f 699 886 637
f 698 699 637
f 888 698 637
f 700 698 888
f 889 700 888
f 890 700 889
f 693 700 890
f 715 891 717
f 892 717 891
f 886 717 892
f 887 886 892
f 893 717 886
f 872 717 893
f 699 872 893
f 697 872 699
f 892 891 887
f 637 641 888
f 889 888 641
f 890 889 641
f 639 890 641
f 797 890 639
f 894 890 797
f 693 890 894
f 692 693 894
f 895 692 894
f 896 692 895
f 897 692 896
f 898 692 897
f 694 692 898
f 899 694 898
f 868 867 900
f 795 902 901
f 903 901 902
f 904 903 902
f 905 904 902
f 906 905 902
f 907 905 906
f 788 789 908
f 791 908 789
f 867 908 791
f 792 867 791
f 900 867 792
f 901 900 792
f 687 900 901
f 685 900 687
f 794 901 792
f 795 901 794
f 797 798 894
f 895 894 798
f 799 895 798
f 800 895 799
f 896 895 800
f 897 896 800
f 898 897 800
f 899 898 800
f 694 899 800
f 696 694 800
f 801 696 800
f 803 696 801
f 909 696 803
f 865 696 909
f 910 696 865
f 866 910 865
f 793 911 686
f 912 686 911
f 688 686 912
f 913 912 911
f 914 913 911
f 911 642 914
f 646 914 642
f 913 914 646
f 912 913 646
f 688 912 646
f 864 688 646
f 860 915 863
f 916 863 915
f 917 916 915
f 918 916 917
f 811 918 917
f 813 918 811
f 919 813 811
f 812 919 811
f 920 919 812
f 807 918 813
f 805 808 921
f 674 921 808
f 816 674 808
f 922 674 816
f 673 674 922
f 670 673 922
f 806 816 923
f 808 923 816
f 924 842 837
f 925 837 842
f 926 925 842
f 927 925 926
f 928 925 927
f 836 928 927
f 929 836 927
f 931 839 930
f 835 930 839
f 841 835 839
f 837 835 841
f 924 837 841
f 861 864 860
f 932 860 864
f 915 860 932
f 917 915 932
f 646 649 933
f 864 933 649
f 932 864 649
f 651 932 649
f 811 932 651
f 917 932 811
f 815 819 816
f 922 816 819
f 817 922 819
f 824 922 817
f 672 922 824
f 670 922 672
f 672 824 826
f 936 935 934
f 937 934 935
f 938 937 935
f 940 939 936
f 941 936 939
f 935 936 941
f 942 935 941
f 944 943 942
f 935 942 943
f 938 935 943
f 947 946 945
f 948 945 946
f 949 945 948
f 950 949 948
f 946 951 948
f 950 948 951
f 952 950 951
f 953 952 951
f 952 953 954
f 955 954 953
f 956 955 953
f 957 955 956
f 958 955 957
f 949 950 959
f 960 959 950
f 952 960 950
f 954 960 952
f 955 960 954
f 958 960 955
f 963 962 961
f 964 961 962
f 965 964 962
f 966 964 965
f 968 967 961
f 963 961 967
f 969 963 967
f 967 970 969
f 971 969 970
f 972 971 970
f 973 971 972
f 974 973 972
f 977 976 975
f 978 975 976
f 981 980 979
f 982 979 980
f 975 978 983
f 984 983 978
f 985 983 984
f 986 985 984
f 987 985 986
f 988 985 987
f 989 985 988
f 974 972 990
f 991 990 972
f 992 990 991
f 993 992 991
f 994 993 991
f 995 994 991
f 977 995 991
f 975 995 977
f 996 995 975
f 997 979 976
f 978 976 979
f 982 978 979
f 984 978 982
f 987 984 982
f 989 987 982
f 998 989 982
f 985 989 998
f 999 985 998
f 1000 985 999
f 1001 1000 999
f 1002 1000 1001
f 1003 1000 1002
f 1004 1003 1002
f 1001 1005 1002
f 1006 1002 1005
f 1007 1006 1005
f 1008 1007 1005
f 980 1009 982
f 1010 982 1009
f 1001 1010 1009
f 1011 1010 1001
f 1012 1011 1001
f 998 1011 1012
f 999 1012 1001
f 1002 1006 1013
f 1004 1013 1006
f 1014 1004 1006
f 1017 1016 1015
f 1018 1015 1016
f 1019 1018 1016
f 1020 1019 1016
f 1021 1020 1016
f 1022 1020 1021
f 1023 1020 1022
f 1024 1020 1023
f 995 1020 1024
f 996 1020 995
f 983 1020 996
f 1024 994 995
f 1027 1026 1025
f 1028 1025 1026
f 1029 1028 1026
f 1031 961 1030
f 964 1030 961
f 1027 1030 964
f 1029 1027 964
f 1028 1029 964
f 1032 1028 964
f 1032 1017 1033
f 1018 1033 1017
f 1019 1033 1018
f 1034 1033 1019
f 963 969 965
f 971 965 969
f 964 965 971
f 1032 964 971
f 1017 1032 971
f 1022 1017 971
f 974 1022 971
f 990 1022 974
f 993 1022 990
f 994 1022 993
f 1024 1022 994
f 1037 1036 1035
f 1038 1035 1036
f 1040 1039 1036
f 1038 1036 1039
f 1041 1038 1039
f 1042 1038 1041
f 1043 1038 1042
f 1039 1040 1044
f 1047 1046 1045
f 1048 1045 1046
f 1049 1048 1046
f 1051 1050 1046
f 1049 1046 1050
f 1052 1049 1050
f 1053 1052 1050
f 1054 1053 1050
f 1055 1054 1050
f 1058 1057 1056
f 1059 1056 1057
f 1060 1056 1059
f 1061 1056 1060
f 1062 1061 1060
f 1059 1057 1063
f 1066 1065 1064
f 1067 1064 1065
f 1068 1067 1065
f 1069 1068 1065
f 1070 1068 1069
f 1073 1072 1071
f 1074 1071 1072
f 1075 1074 1072
f 1076 1075 1072
f 1077 1076 1072
f 1078 1077 1072
f 1079 1078 1072
f 1080 1079 1072
f 1083 1082 1081
f 1084 1081 1082
f 1087 1086 1085
f 1088 1085 1086
f 1091 1090 1089
f 1092 1089 1090
f 1093 1092 1090
f 1096 1095 1094
f 1097 1094 1095
f 1100 1099 1098
f 1101 1098 1099
f 1104 1103 1102
f 1105 1102 1103
f 1108 1107 1106
f 1109 1106 1107
f 1110 1109 1107
f 1111 1110 1107
f 1112 1111 1107
f 1113 1112 1107
f 1114 1113 1107
f 1117 1116 1115
f 1118 1115 1116
f 1119 1118 1116
f 1120 1118 1119
f 1121 1118 1120
f 1124 1123 1122
f 1117 1122 1123
f 1125 1117 1123
f 1119 1117 1125
f 1128 1127 1126
f 1129 1126 1127
f 1132 1131 1130
f 1133 1130 1131
f 1134 1133 1131
f 1106 1134 1131
f 1127 1134 1106
f 1129 1127 1106
f 1124 1129 1106
f 1112 1124 1106
f 1123 1124 1112
f 1109 1112 1106
f 1135 1123 1112
f 1136 1123 1135
f 1112 1113 1135
f 1137 1135 1113
f 1138 1135 1137
f 1139 1137 1113
f 1140 1138 1137
f 1143 1142 1141
f 1144 1141 1142
f 1147 1146 1145
f 1148 1145 1146
f 1149 1145 1148
f 1150 1145 1149
f 1151 1150 1149
f 1152 1150 1151
f 1155 1154 1153
f 1156 1153 1154
f 1157 1153 1156
f 1160 1159 1158
f 1161 1158 1159
f 1163 1045 1162
f 1048 1162 1045
f 1049 1162 1048
f 1164 1162 1049
f 1052 1164 1049
f 1052 1053 1164
f 1054 1164 1053
f 1165 1164 1054
f 1055 1165 1054
f 1166 1165 1055
f 1167 1165 1166
f 1168 1166 1055
f 1169 1168 1055
f 1170 1167 1166
f 1171 1167 1170
f 1172 1167 1171
f 1173 1167 1172
f 1175 1174 1050
f 1055 1050 1174
f 1169 1055 1174
f 1176 1169 1174
f 1177 1169 1176
f 1178 1169 1177
f 1166 1169 1178
f 1180 1179 1178
f 1181 1178 1179
f 1166 1178 1181
f 1172 1166 1181
f 1182 1172 1181
f 1183 1182 1181
f 1184 1183 1181
f 1185 1184 1181
f 1186 1184 1185
f 1187 1184 1186
f 1058 1187 1186
f 1188 1058 1186
f 1057 1058 1188
f 1189 1057 1188
f 1190 1057 1189
f 1191 1057 1190
f 1188 1186 1192
f 1195 1194 1193
f 1196 1193 1194
f 1197 1196 1194
f 1198 1197 1194
f 1199 1198 1194
f 1200 1199 1194
f 1201 1056 1194
f 1061 1194 1056
f 1200 1194 1061
f 1202 1200 1061
f 1203 1202 1061
f 1073 1202 1203
f 1204 1073 1203
f 1072 1073 1204
f 1205 1072 1204
f 1068 1072 1205
f 1070 1072 1068
f 1206 1072 1070
f 1207 1072 1206
f 1203 1208 1204
f 1064 1204 1208
f 1066 1064 1208
f 1211 1210 1209
f 1212 1209 1210
f 1215 1214 1213
f 1074 1213 1214
f 1216 1213 1074
f 1217 1216 1074
f 1210 1217 1074
f 1212 1210 1074
f 1160 1212 1074
f 1075 1160 1074
f 1078 1160 1075
f 1159 1160 1078
f 1218 1159 1078
f 1078 1079 1218
f 1219 1218 1079
f 1220 1218 1219
f 1221 1218 1220
f 1222 1219 1079
f 1218 1223 1159
f 1161 1159 1223
f 1221 1161 1223
f 1220 1224 1221
f 1161 1221 1224
f 1225 1161 1224
f 1226 1225 1224
f 1227 1225 1226
f 1230 1229 1228
f 1231 1228 1229
f 1232 1231 1229
f 1233 1232 1229
f 1143 1233 1229
f 1081 1143 1229
f 1142 1143 1081
f 1083 1081 1229
f 1236 1235 1234
f 1237 1234 1235
f 1085 1088 1238
f 1239 1238 1088
f 1240 1239 1088
f 1236 1240 1088
f 1235 1236 1088
f 1241 1235 1088
f 1244 1243 1242
f 1245 1238 1090
f 1093 1090 1238
f 1246 1093 1238
f 1239 1246 1238
f 1236 1246 1239
f 1237 1246 1236
f 1244 1246 1237
f 1241 1244 1237
f 1247 1244 1241
f 1243 1244 1247
f 1094 1243 1247
f 1096 1094 1247
f 1237 1235 1241
f 1092 1093 1082
f 1084 1082 1093
f 1248 1084 1093
f 1244 1248 1093
f 1249 1248 1244
f 1250 1244 1093
f 1246 1250 1093
f 1251 1250 1246
f 1242 1249 1244
f 1094 1249 1242
f 1252 1249 1094
f 1097 1252 1094
f 1253 1252 1097
f 1254 1252 1253
f 1243 1094 1255
f 1242 1255 1094
f 1258 1257 1256
f 1259 1256 1257
f 1260 1259 1257
f 1261 1260 1257
f 1263 1262 1095
f 1097 1095 1262
f 1253 1097 1262
f 1264 1253 1262
f 1265 1253 1264
f 1266 1253 1265
f 1252 1253 1266
f 1268 1267 1266
f 1269 1266 1267
f 1252 1266 1269
f 1249 1252 1269
f 1270 1249 1269
f 1271 1270 1269
f 1272 1271 1269
f 1273 1272 1269
f 1258 1272 1273
f 1256 1272 1258
f 1260 1272 1256
f 1274 1272 1260
f 1108 1274 1260
f 1275 1108 1260
f 1107 1108 1275
f 1276 1275 1260
f 1277 1107 1275
f 1278 1107 1277
f 1279 1107 1278
f 1280 1107 1279
f 1276 1281 1275
f 1282 1275 1281
f 1285 1284 1283
f 1286 1283 1284
f 1288 1287 1147
f 1146 1147 1287
f 1153 1157 1289
f 1290 1289 1157
f 1291 1290 1157
f 1292 1290 1291
f 1293 1292 1291
f 1294 1293 1291
f 1284 1293 1294
f 1286 1284 1294
f 1295 1286 1294
f 1296 1295 1294
f 1297 1295 1296
f 1298 1295 1297
f 1299 1295 1298
f 1288 1299 1298
f 1300 1288 1298
f 1230 1288 1300
f 1228 1288 1230
f 1233 1288 1228
f 1287 1288 1233
f 1301 1287 1233
f 1143 1301 1233
f 1148 1301 1143
f 1149 1148 1143
f 1152 1149 1143
f 1141 1152 1143
f 1302 1152 1141
f 1123 1136 1125
f 1135 1304 1303
f 1136 1303 1304
f 1125 1136 1304
f 1119 1125 1304
f 1121 1119 1304
f 1305 1121 1304
f 1138 1121 1305
f 1306 1121 1138
f 1307 1121 1306
f 1138 1140 1306
f 1309 1290 1308
f 1292 1308 1290
f 1293 1308 1292
f 1285 1308 1293
f 1283 1308 1285
f 1293 1310 1285
f 1311 1285 1310
f 1284 1311 1310
f 1154 1158 1157
f 1312 1157 1158
f 1313 1157 1312
f 1314 1157 1313
f 1294 1157 1314
f 1315 1314 1313
f 1316 1314 1315
f 1317 1198 1214
f 1199 1214 1198
f 1318 1214 1199
f 1200 1214 1318
f 1319 1214 1200
f 1320 1214 1319
f 1202 1214 1320
f 1074 1214 1202
f 1073 1074 1202
f 1071 1074 1073
f 1323 1322 1321
f 1321 1195 1193
f 1201 1325 1324
f 1194 1324 1325
f 1167 1173 1326
f 1327 1326 1173
f 1182 1326 1327
f 1328 1326 1182
f 1183 1326 1328
f 1329 1326 1183
f 1330 1326 1329
f 1184 1326 1330
f 1331 1326 1184
f 1322 1331 1184
f 1332 1322 1184
f 1333 1322 1332
f 1187 1322 1333
f 1058 1322 1187
f 1056 1322 1058
f 1201 1322 1056
f 1321 1322 1201
f 1195 1321 1201
f 1324 1195 1201
f 1204 1064 1334
f 1335 1334 1064
f 1336 1335 1064
f 1205 1336 1064
f 1067 1205 1064
f 1068 1205 1067
f 1313 1161 1315
f 1225 1315 1161
f 1316 1315 1225
f 1314 1316 1225
f 1294 1314 1225
f 1296 1294 1225
f 1337 1296 1225
f 1338 1337 1225
f 1297 1338 1225
f 1339 1297 1225
f 1227 1339 1225
f 1340 1339 1227
f 1298 1340 1227
f 1300 1298 1227
f 1268 1342 1341
f 1266 1341 1342
f 1343 1266 1342
f 1098 1101 1262
f 1344 1262 1101
f 1264 1344 1101
f 1345 1264 1101
f 1346 1345 1101
f 1265 1346 1101
f 1347 1265 1101
f 1348 1347 1101
f 1268 1348 1101
f 1349 1348 1268
f 1341 1349 1268
f 1350 1268 1101
f 1267 1350 1101
f 1275 1352 1351
f 1353 1351 1352
f 1354 1353 1352
f 1355 1354 1352
f 1277 1355 1352
f 1356 1277 1352
f 1357 1277 1356
f 1282 1357 1356
f 1104 1357 1282
f 1278 1357 1104
f 1102 1278 1104
f 1358 1357 1278
f 1359 1278 1102
f 1279 1359 1102
f 1281 1104 1360
f 1282 1360 1104
f 1270 1271 1131
f 1361 1131 1271
f 1362 1131 1361
f 1272 1131 1362
f 1363 1131 1272
f 1364 1131 1363
f 1106 1131 1364
f 1274 1106 1364
f 1108 1106 1274
f 1365 1134 1128
f 1366 1128 1134
f 1367 1366 1134
f 1368 1366 1367
f 1369 1366 1368
f 1127 1366 1369
f 1371 1130 1370
f 1133 1370 1130
f 1128 1370 1133
f 1126 1370 1128
f 1372 1128 1133
f 1365 1128 1372
f 1287 1373 1146
f 1148 1146 1373
f 1374 1148 1373
f 1301 1148 1374
f 1217 1375 1211
f 1376 1211 1375
f 1377 1376 1375
f 1378 1376 1377
f 1379 1378 1377
f 1210 1378 1379
f 1381 1213 1380
f 1216 1380 1213
f 1382 1380 1216
f 1211 1380 1382
f 1209 1380 1211
f 1217 1211 1382
f 1385 1384 1383
f 1386 1383 1384
f 1383 1386 1387
f 1388 1387 1386
f 1389 1388 1386
f 1390 1389 1386
f 1391 1390 1386
f 1388 1389 1392
f 1393 1392 1389
f 1390 1393 1389
f 1396 1395 1394
f 1397 1394 1395
f 1398 1397 1395
f 1399 1397 1398
f 1402 1401 1400
f 1403 1400 1401
f 1405 1404 1401
f 1403 1401 1404
f 1406 1403 1404
f 1407 1406 1404
f 1398 1400 1399
f 1408 1399 1400
f 1403 1408 1400
f 1409 1408 1403
f 1403 1406 1409
f 1410 1409 1406
f 1411 1410 1406
f 1409 1411 1408
f 1412 1408 1411
f 1413 1412 1411
f 1414 1412 1413
f 1417 1416 1415
f 1418 1415 1416
f 1419 1415 1418
f 1422 1421 1420
f 1423 1420 1421
f 1424 1423 1421
f 1427 1426 1425
f 1428 1425 1426
f 1430 1429 1426
f 1428 1426 1429
f 1431 1428 1429
f 1434 1433 1432
f 1435 1432 1433
f 1431 1432 1435
f 1436 1432 1431
f 1437 1432 1436
f 1438 1432 1437
f 1439 1438 1437
f 1440 1439 1437
f 1443 1442 1441
f 1444 1441 1442
f 1445 1444 1442
f 1442 1446 1445
f 1447 1445 1446
f 1448 1447 1446
f 1440 1447 1448
f 1449 1447 1440
f 1450 1449 1440
f 1453 1452 1451
f 1454 1451 1452
f 1455 1454 1452
f 1456 1454 1455
f 1457 1454 1456
f 1458 1454 1457
f 1443 1454 1458
f 1453 1425 1452
f 1455 1452 1425
f 1428 1455 1425
f 1434 1455 1428
f 1431 1434 1428
f 1435 1434 1431
f 1433 1434 1435
f 1443 1458 1440
f 1457 1440 1458
f 1456 1440 1457
f 1432 1440 1456
f 1438 1440 1432
f 1439 1440 1438
f 1461 1460 1459
f 1462 1459 1460
f 1463 1462 1460
f 1464 1462 1463
f 1465 1462 1464
f 1468 1467 1466
f 1469 1466 1467
f 1470 1469 1467
f 1473 1472 1471
f 1476 1475 1474
f 1477 1474 1475
f 1472 1477 1475
f 1471 1472 1475
f 1478 1471 1475
f 1469 1478 1475
f 1470 1478 1469
f 1480 1459 1479
f 1462 1479 1459
f 1481 1479 1462
f 1482 1481 1462
f 1483 1482 1462
f 1484 1483 1462
f 1465 1484 1462
f 1485 1484 1465
f 1486 1485 1465
f 1471 1486 1465
f 1473 1471 1465
f 1476 1473 1465
f 1463 1487 1464
f 1465 1464 1487
f 1476 1465 1487
f 1475 1476 1487
f 1488 1475 1487
f 1468 1475 1488
f 1466 1475 1468
f 1469 1475 1466
f 1460 1489 1463
f 1487 1463 1489
f 1488 1487 1489
f 1490 1482 1484
f 1483 1484 1482
f 1491 1484 1483
f 1494 1493 1492
f 1495 1492 1493
f 1496 1495 1493
f 1498 1494 1497
f 1492 1497 1494
f 1501 1500 1499
f 1502 1499 1500
f 1503 1502 1500
f 1504 1503 1500
f 1505 1504 1500
f 1506 1505 1500
f 1507 1506 1500
f 1498 1507 1500
f 1494 1498 1500
f 1493 1494 1500
f 1508 1493 1500
f 1511 1510 1509
f 1501 1509 1510
f 1512 1509 1501
f 1513 1509 1512
f 1514 1509 1513
f 1515 1514 1513
f 1503 1514 1515
f 1504 1514 1503
f 1507 1514 1504
f 1501 1499 1512
f 1516 1512 1499
f 1502 1516 1499
f 1512 1516 1517
f 1502 1517 1516
f 1513 1517 1502
f 1515 1513 1502
f 1518 1515 1502
f 1503 1518 1502
f 1521 1520 1519
f 1522 1519 1520
f 1523 1519 1522
f 1524 1522 1520
f 1520 1525 1524
f 1526 1524 1525
f 1527 1526 1525
f 1530 1529 1528
f 1531 1528 1529
f 1532 1531 1529
f 1534 1519 1533
f 1535 1533 1519
f 1536 1535 1519
f 1523 1536 1519
f 1537 1536 1523
f 1538 1537 1523
f 1539 1538 1523
f 1540 1539 1523
f 1541 1540 1523
f 1542 1541 1523
f 1524 1526 1522
f 1523 1522 1526
f 1542 1523 1526
f 1543 1542 1526
f 1527 1543 1526
f 1530 1543 1527
f 1528 1543 1530
f 1531 1543 1528
f 1542 1545 1544
f 1541 1544 1545
f 1546 1541 1545
f 1547 1546 1545
f 1548 1546 1547
f 1543 1546 1548
f 1532 1546 1543
f 1543 1531 1532
f 1551 1550 1549
f 1552 1549 1550
f 1550 1553 1552
f 1554 1552 1553
f 1557 1556 1555
f 1558 1555 1556
f 1559 1558 1556
f 1560 1559 1556
f 1561 1559 1560
f 1560 1562 1561
f 1563 1561 1562
f 1564 1563 1562
f 1565 1563 1564
f 1562 1566 1564
f 1567 1564 1566
f 1570 1569 1568
f 1571 1568 1569
f 1572 1568 1562
f 1566 1562 1568
f 1573 1566 1568
f 1574 1573 1568
f 1571 1574 1568
f 1575 1574 1571
f 1576 1575 1571
f 1577 1575 1576
f 1578 1577 1576
f 1581 1580 1579
f 1582 1579 1580
f 1583 1582 1580
f 1584 1583 1580
f 1587 1586 1585
f 1588 1585 1586
f 1589 1588 1586
f 1590 1588 1589
f 1591 1588 1590
f 1592 1588 1591
f 1593 1588 1592
f 1594 1588 1593
f 1595 1594 1593
f 1596 1595 1593
f 1591 1597 1592
f 1600 1599 1598
f 1601 1598 1599
f 1587 1601 1599
f 1585 1601 1587
f 1555 1558 1602
f 1559 1602 1558
f 1603 1602 1559
f 1561 1603 1559
f 1563 1603 1561
f 1578 1605 1604
f 1606 1604 1605
f 1575 1578 1607
f 1608 1607 1578
f 1609 1608 1578
f 1610 1609 1578
f 1611 1610 1578
f 1612 1611 1578
f 1613 1612 1578
f 1604 1613 1578
f 1614 1613 1604
f 1615 1613 1614
f 1616 1615 1614
f 1617 1616 1614
f 1618 1616 1617
f 1619 1618 1617
f 1620 1618 1619
f 1621 1620 1619
f 1620 1623 1622
f 1621 1622 1623
f 1619 1579 1621
f 1622 1621 1579
f 1597 1622 1579
f 1624 1597 1579
f 1593 1597 1624
f 1582 1624 1579
f 1582 1583 1624
f 1593 1624 1583
f 1596 1593 1583
f 1584 1596 1583
f 1625 1596 1584
f 1626 1625 1584
f 1629 1628 1627
f 1600 1627 1628
f 1616 1600 1628
f 1630 1600 1616
f 1631 1600 1630
f 1599 1600 1631
f 1618 1599 1631
f 1587 1599 1618
f 1591 1587 1618
f 1620 1591 1618
f 1622 1591 1620
f 1597 1591 1622
f 1634 1633 1632
f 1635 1632 1633
f 1637 1636 1635
f 1575 1635 1636
f 1607 1635 1575
f 1608 1635 1607
f 1609 1635 1608
f 1610 1635 1609
f 1611 1635 1610
f 1632 1635 1611
f 1629 1632 1611
f 1612 1629 1611
f 1615 1629 1612
f 1616 1629 1615
f 1613 1615 1612
f 1564 1566 1565
f 1636 1565 1566
f 1573 1636 1566
f 1575 1636 1573
f 1604 1638 1614
f 1617 1614 1638
f 1639 1617 1638
f 1640 1617 1639
f 1641 1617 1640
f 1642 1617 1641
f 1645 1644 1643
f 1634 1643 1644
f 1635 1634 1644
f 1633 1634 1635
f 1604 1606 1638
f 1646 1638 1606
f 1639 1638 1646
f 1640 1639 1646
f 1641 1640 1646
f 1645 1637 1644
f 1635 1644 1637
f 1647 1636 1645
f 1637 1645 1636
f 1650 1649 1648
f 1651 1648 1649
f 1649 1652 1651
f 1653 1651 1652
f 1656 1655 1654
f 1657 1654 1655
f 1658 1654 1657
f 1659 1654 1658
f 1660 1658 1657
f 1661 1659 1658
f 1662 1659 1661
f 1663 1662 1661
f 1661 1664 1663
f 1654 1659 1665
f 1666 1665 1659
f 1662 1666 1659
f 1668 1667 1655
f 1657 1655 1667
f 1474 1477 1473
f 1472 1473 1477
f 1490 1481 1482
f 1456 1455 1669
f 1456 1669 1670
f 1432 1670 1669
f 1455 1671 1669
f 1672 1669 1671
f 1434 1672 1671
f 1434 1673 1672
f 1669 1672 1673
f 1432 1669 1673
f 1675 1674 1453
f 1425 1453 1674
f 1427 1425 1674
f 1678 1677 1676
f 1677 1679 1676
f 1680 1677 1678
f 1683 1682 1681
f 1684 1682 1683
f 1682 1685 1681
f 1261 1257 1273
f 1258 1273 1257
f 1687 1686 1174
f 1176 1174 1686
f 1177 1176 1686
f 1180 1177 1686
f 1178 1177 1180
f 1180 1686 1179
f 1025 1028 1032
f 1006 1007 1014
f 903 904 687
f 686 687 904
f 905 686 904
f 907 686 905
f 893 886 699
f 790 644 793
f 911 793 644
f 714 634 715
f 891 715 634
f 887 891 634
f 637 887 634
f 747 758 748
f 602 1688 603
f 606 603 1688
f 1689 606 1688
f 1690 1689 1688
f 585 1692 1691
f 1693 1691 1692
f 553 1691 1693
f 582 1694 1692
f 555 1692 1694
f 585 582 1692
f 555 553 1692
f 1693 1692 553
f 612 613 580
f 583 580 613
f 1697 1696 1695
f 1698 1695 1696
f 1699 1697 1695
f 1701 1698 1700
f 1697 1700 1698
f 1696 1697 1698
f 1701 1700 1699
f 1697 1699 1700
f 504 538 503
f 472 464 467
f 469 468 473
f 465 473 468
f 1704 1703 1702
f 1703 1704 1705
f 1706 1705 1704
f 1707 1706 1704
f 1708 1707 1704
f 1710 1709 1703
f 1702 1703 1709
f 1711 1709 1710
f 1712 1702 1709
f 409 386 394
f 1715 1714 1713
f 1714 1716 1713
f 1717 1714 1715
f 355 358 362
f 261 258 264
f 1720 1719 1718
f 1721 1718 1719
f 1722 1718 1721
f 1719 1723 1721
f 1724 1721 1723
f 1725 1724 1723
f 1728 1727 1726
f 1729 1726 1727
f 1730 1729 1727
f 1733 1732 1731
f 1734 1731 1732
f 1735 1734 1732
f 1736 1734 1735
f 1737 1736 1735
f 1738 1736 1737
f 1741 1740 1739
f 1742 1739 1740
f 1743 1742 1740
f 1731 1742 1743
f 1734 1742 1731
f 1745 1718 1744
f 1722 1744 1718
f 1746 1744 1722
f 1741 1746 1722
f 1739 1746 1741
f 1721 1724 1722
f 1741 1722 1724
f 1740 1741 1724
f 1725 1740 1724
f 1747 1740 1725
f 1748 1740 1747
f 1747 1749 1748
f 1740 1748 1749
f 1743 1740 1749
f 1750 1743 1749
f 1733 1743 1750
f 1731 1743 1733
f 1752 1751 1732
f 1726 1732 1751
f 1729 1732 1726
f 1730 1732 1729
f 1735 1732 1730
f 1738 1735 1730
f 1753 1738 1730
f 1754 1738 1753
f 1736 1738 1754
f 1755 1736 1754
f 1756 1736 1755
f 1757 1736 1756
f 1758 1757 1756
f 1759 1758 1756
f 1727 1760 1730
f 1753 1730 1760
f 1756 1753 1760
f 1761 1753 1756
f 1754 1753 1761
f 1762 1754 1761
f 1763 1754 1762
f 1764 1762 1761
f 1755 1761 1756
f 1763 1762 1755
f 1764 1755 1762
f 1761 1755 1764
f 1733 1752 1732
f 1750 1751 1733
f 1752 1733 1751
f 1767 1766 1765
f 1768 1765 1766
f 1769 1765 1768
f 1770 1769 1768
f 1771 1769 1770
f 1770 1768 1772
f 1766 1773 1768
f 1772 1768 1773
f 1774 1772 1773
f 1775 1774 1773
f 1776 1775 1773
f 1779 1778 1777
f 1780 1777 1778
f 1781 1780 1778
f 1783 1781 1782
f 1784 1782 1781
f 1778 1784 1781
f 1787 1786 1785
f 1788 1785 1786
f 1791 1790 1789
f 1780 1789 1790
f 1785 1780 1790
f 1787 1785 1790
f 1794 1793 1792
f 1795 1792 1793
f 1796 1795 1793
f 1797 1796 1793
f 1798 1795 1796
f 1799 1796 1797
f 1793 1800 1797
f 1801 1797 1800
f 1802 1801 1800
f 1805 1804 1803
f 1806 1803 1804
f 1806 1807 1803
f 1809 1805 1808
f 1803 1808 1805
f 1810 1808 1803
f 1812 1809 1811
f 1787 1795 1813
f 1796 1813 1795
f 1814 1813 1796
f 1799 1814 1796
f 1812 1814 1799
f 1815 1812 1799
f 1809 1812 1815
f 1806 1809 1815
f 1818 1817 1816
f 1819 1816 1817
f 1820 1819 1817
f 1780 1820 1817
f 1817 1777 1780
f 1785 1788 1821
f 1822 1821 1788
f 1813 1822 1788
f 1823 1822 1813
f 1824 1823 1813
f 1814 1823 1824
f 1826 1771 1825
f 1827 1825 1771
f 1828 1827 1771
f 1828 1779 1829
f 1770 1775 1771
f 1828 1771 1775
f 1779 1828 1775
f 1778 1779 1775
f 1782 1778 1775
f 1832 1831 1830
f 1833 1830 1831
f 1827 1833 1831
f 1828 1830 1834
f 1825 1835 1832
f 1831 1832 1835
f 1818 1777 1817
f 221 219 220
f 222 220 219
f 1838 1837 1836
f 1839 1836 1837
f 1837 222 1839
f 220 1837 222
f 1838 1837 220
f 221 1838 220
f 1836 1838 221
f 219 1836 221
f 1839 1836 219
f 222 1839 219
f 230 229 226
f 231 226 229
f 224 226 231
f 225 223 224
f 226 224 223
f 227 226 223
f 228 227 223
f 1842 1841 1840
f 1843 1840 1841
f 1844 1840 1843
f 1845 1840 1844
f 1847 1843 1846
f 1848 1846 1843
f 1841 1848 1843
f 1843 227 1844
f 226 1843 227
f 1847 1843 226
f 230 1847 226
f 1846 1847 230
f 229 1846 230
f 1848 1846 229
f 231 1848 229
f 1841 1848 231
f 224 1841 231
f 1842 1841 224
f 225 1842 224
f 1840 1842 225
f 223 1840 225
f 1845 1840 223
f 228 1845 223
f 1844 1845 228
f 227 1844 228
f 234 232 233
f 225 233 232
f 223 225 232
f 1851 1850 1849
f 1852 1849 1850
f 1853 1849 1852
f 1852 223 1853
f 225 1852 223
f 1850 1852 225
f 233 1850 225
f 1851 1850 233
f 234 1851 233
f 1849 1851 234
f 232 1849 234
f 1853 1849 232
f 223 1853 232
f 237 235 236
f 238 236 235
f 239 238 235
f 240 238 239
f 241 238 240
f 242 238 241
f 1856 1855 1854
f 1857 1854 1855
f 1858 1854 1857
f 1859 1858 1857
f 1860 1859 1857
f 1861 1860 1857
f 1860 240 1859
f 241 1860 240
f 1861 1860 241
f 242 1861 241
f 1857 1861 242
f 238 1857 242
f 1855 1857 238
f 236 1855 238
f 1856 1855 236
f 237 1856 236
f 1854 1856 237
f 235 1854 237
f 1858 1854 235
f 239 1858 235
f 1859 1858 239
f 240 1859 239
f 244 243 237
f 235 237 243
f 1863 1856 1862
f 1854 1862 1856
f 1856 235 1854
f 237 1856 235
f 1863 1856 237
f 244 1863 237
f 1862 1863 244
f 243 1862 244
f 1854 1862 243
f 235 1854 243
f 219 245 222
f 244 222 245
f 237 222 244
f 249 222 237
f 1866 1865 1864
f 1863 1864 1865
f 1856 1863 1865
f 1867 1856 1865
f 1867 237 1856
f 249 1867 237
f 1865 1867 249
f 222 1865 249
f 1866 1865 222
f 219 1866 222
f 1864 1866 219
f 245 1864 219
f 1863 1864 245
f 244 1863 245
f 1856 1863 244
f 237 1856 244
f 248 220 247
f 222 247 220
f 249 247 222
f 237 247 249
f 236 247 237
f 238 247 236
f 246 247 238
f 250 247 246
f 251 247 250
f 1868 247 251
f 253 247 1868
f 254 247 253
f 255 254 253
f 256 247 254
f 246 238 242
f 1871 1870 1869
f 1874 1873 1872
f 1875 1872 1873
f 1876 1875 1873
f 1877 1876 1873
f 1878 1877 1873
f 1871 1878 1873
f 1870 1871 1873
f 1879 1870 1873
f 1880 1879 1873
f 1881 1880 1873
f 1882 1881 1873
f 1883 1882 1873
f 1884 1882 1883
f 1885 1883 1873
f 1870 242 1869
f 246 1870 242
f 1879 1870 246
f 250 1879 246
f 1880 1879 250
f 251 1880 250
f 1881 1880 251
f 1868 1881 251
f 1882 1881 1868
f 253 1882 1868
f 1884 1882 253
f 255 1884 253
f 1883 1884 255
f 254 1883 255
f 1885 1883 254
f 256 1885 254
f 1873 1885 256
f 247 1873 256
f 1874 1873 247
f 248 1874 247
f 1872 1874 248
f 220 1872 248
f 1875 1872 220
f 222 1875 220
f 1876 1875 222
f 249 1876 222
f 1877 1876 249
f 237 1877 249
f 1878 1877 237
f 236 1878 237
f 1871 1878 236
f 238 1871 236
f 1869 1871 238
f 242 1869 238
f 259 257 258
f 260 258 257
f 261 258 260
f 1888 1887 1886
f 1889 1886 1887
f 1890 1889 1887
f 1887 261 1890
f 258 1887 261
f 1888 1887 258
f 259 1888 258
f 1886 1888 259
f 257 1886 259
f 1889 1886 257
f 260 1889 257
f 1890 1889 260
f 261 1890 260
f 263 247 262
f 256 262 247
f 254 262 256
f 255 262 254
f 230 262 255
f 226 262 230
f 260 262 226
f 227 260 226
f 257 262 260
f 259 262 257
f 261 260 227
f 264 261 227
f 265 264 227
f 266 264 265
f 246 242 250
f 241 250 242
f 251 250 241
f 240 251 241
f 1868 251 240
f 253 1868 240
f 234 253 240
f 233 253 234
f 225 253 233
f 255 253 225
f 230 255 225
f 229 230 225
f 224 229 225
f 231 229 224
f 1893 1892 1891
f 1894 1891 1892
f 1895 1894 1892
f 1896 1894 1895
f 1897 1896 1895
f 1898 1896 1897
f 1899 1896 1898
f 1900 1899 1898
f 1901 1900 1898
f 1902 1901 1898
f 1903 1901 1902
f 1904 1901 1903
f 1905 1901 1904
f 1906 1905 1904
f 1909 1908 1907
f 1910 1907 1908
f 1911 1910 1908
f 1902 1911 1908
f 1903 1902 1908
f 1912 1903 1908
f 1913 1912 1908
f 1914 1912 1913
f 1915 1913 1908
f 1916 1915 1908
f 1917 1914 1913
f 1918 1914 1917
f 1919 1914 1918
f 1920 1919 1918
f 1905 225 1901
f 224 1905 225
f 1906 1905 224
f 231 1906 224
f 1904 1906 231
f 229 1904 231
f 1903 1904 229
f 230 1903 229
f 1912 1903 230
f 226 1912 230
f 1914 1912 226
f 227 1914 226
f 1919 1914 227
f 265 1919 227
f 1920 1919 265
f 266 1920 265
f 1918 1920 266
f 264 1918 266
f 1917 1918 264
f 261 1917 264
f 1913 1917 261
f 260 1913 261
f 1915 1913 260
f 257 1915 260
f 1916 1915 257
f 259 1916 257
f 1908 1916 259
f 262 1908 259
f 1909 1908 262
f 263 1909 262
f 1907 1909 263
f 247 1907 263
f 1910 1907 247
f 256 1910 247
f 1911 1910 256
f 254 1911 256
f 1902 1911 254
f 255 1902 254
f 1898 1902 255
f 253 1898 255
f 1897 1898 253
f 1868 1897 253
f 1895 1897 1868
f 251 1895 1868
f 1892 1895 251
f 250 1892 251
f 1893 1892 250
f 246 1893 250
f 1891 1893 246
f 242 1891 246
f 1894 1891 242
f 241 1894 242
f 1896 1894 241
f 240 1896 241
f 1899 1896 240
f 234 1899 240
f 1900 1899 234
f 233 1900 234
f 1901 1900 233
f 225 1901 233
f 269 267 268
f 270 268 267
f 271 268 270
f 272 271 270
f 1923 1922 1921
f 1924 1921 1922
f 1925 1924 1922
f 1926 1924 1925
f 1925 272 1926
f 271 1925 272
f 1922 1925 271
f 268 1922 271
f 1923 1922 268
f 269 1923 268
f 1921 1923 269
f 267 1921 269
f 1924 1921 267
f 270 1924 267
f 1926 1924 270
f 272 1926 270
f 279 277 278
f 280 278 277
f 1929 1928 1927
f 1930 1927 1928
f 1928 280 1930
f 278 1928 280
f 1929 1928 278
f 279 1929 278
f 1927 1929 279
f 277 1927 279
f 1930 1927 277
f 280 1930 277
f 282 278 281
f 280 281 278
f 283 281 280
f 292 281 283
f 293 281 292
f 1931 281 293
f 1932 1931 293
f 284 1932 293
f 285 1932 284
f 1935 1934 1933
f 1936 1933 1934
f 1937 1936 1934
f 1938 1937 1934
f 1939 1938 1934
f 1940 1939 1934
f 1941 1939 1940
f 1942 1939 1941
f 1943 1942 1941
f 1943 284 1942
f 285 1943 284
f 1941 1943 285
f 1932 1941 285
f 1940 1941 1932
f 1931 1940 1932
f 1934 1940 1931
f 281 1934 1931
f 1935 1934 281
f 282 1935 281
f 1933 1935 282
f 278 1933 282
f 1936 1933 278
f 280 1936 278
f 1937 1936 280
f 283 1937 280
f 1938 1937 283
f 292 1938 283
f 1939 1938 292
f 293 1939 292
f 1942 1939 293
f 284 1942 293
f 288 286 294
f 289 294 286
f 295 294 289
f 287 295 289
f 290 287 289
f 291 290 289
f 1946 1945 1944
f 1947 1944 1945
f 1948 1947 1945
f 1949 1947 1948
f 1950 1947 1949
f 1951 1947 1950
f 1948 287 1949
f 295 1948 287
f 1945 1948 295
f 294 1945 295
f 1946 1945 294
f 288 1946 294
f 1944 1946 288
f 286 1944 288
f 1947 1944 286
f 289 1947 286
f 1951 1947 289
f 291 1951 289
f 1950 1951 291
f 290 1950 291
f 1949 1950 290
f 287 1949 290
f 292 288 293
f 294 293 288
f 295 293 294
f 287 293 295
f 284 293 287
f 271 272 277
f 286 277 272
f 283 277 286
f 280 277 283
f 292 283 286
f 288 292 286
f 1953 1927 1952
f 1954 1952 1927
f 1955 1954 1927
f 1930 1955 1927
f 1956 1954 1955
f 1957 1954 1956
f 1956 1958 1957
f 1959 1957 1958
f 1960 1959 1958
f 1961 1960 1958
f 1962 1961 1958
f 1957 286 1954
f 288 1957 286
f 1959 1957 288
f 294 1959 288
f 1960 1959 294
f 295 1960 294
f 1961 1960 295
f 287 1961 295
f 1962 1961 287
f 284 1962 287
f 1958 1962 284
f 293 1958 284
f 1956 1958 293
f 292 1956 293
f 1955 1956 292
f 283 1955 292
f 1930 1955 283
f 280 1930 283
f 1927 1930 280
f 277 1927 280
f 1953 1927 277
f 271 1953 277
f 1952 1953 271
f 272 1952 271
f 1954 1952 272
f 286 1954 272
f 304 302 303
f 296 303 302
f 298 303 296
f 305 303 298
f 299 297 296
f 298 296 297
f 300 298 297
f 301 300 297
f 1965 1964 1963
f 1966 1963 1964
f 1967 1964 1965
f 1968 1964 1967
f 1971 1970 1969
f 1963 1969 1970
f 1965 1963 1970
f 1972 1965 1970
f 1970 305 1972
f 303 1970 305
f 1971 1970 303
f 304 1971 303
f 1969 1971 304
f 302 1969 304
f 1963 1969 302
f 296 1963 302
f 1966 1963 296
f 299 1966 296
f 1964 1966 299
f 297 1964 299
f 1968 1964 297
f 301 1968 297
f 1967 1968 301
f 300 1967 301
f 1965 1967 300
f 298 1965 300
f 1972 1965 298
f 305 1972 298
f 303 305 306
f 307 306 305
f 1973 306 307
f 1976 1975 1974
f 1977 1974 1975
f 1978 1977 1975
f 1975 1973 1978
f 306 1975 1973
f 1976 1975 306
f 303 1976 306
f 1974 1976 303
f 305 1974 303
f 1977 1974 305
f 307 1977 305
f 1978 1977 307
f 1973 1978 307
f 312 1979 311
f 313 311 1979
f 314 311 313
f 1982 1981 1980
f 1983 1980 1981
f 1984 1983 1981
f 1981 314 1984
f 311 1981 314
f 1982 1981 311
f 312 1982 311
f 1980 1982 312
f 1979 1980 312
f 1983 1980 1979
f 313 1983 1979
f 1984 1983 313
f 314 1984 313
f 317 315 316
f 318 316 315
f 1987 1986 1985
f 1988 1985 1986
f 1986 318 1988
f 316 1986 318
f 1987 1986 316
f 317 1987 316
f 1985 1987 317
f 315 1985 317
f 1988 1985 315
f 318 1988 315
f 1979 320 313
f 321 313 320
f 322 313 321
f 314 313 322
f 323 322 321
f 324 323 321
f 325 324 321
f 326 325 321
f 1980 1983 1989
f 1990 1989 1983
f 1991 1990 1983
f 1984 1991 1983
f 1992 1990 1991
f 1993 1990 1992
f 1994 1990 1993
f 1995 1990 1994
f 1995 321 1990
f 326 1995 321
f 1994 1995 326
f 325 1994 326
f 1993 1994 325
f 324 1993 325
f 1992 1993 324
f 323 1992 324
f 1991 1992 323
f 322 1991 323
f 1984 1991 322
f 314 1984 322
f 1983 1984 314
f 313 1983 314
f 1980 1983 313
f 1979 1980 313
f 1989 1980 1979
f 320 1989 1979
f 1990 1989 320
f 321 1990 320
f 336 334 335
f 329 327 328
f 330 328 327
f 331 328 330
f 332 328 331
f 333 332 331
f 334 333 331
f 335 334 331
f 1979 335 331
f 320 1979 331
f 1998 1997 1996
f 1999 1996 1997
f 2000 1999 1997
f 2001 2000 1997
f 2002 2000 2001
f 2003 2000 2002
f 2004 2000 2003
f 2005 2000 2004
f 2006 2000 2005
f 2003 2007 2004
f 2005 320 2006
f 1979 2005 320
f 2004 2005 1979
f 335 2004 1979
f 2007 2004 335
f 336 2007 335
f 2003 2007 336
f 334 2003 336
f 2002 2003 334
f 333 2002 334
f 2001 2002 333
f 332 2001 333
f 1997 2001 332
f 328 1997 332
f 1998 1997 328
f 329 1998 328
f 1996 1998 329
f 327 1996 329
f 1999 1996 327
f 330 1999 327
f 2000 1999 330
f 331 2000 330
f 2006 2000 331
f 320 2006 331
f 1973 339 338
f 336 338 339
f 335 338 336
f 312 338 335
f 1979 312 335
f 1978 2009 2008
f 2010 2008 2009
f 2011 2010 2009
f 2012 2011 2009
f 2013 2011 2012
f 2012 1979 2013
f 312 2012 1979
f 2009 2012 312
f 338 2009 312
f 1978 2009 338
f 1973 1978 338
f 2008 1978 1973
f 339 2008 1973
f 2010 2008 339
f 336 2010 339
f 2011 2010 336
f 335 2011 336
f 2013 2011 335
f 1979 2013 335
f 340 311 315
f 314 315 311
f 318 315 314
f 322 318 314
f 323 318 322
f 324 318 323
f 325 318 324
f 326 318 325
f 341 318 326
f 351 341 326
f 2014 351 326
f 353 2014 326
f 342 353 326
f 321 342 326
f 354 342 321
f 344 354 321
f 345 354 344
f 343 354 345
f 346 343 345
f 347 346 345
f 348 346 347
f 349 348 347
f 2017 2016 2015
f 2018 2015 2016
f 2019 2018 2016
f 2020 2018 2019
f 2021 2020 2019
f 2022 2021 2019
f 2023 2022 2019
f 2024 2023 2019
f 2025 2024 2019
f 2026 2024 2025
f 2027 2024 2026
f 2028 2024 2027
f 2029 2024 2028
f 2030 2024 2029
f 2031 2030 2029
f 2032 2030 2031
f 2033 2032 2031
f 2034 2033 2031
f 2035 2033 2034
f 2036 2033 2035
f 2037 2036 2035
f 2038 2036 2037
f 2034 346 2035
f 343 2034 346
f 2031 2034 343
f 354 2031 343
f 2029 2031 354
f 342 2029 354
f 2028 2029 342
f 353 2028 342
f 2027 2028 353
f 2014 2027 353
f 2026 2027 2014
f 351 2026 2014
f 2025 2026 351
f 341 2025 351
f 2019 2025 341
f 318 2019 341
f 2016 2019 318
f 315 2016 318
f 2017 2016 315
f 340 2017 315
f 2015 2017 340
f 311 2015 340
f 2018 2015 311
f 314 2018 311
f 2020 2018 314
f 322 2020 314
f 2021 2020 322
f 323 2021 322
f 2022 2021 323
f 324 2022 323
f 2023 2022 324
f 325 2023 324
f 2024 2023 325
f 326 2024 325
f 2030 2024 326
f 321 2030 326
f 2032 2030 321
f 344 2032 321
f 2033 2032 344
f 345 2033 344
f 2036 2033 345
f 347 2036 345
f 2038 2036 347
f 349 2038 347
f 2037 2038 349
f 348 2037 349
f 2035 2037 348
f 346 2035 348
f 316 318 350
f 341 350 318
f 351 350 341
f 2014 350 351
f 353 350 2014
f 342 350 353
f 354 350 342
f 346 350 354
f 343 346 354
f 1986 2039 1988
f 2040 1988 2039
f 2041 2040 2039
f 2042 2041 2039
f 2043 2042 2039
f 2044 2043 2039
f 2045 2044 2039
f 2046 2045 2039
f 2047 2045 2046
f 2039 346 2046
f 350 2039 346
f 1986 2039 350
f 316 1986 350
f 1988 1986 316
f 318 1988 316
f 2040 1988 318
f 341 2040 318
f 2041 2040 341
f 351 2041 341
f 2042 2041 351
f 2014 2042 351
f 2043 2042 2014
f 353 2043 2014
f 2044 2043 353
f 342 2044 353
f 2045 2044 342
f 354 2045 342
f 2047 2045 354
f 343 2047 354
f 2046 2047 343
f 346 2046 343
f 357 355 356
f 358 356 355
f 359 356 358
f 2050 2049 2048
f 2051 2048 2049
f 2052 2051 2049
f 2052 358 2051
f 359 2052 358
f 2049 2052 359
f 356 2049 359
f 2050 2049 356
f 357 2050 356
f 2048 2050 357
f 355 2048 357
f 2051 2048 355
f 358 2051 355
f 298 300 305
f 301 305 300
f 297 305 301
f 299 305 297
f 307 305 299
f 329 307 299
f 328 307 329
f 1973 307 328
f 339 1973 328
f 336 339 328
f 332 336 328
f 333 336 332
f 334 336 333
f 361 360 302
f 357 302 360
f 296 302 357
f 356 296 357
f 359 296 356
f 358 296 359
f 362 296 358
f 299 296 362
f 363 299 362
f 364 299 363
f 330 299 364
f 327 299 330
f 329 299 327
f 2055 2054 2053
f 2056 2053 2054
f 2057 2056 2054
f 2058 2056 2057
f 2059 2058 2057
f 2060 2059 2057
f 2061 2060 2057
f 2062 2061 2057
f 2063 2061 2062
f 2064 2063 2062
f 2065 2064 2062
f 2066 2065 2062
f 2067 2066 2062
f 2070 2069 2068
f 2071 2068 2069
f 2072 2071 2069
f 2062 2072 2069
f 2073 2062 2069
f 2067 2062 2073
f 2074 2067 2073
f 2075 2074 2073
f 2076 2074 2075
f 2077 2074 2076
f 2078 2074 2077
f 2079 2078 2077
f 2080 2079 2077
f 2066 330 2065
f 327 2066 330
f 2067 2066 327
f 329 2067 327
f 2074 2067 329
f 328 2074 329
f 2078 2074 328
f 332 2078 328
f 2079 2078 332
f 333 2079 332
f 2080 2079 333
f 334 2080 333
f 2077 2080 334
f 336 2077 334
f 2076 2077 336
f 339 2076 336
f 2075 2076 339
f 1973 2075 339
f 2073 2075 1973
f 307 2073 1973
f 2069 2073 307
f 305 2069 307
f 2070 2069 305
f 298 2070 305
f 2068 2070 298
f 300 2068 298
f 2071 2068 300
f 301 2071 300
f 2072 2071 301
f 297 2072 301
f 2062 2072 297
f 299 2062 297
f 2057 2062 299
f 296 2057 299
f 2054 2057 296
f 302 2054 296
f 2055 2054 302
f 361 2055 302
f 2053 2055 361
f 360 2053 361
f 2056 2053 360
f 357 2056 360
f 2058 2056 357
f 356 2058 357
f 2059 2058 356
f 359 2059 356
f 2060 2059 359
f 358 2060 359
f 2061 2060 358
f 362 2061 358
f 2063 2061 362
f 363 2063 362
f 2064 2063 363
f 364 2064 363
f 2065 2064 364
f 330 2065 364
f 369 367 368
f 373 368 367
f 370 368 373
f 2083 2082 2081
f 2084 2081 2082
f 2085 2084 2082
f 2085 373 2084
f 370 2085 373
f 2082 2085 370
f 368 2082 370
f 2083 2082 368
f 369 2083 368
f 2081 2083 369
f 367 2081 369
f 2084 2081 367
f 373 2084 367
f 375 374 376
f 372 371 367
f 373 367 371
f 374 373 371
f 375 373 374
f 2087 2081 2086
f 2084 2086 2081
f 2088 2086 2084
f 2089 2088 2084
f 2088 2089 2090
f 2089 376 2090
f 375 2089 376
f 2084 2089 375
f 373 2084 375
f 2081 2084 373
f 367 2081 373
f 2087 2081 367
f 372 2087 367
f 2086 2087 372
f 371 2086 372
f 2088 2086 371
f 374 2088 371
f 2090 2088 374
f 376 2090 374
f 368 370 377
f 378 377 370
f 2093 2092 2091
f 2094 2091 2092
f 2092 378 2094
f 377 2092 378
f 2093 2092 377
f 368 2093 377
f 2091 2093 368
f 370 2091 368
f 2094 2091 370
f 378 2094 370
f 373 375 370
f 378 370 375
f 379 378 375
f 380 379 375
f 381 380 375
f 376 381 375
f 382 380 381
f 383 380 382
f 384 380 383
f 385 380 384
f 2096 2091 2095
f 2094 2095 2091
f 2097 2095 2094
f 2098 2095 2097
f 2099 2095 2098
f 2100 2095 2099
f 2101 2099 2098
f 2102 2101 2098
f 2103 2102 2098
f 2104 2103 2098
f 2097 380 2098
f 379 2097 380
f 2094 2097 379
f 378 2094 379
f 2091 2094 378
f 370 2091 378
f 2096 2091 370
f 373 2096 370
f 2095 2096 373
f 375 2095 373
f 2100 2095 375
f 376 2100 375
f 2099 2100 376
f 381 2099 376
f 2101 2099 381
f 382 2101 381
f 2102 2101 382
f 383 2102 382
f 2103 2102 383
f 384 2103 383
f 2104 2103 384
f 385 2104 384
f 2098 2104 385
f 380 2098 385
f 391 389 390
f 392 390 389
f 386 392 389
f 393 392 386
f 388 386 387
f 389 387 386
f 2107 2106 2105
f 2108 2105 2106
f 2110 2109 2108
f 2111 2108 2109
f 2105 2108 2111
f 2112 2105 2111
f 2109 392 2111
f 390 2109 392
f 2110 2109 390
f 391 2110 390
f 2108 2110 391
f 389 2108 391
f 2106 2108 389
f 387 2106 389
f 2107 2106 387
f 388 2107 387
f 2105 2107 388
f 386 2105 388
f 2112 2105 386
f 393 2112 386
f 2111 2112 393
f 392 2111 393
f 386 394 393
f 392 393 394
f 395 392 394
f 2105 2112 2113
f 2111 2113 2112
f 2114 2113 2111
f 2112 392 2111
f 393 2112 392
f 2105 2112 393
f 386 2105 393
f 2113 2105 386
f 394 2113 386
f 2114 2113 394
f 395 2114 394
f 2111 2114 395
f 392 2111 395
f 398 396 397
f 399 397 396
f 400 399 396
f 401 400 396
f 402 401 396
f 403 402 396
f 2117 2116 2115
f 2118 2115 2116
f 2119 2115 2118
f 2120 2115 2119
f 2121 2115 2120
f 2122 2115 2121
f 2121 403 2122
f 402 2121 403
f 2120 2121 402
f 401 2120 402
f 2119 2120 401
f 400 2119 401
f 2118 2119 400
f 399 2118 400
f 2116 2118 399
f 397 2116 399
f 2117 2116 397
f 398 2117 397
f 2115 2117 398
f 396 2115 398
f 2122 2115 396
f 403 2122 396
f 405 398 404
f 406 404 398
f 397 406 398
f 2124 2123 2117
f 2125 2117 2123
f 2116 2117 2125
f 2125 397 2116
f 406 2125 397
f 2123 2125 406
f 404 2123 406
f 2124 2123 404
f 405 2124 404
f 2117 2124 405
f 398 2117 405
f 2116 2117 398
f 397 2116 398
f 408 388 391
f 387 391 388
f 389 391 387
f 374 371 376
f 381 376 371
f 382 381 371
f 383 382 371
f 404 383 371
f 406 383 404
f 384 383 406
f 397 384 406
f 385 384 397
f 380 385 397
f 407 380 397
f 402 407 397
f 391 407 402
f 401 402 397
f 399 401 397
f 400 401 399
f 408 391 402
f 403 408 402
f 409 408 403
f 394 409 403
f 395 394 403
f 410 395 403
f 411 395 410
f 2128 2127 2126
f 2129 2126 2127
f 2130 2126 2129
f 2131 2126 2130
f 2132 2126 2131
f 2133 2132 2131
f 2134 2133 2131
f 2135 2133 2134
f 2136 2135 2134
f 2137 2135 2136
f 2138 2135 2137
f 2139 2135 2138
f 2140 2139 2138
f 2141 2135 2139
f 2142 2135 2141
f 2143 2142 2141
f 2144 2139 2140
f 2145 2139 2144
f 2146 2145 2144
f 2147 2145 2146
f 2148 2145 2147
f 2149 2145 2148
f 2150 2149 2148
f 2152 2151 2140
f 2153 2140 2151
f 2144 2140 2153
f 2149 403 2145
f 410 2149 403
f 2150 2149 410
f 411 2150 410
f 2148 2150 411
f 395 2148 411
f 2147 2148 395
f 394 2147 395
f 2146 2147 394
f 409 2146 394
f 2144 2146 409
f 408 2144 409
f 2153 2144 408
f 388 2153 408
f 2151 2153 388
f 387 2151 388
f 2152 2151 387
f 389 2152 387
f 2140 2152 389
f 391 2140 389
f 2138 2140 391
f 407 2138 391
f 2137 2138 407
f 380 2137 407
f 2136 2137 380
f 385 2136 380
f 2134 2136 385
f 384 2134 385
f 2131 2134 384
f 383 2131 384
f 2130 2131 383
f 382 2130 383
f 2129 2130 382
f 381 2129 382
f 2127 2129 381
f 376 2127 381
f 2128 2127 376
f 374 2128 376
f 2126 2128 374
f 371 2126 374
f 2132 2126 371
f 404 2132 371
f 2133 2132 404
f 406 2133 404
f 2135 2133 406
f 397 2135 406
f 2142 2135 397
f 399 2142 397
f 2143 2142 399
f 400 2143 399
f 2141 2143 400
f 401 2141 400
f 2139 2141 401
f 402 2139 401
f 2145 2139 402
f 403 2145 402
f 408 409 388
f 386 388 409
f 2156 2155 2154
f 2157 2154 2155
f 2155 386 2157
f 388 2155 386
f 2156 2155 388
f 408 2156 388
f 2154 2156 408
f 409 2154 408
f 2157 2154 409
f 386 2157 409
f 414 412 413
f 415 413 412
f 416 413 415
f 417 413 416
f 2160 2159 2158
f 2161 2158 2159
f 2162 2161 2159
f 2163 2162 2159
f 2163 416 2162
f 417 2163 416
f 2159 2163 417
f 413 2159 417
f 2160 2159 413
f 414 2160 413
f 2158 2160 414
f 412 2158 414
f 2161 2158 412
f 415 2161 412
f 2162 2161 415
f 416 2162 415
f 420 418 419
f 421 419 418
f 422 419 421
f 423 419 422
f 2166 2165 2164
f 2167 2164 2165
f 2168 2167 2165
f 2169 2168 2165
f 2167 418 2164
f 421 2167 418
f 2168 2167 421
f 422 2168 421
f 2169 2168 422
f 423 2169 422
f 2165 2169 423
f 419 2165 423
f 2166 2165 419
f 420 2166 419
f 2164 2166 420
f 418 2164 420
f 426 424 425
f 431 425 424
f 428 431 424
f 427 431 428
f 429 427 428
f 2172 2171 2170
f 2173 2170 2171
f 2174 2170 2173
f 2175 2174 2173
f 2176 2174 2175
f 2175 429 2176
f 427 2175 429
f 2173 2175 427
f 431 2173 427
f 2171 2173 431
f 425 2171 431
f 2172 2171 425
f 426 2172 425
f 2170 2172 426
f 424 2170 426
f 2174 2170 424
f 428 2174 424
f 2176 2174 428
f 429 2176 428
f 430 425 415
f 416 415 425
f 431 416 425
f 427 416 431
f 429 416 427
f 421 416 429
f 432 416 421
f 418 432 421
f 2179 2178 2177
f 2180 2177 2178
f 2181 2177 2180
f 2182 2181 2180
f 2183 2182 2180
f 2167 2183 2180
f 2184 2167 2180
f 2164 2167 2184
f 2167 429 2183
f 421 2167 429
f 2164 2167 421
f 418 2164 421
f 2184 2164 418
f 432 2184 418
f 2180 2184 432
f 416 2180 432
f 2178 2180 416
f 415 2178 416
f 2179 2178 415
f 430 2179 415
f 2177 2179 430
f 425 2177 430
f 2181 2177 425
f 431 2181 425
f 2182 2181 431
f 427 2182 431
f 2183 2182 427
f 429 2183 427
f 433 430 412
f 415 412 430
f 2186 2185 2179
f 2178 2179 2185
f 2185 415 2178
f 412 2185 415
f 2186 2185 412
f 433 2186 412
f 2179 2186 433
f 430 2179 433
f 2178 2179 430
f 415 2178 430
f 417 416 434
f 432 434 416
f 2188 2187 2180
f 2184 2180 2187
f 2187 432 2184
f 434 2187 432
f 2188 2187 434
f 417 2188 434
f 2180 2188 417
f 416 2180 417
f 2184 2180 416
f 432 2184 416
f 437 435 2189
f 438 2189 435
f 2192 2191 2190
f 2193 2190 2191
f 2191 438 2193
f 2189 2191 438
f 2192 2191 2189
f 437 2192 2189
f 2190 2192 437
f 435 2190 437
f 2193 2190 435
f 438 2193 435
f 440 437 439
f 2189 439 437
f 2195 2194 2192
f 2191 2192 2194
f 2194 2189 2191
f 439 2194 2189
f 2195 2194 439
f 440 2195 439
f 2192 2195 440
f 437 2192 440
f 2191 2192 437
f 2189 2191 437
f 444 442 443
f 445 443 442
f 446 443 445
f 2198 2197 2196
f 2199 2196 2197
f 2200 2199 2197
f 2198 443 2197
f 444 2198 443
f 2196 2198 444
f 442 2196 444
f 2199 2196 442
f 445 2199 442
f 2200 2199 445
f 446 2200 445
f 2197 2200 446
f 443 2197 446
f 449 447 448
f 442 448 447
f 445 442 447
f 2203 2202 2201
f 2196 2201 2202
f 2199 2201 2196
f 2196 445 2199
f 442 2196 445
f 2202 2196 442
f 448 2202 442
f 2203 2202 448
f 449 2203 448
f 2201 2203 449
f 447 2201 449
f 2199 2201 447
f 445 2199 447
f 2189 438 450
f 451 450 438
f 452 450 451
f 453 452 451
f 454 450 452
f 455 450 454
f 2191 2204 2193
f 2205 2193 2204
f 2206 2205 2204
f 2207 2205 2206
f 2208 2206 2204
f 2209 2208 2204
f 2206 453 2207
f 452 2206 453
f 2208 2206 452
f 454 2208 452
f 2209 2208 454
f 455 2209 454
f 2204 2209 455
f 450 2204 455
f 2191 2204 450
f 2189 2191 450
f 2193 2191 2189
f 438 2193 2189
f 2205 2193 438
f 451 2205 438
f 2207 2205 451
f 453 2207 451
f 458 439 457
f 2189 457 439
f 450 457 2189
f 456 457 450
f 2210 457 456
f 460 457 2210
f 461 457 460
f 462 457 461
f 463 462 461
f 456 450 455
f 2204 2211 2209
f 2213 2212 2194
f 2191 2194 2212
f 2204 2191 2212
f 2211 2204 2212
f 2214 2211 2212
f 2215 2214 2212
f 2216 2215 2212
f 2217 2216 2212
f 2218 2216 2217
f 2211 455 2209
f 456 2211 455
f 2214 2211 456
f 2210 2214 456
f 2215 2214 2210
f 460 2215 2210
f 2216 2215 460
f 461 2216 460
f 2218 2216 461
f 463 2218 461
f 2217 2218 463
f 462 2217 463
f 2212 2217 462
f 457 2212 462
f 2213 2212 457
f 458 2213 457
f 2194 2213 458
f 439 2194 458
f 2191 2194 439
f 2189 2191 439
f 2204 2191 2189
f 450 2204 2189
f 2209 2204 450
f 455 2209 450
f 466 464 465
f 467 465 464
f 468 465 467
f 469 468 467
f 2221 2220 2219
f 2222 2219 2220
f 2223 2222 2220
f 2224 2222 2223
f 2223 469 2224
f 468 2223 469
f 2220 2223 468
f 465 2220 468
f 2221 2220 465
f 466 2221 465
f 2219 2221 466
f 464 2219 466
f 2222 2219 464
f 467 2222 464
f 2224 2222 467
f 469 2224 467
f 471 457 470
f 462 470 457
f 463 470 462
f 470 444 466
f 472 466 444
f 443 472 444
f 464 466 472
f 467 472 443
f 469 467 443
f 473 469 443
f 474 473 443
f 475 474 443
f 456 455 2210
f 454 2210 455
f 460 2210 454
f 461 460 454
f 463 461 454
f 452 463 454
f 453 463 452
f 449 463 453
f 448 463 449
f 442 463 448
f 444 463 442
f 470 463 444
f 2227 2226 2225
f 2228 2225 2226
f 2229 2228 2226
f 2232 2231 2230
f 2233 2230 2231
f 2234 2233 2231
f 2235 2233 2234
f 2229 2233 2235
f 2236 2233 2229
f 2237 2236 2229
f 2238 2237 2229
f 2239 2238 2229
f 2240 2239 2229
f 2241 2240 2229
f 2226 2241 2229
f 2226 2242 2241
f 2243 2241 2242
f 2244 2241 2243
f 2245 2243 2242
f 2246 2244 2243
f 2247 2244 2246
f 2248 2244 2247
f 2249 2244 2248
f 2250 2244 2249
f 2241 442 2240
f 444 2241 442
f 2244 2241 444
f 443 2244 444
f 2250 2244 443
f 475 2250 443
f 2249 2250 475
f 474 2249 475
f 2248 2249 474
f 473 2248 474
f 2247 2248 473
f 469 2247 473
f 2246 2247 469
f 467 2246 469
f 2243 2246 467
f 472 2243 467
f 2245 2243 472
f 464 2245 472
f 2242 2245 464
f 466 2242 464
f 2226 2242 466
f 470 2226 466
f 2227 2226 470
f 471 2227 470
f 2225 2227 471
f 457 2225 471
f 2228 2225 457
f 462 2228 457
f 2229 2228 462
f 463 2229 462
f 2235 2229 463
f 461 2235 463
f 2234 2235 461
f 460 2234 461
f 2231 2234 460
f 2210 2231 460
f 2232 2231 2210
f 456 2232 2210
f 2230 2232 456
f 455 2230 456
f 2233 2230 455
f 454 2233 455
f 2236 2233 454
f 452 2236 454
f 2237 2236 452
f 453 2237 452
f 2238 2237 453
f 449 2238 453
f 2239 2238 449
f 448 2239 449
f 2240 2239 448
f 442 2240 448
f 478 476 477
f 479 477 476
f 480 479 476
f 481 477 479
f 2253 2252 2251
f 2254 2251 2252
f 2255 2251 2254
f 2256 2254 2252
f 2256 479 2254
f 481 2256 479
f 2252 2256 481
f 477 2252 481
f 2253 2252 477
f 478 2253 477
f 2251 2253 478
f 476 2251 478
f 2255 2251 476
f 480 2255 476
f 2254 2255 480
f 479 2254 480
f 484 482 483
f 485 483 482
f 2259 2258 2257
f 2260 2257 2258
f 2258 485 2260
f 483 2258 485
f 2259 2258 483
f 484 2259 483
f 2257 2259 484
f 482 2257 484
f 2260 2257 482
f 485 2260 482
f 487 483 486
f 485 486 483
f 488 486 485
f 498 486 488
f 499 486 498
f 489 486 499
f 491 489 499
f 490 491 499
f 2262 2261 2258
f 2260 2258 2261
f 2263 2260 2261
f 2264 2263 2261
f 2265 2264 2261
f 2266 2265 2261
f 2267 2265 2266
f 2268 2265 2267
f 2267 490 2268
f 491 2267 490
f 2266 2267 491
f 489 2266 491
f 2261 2266 489
f 486 2261 489
f 2262 2261 486
f 487 2262 486
f 2258 2262 487
f 483 2258 487
f 2260 2258 483
f 485 2260 483
f 2263 2260 485
f 488 2263 485
f 2264 2263 488
f 498 2264 488
f 2265 2264 498
f 499 2265 498
f 2268 2265 499
f 490 2268 499
f 494 492 500
f 495 500 492
f 501 500 495
f 493 501 495
f 496 493 495
f 497 493 496
f 2271 2270 2269
f 2272 2269 2270
f 2273 2272 2270
f 2274 2272 2273
f 2275 2272 2274
f 2276 2275 2274
f 2273 493 2274
f 501 2273 493
f 2270 2273 501
f 500 2270 501
f 2271 2270 500
f 494 2271 500
f 2269 2271 494
f 492 2269 494
f 2272 2269 492
f 495 2272 492
f 2275 2272 495
f 496 2275 495
f 2276 2275 496
f 497 2276 496
f 2274 2276 497
f 493 2274 497
f 498 494 499
f 500 499 494
f 501 499 500
f 493 499 501
f 490 499 493
f 481 479 482
f 492 482 479
f 488 482 492
f 485 482 488
f 498 488 492
f 494 498 492
f 2278 2257 2277
f 2279 2277 2257
f 2263 2279 2257
f 2260 2263 2257
f 2264 2279 2263
f 2280 2279 2264
f 2264 2265 2280
f 2281 2280 2265
f 2282 2281 2265
f 2283 2282 2265
f 2268 2283 2265
f 2280 492 2279
f 494 2280 492
f 2281 2280 494
f 500 2281 494
f 2282 2281 500
f 501 2282 500
f 2283 2282 501
f 493 2283 501
f 2268 2283 493
f 490 2268 493
f 2265 2268 490
f 499 2265 490
f 2264 2265 499
f 498 2264 499
f 2263 2264 498
f 488 2263 498
f 2260 2263 488
f 485 2260 488
f 2257 2260 485
f 482 2257 485
f 2278 2257 482
f 481 2278 482
f 2277 2278 481
f 479 2277 481
f 2279 2277 479
f 492 2279 479
f 504 502 503
f 505 503 502
f 506 503 505
f 2286 2285 2284
f 2287 2284 2285
f 2288 2287 2285
f 2286 503 2285
f 504 2286 503
f 2284 2286 504
f 502 2284 504
f 2287 2284 502
f 505 2287 502
f 2288 2287 505
f 506 2288 505
f 2285 2288 506
f 503 2285 506
f 509 2289 508
f 510 508 2289
f 2290 510 2289
f 529 510 2290
f 2293 2292 2291
f 2294 2291 2292
f 2295 2291 2294
f 2296 2295 2294
f 2294 529 2296
f 510 2294 529
f 2292 2294 510
f 508 2292 510
f 2293 2292 508
f 509 2293 508
f 2291 2293 509
f 2289 2291 509
f 2295 2291 2289
f 2290 2295 2289
f 2296 2295 2290
f 529 2296 2290
f 517 514 516
f 513 516 514
f 514 515 513
f 2299 2298 2297
f 2301 2300 2298
f 2297 2298 2300
f 2298 517 2301
f 514 2298 517
f 2299 2298 514
f 515 2299 514
f 2297 2299 515
f 513 2297 515
f 2300 2297 513
f 516 2300 513
f 2301 2300 516
f 517 2301 516
f 538 503 537
f 539 537 503
f 509 539 503
f 2289 509 503
f 506 2289 503
f 518 2289 506
f 519 2289 518
f 2290 2289 519
f 529 2290 519
f 542 529 519
f 530 529 542
f 531 529 530
f 533 542 519
f 532 542 533
f 543 531 530
f 544 531 543
f 534 531 544
f 535 531 534
f 2302 535 534
f 517 535 2302
f 536 517 2302
f 514 517 536
f 515 514 536
f 502 518 505
f 506 505 518
f 2305 2304 2303
f 2306 2303 2304
f 2309 2308 2307
f 2310 2307 2308
f 2311 2307 2310
f 2312 2307 2311
f 2306 2307 2312
f 2303 2306 2312
f 2313 2303 2312
f 2314 2313 2312
f 2315 2313 2314
f 2316 2313 2315
f 2317 2316 2315
f 2318 2317 2315
f 2319 2313 2316
f 2320 2319 2316
f 2321 2317 2318
f 2322 2321 2318
f 2323 2322 2318
f 2324 2323 2318
f 2325 2323 2324
f 2326 2325 2324
f 2327 2325 2326
f 2328 2327 2326
f 2329 2327 2328
f 2320 533 2319
f 532 2320 533
f 2316 2320 532
f 542 2316 532
f 2317 2316 542
f 530 2317 542
f 2321 2317 530
f 543 2321 530
f 2322 2321 543
f 544 2322 543
f 2323 2322 544
f 534 2323 544
f 2325 2323 534
f 2302 2325 534
f 2327 2325 2302
f 536 2327 2302
f 2329 2327 536
f 515 2329 536
f 2328 2329 515
f 514 2328 515
f 2326 2328 514
f 517 2326 514
f 2324 2326 517
f 535 2324 517
f 2318 2324 535
f 531 2318 535
f 2315 2318 531
f 529 2315 531
f 2314 2315 529
f 2290 2314 529
f 2312 2314 2290
f 2289 2312 2290
f 2311 2312 2289
f 509 2311 2289
f 2310 2311 509
f 539 2310 509
f 2308 2310 539
f 537 2308 539
f 2309 2308 537
f 538 2309 537
f 2307 2309 538
f 503 2307 538
f 2306 2307 503
f 506 2306 503
f 2304 2306 506
f 505 2304 506
f 2305 2304 505
f 502 2305 505
f 2303 2305 502
f 518 2303 502
f 2313 2303 518
f 519 2313 518
f 2319 2313 519
f 533 2319 519
f 533 541 532
f 542 532 541
f 530 542 541
f 543 530 541
f 544 543 541
f 534 544 541
f 2302 534 541
f 536 2302 541
f 515 536 541
f 513 515 541
f 2332 2331 2330
f 2333 2330 2331
f 2334 2330 2333
f 2335 2330 2334
f 2336 2330 2335
f 2337 2330 2336
f 2338 2330 2337
f 2339 2330 2338
f 2299 2330 2339
f 2297 2330 2299
f 2299 513 2297
f 515 2299 513
f 2339 2299 515
f 536 2339 515
f 2338 2339 536
f 2302 2338 536
f 2337 2338 2302
f 534 2337 2302
f 2336 2337 534
f 544 2336 534
f 2335 2336 544
f 543 2335 544
f 2334 2335 543
f 530 2334 543
f 2333 2334 530
f 542 2333 530
f 2331 2333 542
f 532 2331 542
f 2332 2331 532
f 533 2332 532
f 2330 2332 533
f 541 2330 533
f 2297 2330 541
f 513 2297 541
f 529 531 510
f 546 510 531
f 535 546 531
f 2342 2341 2340
f 2343 2340 2341
f 2344 2340 2343
f 2342 510 2341
f 529 2342 510
f 2340 2342 529
f 531 2340 529
f 2344 2340 531
f 535 2344 531
f 2343 2344 535
f 546 2343 535
f 2341 2343 546
f 510 2341 546
f 549 547 548
f 550 548 547
f 551 550 547
f 552 550 551
f 2347 2346 2345
f 2348 2345 2346
f 2349 2345 2348
f 2350 2349 2348
f 2350 551 2349
f 552 2350 551
f 2348 2350 552
f 550 2348 552
f 2346 2348 550
f 548 2346 550
f 2347 2346 548
f 549 2347 548
f 2345 2347 549
f 547 2345 549
f 2349 2345 547
f 551 2349 547
f 555 553 554
f 556 554 553
f 557 556 553
f 558 557 553
f 559 558 553
f 560 559 553
f 561 559 560
f 562 559 561
f 2353 2352 2351
f 2354 2351 2352
f 2355 2351 2354
f 2356 2351 2355
f 2357 2351 2356
f 2358 2351 2357
f 2359 2358 2357
f 2360 2359 2357
f 2354 557 2355
f 556 2354 557
f 2352 2354 556
f 554 2352 556
f 2353 2352 554
f 555 2353 554
f 2351 2353 555
f 553 2351 555
f 2358 2351 553
f 560 2358 553
f 2359 2358 560
f 561 2359 560
f 2360 2359 561
f 562 2360 561
f 2357 2360 562
f 559 2357 562
f 2356 2357 559
f 558 2356 559
f 2355 2356 558
f 557 2355 558
f 2361 563 564
f 566 564 563
f 567 564 566
f 562 567 566
f 568 562 566
f 569 562 568
f 572 570 571
f 573 571 570
f 2361 571 573
f 563 2361 573
f 2364 2363 2362
f 2365 2362 2363
f 2366 2365 2363
f 2367 2365 2366
f 2366 2368 2367
f 2369 2367 2368
f 2370 2369 2368
f 2371 2369 2370
f 2372 2369 2371
f 2373 2372 2371
f 2370 562 2371
f 567 2370 562
f 2368 2370 567
f 564 2368 567
f 2366 2368 564
f 2361 2366 564
f 2363 2366 2361
f 571 2363 2361
f 2364 2363 571
f 572 2364 571
f 2362 2364 572
f 570 2362 572
f 2365 2362 570
f 573 2365 570
f 2367 2365 573
f 563 2367 573
f 2369 2367 563
f 566 2369 563
f 2372 2369 566
f 568 2372 566
f 2373 2372 568
f 569 2373 568
f 2371 2373 569
f 562 2371 569
f 551 576 586
f 578 586 576
f 547 575 551
f 576 551 575
f 577 576 575
f 2345 2349 2374
f 2375 2374 2349
f 2376 2374 2375
f 2349 2377 2375
f 2378 2375 2377
f 2377 578 2378
f 586 2377 578
f 2349 2377 586
f 551 2349 586
f 2345 2349 551
f 547 2345 551
f 2374 2345 547
f 575 2374 547
f 2376 2374 575
f 577 2376 575
f 2375 2376 577
f 576 2375 577
f 2378 2375 576
f 578 2378 576
f 581 579 611
f 582 611 579
f 580 611 582
f 583 580 582
f 2379 583 582
f 555 583 2379
f 616 583 555
f 556 616 555
f 557 616 556
f 554 556 555
f 2382 2381 2380
f 2383 2380 2381
f 2384 2383 2381
f 2385 2383 2384
f 2386 2383 2385
f 2353 2386 2385
f 2387 2353 2385
f 2354 2353 2387
f 2355 2354 2387
f 2352 2353 2354
f 2352 555 2353
f 554 2352 555
f 2354 2352 554
f 556 2354 554
f 2355 2354 556
f 557 2355 556
f 2387 2355 557
f 616 2387 557
f 2385 2387 616
f 583 2385 616
f 2384 2385 583
f 580 2384 583
f 2381 2384 580
f 611 2381 580
f 2382 2381 611
f 581 2382 611
f 2380 2382 581
f 579 2380 581
f 2383 2380 579
f 582 2383 579
f 2386 2383 582
f 2379 2386 582
f 2353 2386 2379
f 555 2353 2379
f 581 584 579
f 552 579 584
f 582 579 552
f 585 582 552
f 551 585 552
f 586 585 551
f 578 585 586
f 587 585 578
f 588 587 578
f 572 588 578
f 589 588 572
f 590 585 587
f 2382 2380 2388
f 2389 2388 2380
f 2383 2389 2380
f 2390 2389 2383
f 2391 2389 2390
f 2392 2391 2390
f 2393 2392 2390
f 2394 2393 2390
f 2395 2393 2394
f 2396 2393 2395
f 2397 2396 2395
f 2398 2394 2390
f 2383 585 2390
f 582 2383 585
f 2380 2383 582
f 579 2380 582
f 2382 2380 579
f 581 2382 579
f 2388 2382 581
f 584 2388 581
f 2389 2388 584
f 552 2389 584
f 2391 2389 552
f 551 2391 552
f 2392 2391 551
f 586 2392 551
f 2393 2392 586
f 578 2393 586
f 2396 2393 578
f 572 2396 578
f 2397 2396 572
f 589 2397 572
f 2395 2397 589
f 588 2395 589
f 2394 2395 588
f 587 2394 588
f 2398 2394 587
f 590 2398 587
f 2390 2398 590
f 585 2390 590
f 572 571 589
f 588 589 571
f 587 588 571
f 2361 587 571
f 590 587 2361
f 585 590 2361
f 1691 585 2361
f 553 1691 2361
f 564 553 2361
f 567 553 564
f 560 553 567
f 561 560 567
f 562 561 567
f 2396 2397 2399
f 2395 2399 2397
f 2394 2399 2395
f 2400 2399 2394
f 2398 2400 2394
f 2390 2400 2398
f 2401 2400 2390
f 2351 2400 2401
f 2402 2400 2351
f 2403 2402 2351
f 2358 2403 2351
f 2359 2403 2358
f 2360 2403 2359
f 2359 562 2360
f 561 2359 562
f 2358 2359 561
f 560 2358 561
f 2351 2358 560
f 553 2351 560
f 2401 2351 553
f 1691 2401 553
f 2390 2401 1691
f 585 2390 1691
f 2398 2390 585
f 590 2398 585
f 2394 2398 590
f 587 2394 590
f 2395 2394 587
f 588 2395 587
f 2397 2395 588
f 589 2397 588
f 2396 2397 589
f 572 2396 589
f 2399 2396 572
f 571 2399 572
f 2400 2399 571
f 2361 2400 571
f 2402 2400 2361
f 564 2402 2361
f 2403 2402 564
f 567 2403 564
f 2360 2403 567
f 562 2360 567
f 593 591 592
f 594 592 591
f 595 592 594
f 596 595 594
f 597 595 596
f 598 595 597
f 2406 2405 2404
f 2407 2404 2405
f 2408 2407 2405
f 2409 2407 2408
f 2410 2409 2408
f 2411 2410 2408
f 2411 597 2410
f 598 2411 597
f 2408 2411 598
f 595 2408 598
f 2405 2408 595
f 592 2405 595
f 2406 2405 592
f 593 2406 592
f 2404 2406 593
f 591 2404 593
f 2407 2404 591
f 594 2407 591
f 2409 2407 594
f 596 2409 594
f 2410 2409 596
f 597 2410 596
f 600 595 599
f 598 599 595
f 601 599 598
f 602 599 601
f 603 602 601
f 2414 2413 2412
f 2415 2412 2413
f 2416 2415 2413
f 2417 2416 2413
f 2418 2416 2417
f 2417 603 2418
f 602 2417 603
f 2413 2417 602
f 599 2413 602
f 2414 2413 599
f 600 2414 599
f 2412 2414 600
f 595 2412 600
f 2415 2412 595
f 598 2415 595
f 2416 2415 598
f 601 2416 598
f 2418 2416 601
f 603 2418 601
f 598 597 601
f 604 601 597
f 605 601 604
f 603 601 605
f 606 603 605
f 2415 2416 2419
f 2420 2419 2416
f 2421 2420 2416
f 2418 2421 2416
f 2422 2421 2418
f 2418 606 2422
f 603 2418 606
f 2416 2418 603
f 601 2416 603
f 2415 2416 601
f 598 2415 601
f 2419 2415 598
f 597 2419 598
f 2420 2419 597
f 604 2420 597
f 2421 2420 604
f 605 2421 604
f 2422 2421 605
f 606 2422 605
f 591 607 594
f 608 594 607
f 596 594 608
f 604 596 608
f 597 596 604
f 2425 2424 2423
f 2426 2423 2424
f 2427 2426 2424
f 2420 2426 2427
f 2419 2420 2427
f 2419 604 2420
f 597 2419 604
f 2427 2419 597
f 596 2427 597
f 2424 2427 596
f 594 2424 596
f 2425 2424 594
f 591 2425 594
f 2423 2425 591
f 607 2423 591
f 2426 2423 607
f 608 2426 607
f 2420 2426 608
f 604 2420 608
f 610 581 609
f 611 609 581
f 612 609 611
f 580 612 611
f 2430 2429 2428
f 2431 2428 2429
f 2432 2431 2429
f 2433 2431 2432
f 2432 580 2433
f 612 2432 580
f 2429 2432 612
f 609 2429 612
f 2430 2429 609
f 610 2430 609
f 2428 2430 610
f 581 2428 610
f 2431 2428 581
f 611 2431 581
f 2433 2431 611
f 580 2433 611
f 615 613 614
f 583 614 613
f 616 614 583
f 557 614 616
f 2436 2435 2434
f 2437 2434 2435
f 2438 2437 2435
f 2439 2438 2435
f 2435 557 2439
f 614 2435 557
f 2436 2435 614
f 615 2436 614
f 2434 2436 615
f 613 2434 615
f 2437 2434 613
f 583 2437 613
f 2438 2437 583
f 616 2438 583
f 2439 2438 616
f 557 2439 616
f 2442 2441 2440
f 2443 2440 2441
f 2446 2445 2444
f 2447 2444 2445
f 2445 2443 2447
f 2440 2445 2443
f 2446 2445 2440
f 2442 2446 2440
f 2444 2446 2442
f 2441 2444 2442
f 2447 2444 2441
f 2443 2447 2441
f 2440 2443 2448
f 2449 2448 2443
f 2445 2450 2447
f 2451 2447 2450
f 2447 2440 2445
f 2443 2447 2440
f 2451 2447 2443
f 2449 2451 2443
f 2450 2451 2449
f 2448 2450 2449
f 2445 2450 2448
f 2440 2445 2448
f 619 617 618
f 620 618 617
f 2454 2453 2452
f 2455 2452 2453
f 2453 620 2455
f 618 2453 620
f 2454 2453 618
f 619 2454 618
f 2452 2454 619
f 617 2452 619
f 2455 2452 617
f 620 2455 617
f 623 621 622
f 624 622 621
f 2458 2457 2456
f 2459 2456 2457
f 2457 624 2459
f 622 2457 624
f 2458 2457 622
f 623 2458 622
f 2456 2458 623
f 621 2456 623
f 2459 2456 621
f 624 2459 621
f 627 625 626
f 628 626 625
f 629 628 625
f 630 628 629
f 631 628 630
f 2460 628 631
f 2463 2462 2461
f 2464 2461 2462
f 2465 2461 2464
f 2466 2465 2464
f 2467 2466 2464
f 2468 2467 2464
f 2464 2460 2468
f 628 2464 2460
f 2462 2464 628
f 626 2462 628
f 2463 2462 626
f 627 2463 626
f 2461 2463 627
f 625 2461 627
f 2465 2461 625
f 629 2465 625
f 2466 2465 629
f 630 2466 629
f 2467 2466 630
f 631 2467 630
f 2468 2467 631
f 2460 2468 631
f 636 634 635
f 637 635 634
f 638 635 637
f 639 635 638
f 640 638 637
f 641 638 640
f 2471 2470 2469
f 2472 2469 2470
f 2473 2472 2470
f 2474 2473 2470
f 2475 2472 2473
f 2476 2475 2473
f 2470 639 2474
f 635 2470 639
f 2471 2470 635
f 636 2471 635
f 2469 2471 636
f 634 2469 636
f 2472 2469 634
f 637 2472 634
f 2475 2472 637
f 640 2475 637
f 2476 2475 640
f 641 2476 640
f 2473 2476 641
f 638 2473 641
f 2474 2473 638
f 639 2474 638
f 644 642 643
f 645 643 642
f 646 643 645
f 647 643 646
f 648 643 647
f 649 643 648
f 650 643 649
f 651 650 649
f 652 651 649
f 2479 2478 2477
f 2480 2477 2478
f 2481 2480 2478
f 2482 2481 2478
f 2483 2482 2478
f 2484 2483 2478
f 2485 2484 2478
f 2486 2484 2485
f 2487 2484 2486
f 2482 646 2481
f 647 2482 646
f 2483 2482 647
f 648 2483 647
f 2484 2483 648
f 649 2484 648
f 2487 2484 649
f 652 2487 649
f 2486 2487 652
f 651 2486 652
f 2485 2486 651
f 650 2485 651
f 2478 2485 650
f 643 2478 650
f 2479 2478 643
f 644 2479 643
f 2477 2479 644
f 642 2477 644
f 2480 2477 642
f 645 2480 642
f 2481 2480 645
f 646 2481 645
f 655 653 654
f 656 654 653
f 2490 2489 2488
f 2491 2488 2489
f 2489 656 2491
f 654 2489 656
f 2490 2489 654
f 655 2490 654
f 2488 2490 655
f 653 2488 655
f 2491 2488 653
f 656 2491 653
f 658 655 657
f 654 657 655
f 2493 2492 2490
f 2489 2490 2492
f 2492 654 2489
f 657 2492 654
f 2493 2492 657
f 658 2493 657
f 2490 2493 658
f 655 2490 658
f 2489 2490 655
f 654 2489 655
f 661 659 660
f 662 660 659
f 663 660 662
f 664 663 662
f 2496 2495 2494
f 2497 2494 2495
f 2498 2497 2495
f 2499 2497 2498
f 2499 662 2497
f 664 2499 662
f 2498 2499 664
f 663 2498 664
f 2495 2498 663
f 660 2495 663
f 2496 2495 660
f 661 2496 660
f 2494 2496 661
f 659 2494 661
f 2497 2494 659
f 662 2497 659
f 666 660 665
f 667 665 660
f 663 667 660
f 2502 2501 2500
f 2503 2500 2501
f 2504 2500 2503
f 2503 663 2504
f 667 2503 663
f 2501 2503 667
f 665 2501 667
f 2502 2501 665
f 666 2502 665
f 2500 2502 666
f 660 2500 666
f 2504 2500 660
f 663 2504 660
f 665 667 668
f 663 668 667
f 669 668 663
f 2507 2506 2505
f 2498 2505 2506
f 2508 2498 2506
f 2506 669 2508
f 668 2506 669
f 2507 2506 668
f 665 2507 668
f 2505 2507 665
f 667 2505 665
f 2498 2505 667
f 663 2498 667
f 2508 2498 663
f 669 2508 663
f 678 681 680
f 682 680 681
f 683 682 681
f 684 682 683
f 672 670 826
f 827 826 670
f 673 827 670
f 674 827 673
f 830 827 674
f 829 830 674
f 671 829 674
f 675 671 674
f 831 675 674
f 828 831 674
f 676 828 674
f 677 676 674
f 678 676 677
f 679 678 677
f 680 676 678
f 2511 2510 2509
f 2512 2509 2510
f 2513 2509 2512
f 2514 2513 2512
f 2515 2514 2512
f 2516 2514 2515
f 2517 2514 2516
f 2518 2514 2517
f 2519 2514 2518
f 2520 2514 2519
f 2521 2514 2520
f 2522 2514 2521
f 2523 2522 2521
f 2524 2522 2523
f 2525 2523 2521
f 2527 2526 2525
f 2523 2525 2526
f 2528 2526 2527
f 2529 2528 2527
f 2525 682 2527
f 680 2525 682
f 2521 2525 680
f 676 2521 680
f 2520 2521 676
f 828 2520 676
f 2519 2520 828
f 831 2519 828
f 2518 2519 831
f 675 2518 831
f 2517 2518 675
f 671 2517 675
f 2516 2517 671
f 829 2516 671
f 2515 2516 829
f 830 2515 829
f 2512 2515 830
f 827 2512 830
f 2510 2512 827
f 826 2510 827
f 2511 2510 826
f 672 2511 826
f 2509 2511 672
f 670 2509 672
f 2513 2509 670
f 673 2513 670
f 2514 2513 673
f 674 2514 673
f 2522 2514 674
f 677 2522 674
f 2524 2522 677
f 679 2524 677
f 2523 2524 679
f 678 2523 679
f 2526 2523 678
f 681 2526 678
f 2528 2526 681
f 683 2528 681
f 2529 2528 683
f 684 2529 683
f 2527 2529 684
f 682 2527 684
f 687 685 686
f 688 686 685
f 689 688 685
f 690 688 689
f 2532 2531 2530
f 2533 2530 2531
f 2534 2530 2533
f 2535 2534 2533
f 2533 690 2535
f 688 2533 690
f 2531 2533 688
f 686 2531 688
f 2532 2531 686
f 687 2532 686
f 2530 2532 687
f 685 2530 687
f 2534 2530 685
f 689 2534 685
f 2535 2534 689
f 690 2535 689
f 2536 691 692
f 694 692 691
f 695 694 691
f 696 694 695
f 2539 2538 2537
f 2540 2537 2538
f 2541 2537 2540
f 2542 2541 2540
f 2540 696 2542
f 694 2540 696
f 2538 2540 694
f 692 2538 694
f 2539 2538 692
f 2536 2539 692
f 2537 2539 2536
f 691 2537 2536
f 2541 2537 691
f 695 2541 691
f 2542 2541 695
f 696 2542 695
f 699 697 698
f 2536 698 697
f 701 2536 697
f 691 2536 701
f 2545 2544 2543
f 2539 2543 2544
f 2546 2543 2539
f 2537 2546 2539
f 2539 691 2537
f 2536 2539 691
f 2544 2539 2536
f 698 2544 2536
f 2545 2544 698
f 699 2545 698
f 2543 2545 699
f 697 2543 699
f 2546 2543 697
f 701 2546 697
f 2537 2546 701
f 691 2537 701
f 703 628 702
f 2460 702 628
f 704 702 2460
f 633 704 2460
f 705 704 633
f 706 705 633
f 712 705 711
f 706 711 705
f 713 711 706
f 714 711 713
f 715 714 713
f 716 715 713
f 708 716 713
f 709 708 713
f 717 716 708
f 709 707 708
f 870 708 707
f 710 870 707
f 2549 2548 2547
f 2550 2547 2548
f 2551 2550 2548
f 2552 2550 2551
f 2553 2552 2551
f 2554 2552 2553
f 2557 2556 2555
f 2558 2555 2556
f 2559 2555 2558
f 2561 2560 2553
f 2554 2553 2560
f 2562 2554 2560
f 2563 2562 2560
f 2564 2562 2563
f 2565 2562 2564
f 2556 2562 2565
f 2557 2562 2556
f 2566 2556 2565
f 2559 707 2555
f 710 2559 707
f 2558 2559 710
f 870 2558 710
f 2556 2558 870
f 708 2556 870
f 2566 2556 708
f 717 2566 708
f 2565 2566 717
f 716 2565 717
f 2564 2565 716
f 715 2564 716
f 2563 2564 715
f 714 2563 715
f 2560 2563 714
f 711 2560 714
f 2561 2560 711
f 712 2561 711
f 2553 2561 712
f 705 2553 712
f 2551 2553 705
f 704 2551 705
f 2548 2551 704
f 702 2548 704
f 2549 2548 702
f 703 2549 702
f 2547 2549 703
f 628 2547 703
f 2550 2547 628
f 2460 2550 628
f 2552 2550 2460
f 633 2552 2460
f 2554 2552 633
f 706 2554 633
f 2562 2554 706
f 713 2562 706
f 2557 2562 713
f 709 2557 713
f 2555 2557 709
f 707 2555 709
f 630 2567 631
f 718 631 2567
f 2460 631 718
f 719 2460 718
f 706 2460 719
f 633 2460 706
f 2570 2569 2568
f 2571 2568 2569
f 2572 2571 2569
f 2573 2571 2572
f 2574 2573 2572
f 2575 2574 2572
f 2575 706 2574
f 633 2575 706
f 2572 2575 633
f 2460 2572 633
f 2569 2572 2460
f 631 2569 2460
f 2570 2569 631
f 630 2570 631
f 2568 2570 630
f 2567 2568 630
f 2571 2568 2567
f 718 2571 2567
f 2573 2571 718
f 719 2573 718
f 2574 2573 719
f 706 2574 719
f 722 720 721
f 723 721 720
f 724 721 723
f 2578 2577 2576
f 2579 2576 2577
f 2580 2579 2577
f 2580 723 2579
f 724 2580 723
f 2577 2580 724
f 721 2577 724
f 2578 2577 721
f 722 2578 721
f 2576 2578 722
f 720 2576 722
f 2579 2576 720
f 723 2579 720
f 726 722 725
f 721 725 722
f 2582 2581 2578
f 2577 2578 2581
f 2581 721 2577
f 725 2581 721
f 2582 2581 725
f 726 2582 725
f 2578 2582 726
f 722 2578 726
f 2577 2578 722
f 721 2577 722
f 621 731 624
f 732 624 731
f 729 624 732
f 733 729 732
f 727 729 733
f 734 624 729
f 730 728 727
f 729 727 728
f 2585 2584 2583
f 2586 2583 2584
f 2456 2459 2587
f 2588 2587 2459
f 2585 2588 2459
f 2589 2588 2585
f 2583 2589 2585
f 2590 2585 2459
f 2459 734 2590
f 624 2459 734
f 2456 2459 624
f 621 2456 624
f 2587 2456 621
f 731 2587 621
f 2588 2587 731
f 732 2588 731
f 2589 2588 732
f 733 2589 732
f 2583 2589 733
f 727 2583 733
f 2586 2583 727
f 730 2586 727
f 2584 2586 730
f 728 2584 730
f 2585 2584 728
f 729 2585 728
f 2590 2585 729
f 734 2590 729
f 750 751 756
f 729 728 734
f 730 734 728
f 735 734 730
f 883 735 730
f 884 735 883
f 740 735 884
f 741 735 740
f 742 741 740
f 757 741 742
f 744 757 742
f 745 757 744
f 760 757 745
f 746 757 760
f 743 757 746
f 747 743 746
f 748 747 746
f 749 748 746
f 750 748 749
f 751 750 749
f 752 751 749
f 753 752 749
f 754 752 753
f 755 754 753
f 618 620 736
f 731 736 620
f 737 731 620
f 738 731 737
f 732 731 738
f 733 732 738
f 739 733 738
f 727 733 739
f 730 727 739
f 883 730 739
f 2593 2592 2591
f 2594 2591 2592
f 2595 2591 2594
f 2596 2595 2594
f 2597 2596 2594
f 2598 2596 2597
f 2599 2596 2598
f 2600 2599 2598
f 2601 2599 2600
f 2602 2599 2601
f 2605 2604 2603
f 2601 2603 2604
f 2606 2601 2604
f 2602 2601 2606
f 2607 2602 2606
f 2608 2607 2606
f 2609 2608 2606
f 2610 2608 2609
f 2611 2610 2609
f 2612 2610 2611
f 2613 2612 2611
f 2614 2613 2611
f 2615 2614 2611
f 2616 2615 2611
f 2617 2615 2616
f 2618 2615 2617
f 2619 2615 2618
f 2620 2619 2618
f 2621 2619 2620
f 2622 2619 2621
f 2623 2619 2622
f 2624 2623 2622
f 2625 2623 2624
f 2621 2620 2626
f 2623 749 2619
f 753 2623 749
f 2625 2623 753
f 755 2625 753
f 2624 2625 755
f 754 2624 755
f 2622 2624 754
f 752 2622 754
f 2621 2622 752
f 751 2621 752
f 2626 2621 751
f 756 2626 751
f 2620 2626 756
f 750 2620 756
f 2618 2620 750
f 748 2618 750
f 2617 2618 748
f 747 2617 748
f 2616 2617 747
f 743 2616 747
f 2611 2616 743
f 757 2611 743
f 2609 2611 757
f 741 2609 757
f 2606 2609 741
f 735 2606 741
f 2604 2606 735
f 734 2604 735
f 2605 2604 734
f 729 2605 734
f 2603 2605 729
f 728 2603 729
f 2601 2603 728
f 730 2601 728
f 2600 2601 730
f 727 2600 730
f 2598 2600 727
f 733 2598 727
f 2597 2598 733
f 732 2597 733
f 2594 2597 732
f 731 2594 732
f 2592 2594 731
f 736 2592 731
f 2593 2592 736
f 618 2593 736
f 2591 2593 618
f 620 2591 618
f 2595 2591 620
f 737 2595 620
f 2596 2595 737
f 738 2596 737
f 2599 2596 738
f 739 2599 738
f 2602 2599 739
f 883 2602 739
f 2607 2602 883
f 884 2607 883
f 2608 2607 884
f 740 2608 884
f 2610 2608 740
f 742 2610 740
f 2612 2610 742
f 744 2612 742
f 2613 2612 744
f 745 2613 744
f 2614 2613 745
f 760 2614 745
f 2615 2614 760
f 746 2615 760
f 2619 2615 746
f 749 2619 746
f 741 757 758
f 743 758 757
f 747 758 743
f 2629 2628 2627
f 2630 2627 2628
f 2631 2630 2628
f 2628 747 2631
f 758 2628 747
f 2629 2628 758
f 741 2629 758
f 2627 2629 741
f 757 2627 741
f 2630 2627 757
f 743 2630 757
f 2631 2630 743
f 747 2631 743
f 744 759 745
f 760 745 759
f 746 760 759
f 749 746 759
f 761 749 759
f 875 761 759
f 762 761 875
f 2634 2633 2632
f 2635 2632 2633
f 2636 2632 2635
f 2637 2632 2636
f 2638 2632 2637
f 2639 2632 2638
f 2640 2639 2638
f 2638 762 2640
f 761 2638 762
f 2637 2638 761
f 749 2637 761
f 2636 2637 749
f 746 2636 749
f 2635 2636 746
f 760 2635 746
f 2633 2635 760
f 745 2633 760
f 2634 2633 745
f 744 2634 745
f 2632 2634 744
f 759 2632 744
f 2639 2632 759
f 875 2639 759
f 2640 2639 875
f 762 2640 875
f 749 761 753
f 2641 753 761
f 2642 2641 761
f 762 2642 761
f 765 2642 762
f 2637 2643 2638
f 2644 2638 2643
f 2645 2638 2644
f 2640 2638 2645
f 2646 2640 2645
f 2645 765 2646
f 2642 2645 765
f 2644 2645 2642
f 2641 2644 2642
f 2643 2644 2641
f 753 2643 2641
f 2637 2643 753
f 749 2637 753
f 2638 2637 749
f 761 2638 749
f 2640 2638 761
f 762 2640 761
f 2646 2640 762
f 765 2646 762
f 765 768 2642
f 2647 2642 768
f 771 2642 2647
f 2641 2642 771
f 772 2641 771
f 773 2641 772
f 627 2641 773
f 626 2641 627
f 2646 2645 2648
f 2649 2648 2645
f 2650 2649 2645
f 2644 2650 2645
f 2651 2650 2644
f 2652 2651 2644
f 2463 2652 2644
f 2462 2463 2644
f 2644 626 2462
f 2641 2644 626
f 2645 2644 2641
f 2642 2645 2641
f 2646 2645 2642
f 765 2646 2642
f 2648 2646 765
f 768 2648 765
f 2649 2648 768
f 2647 2649 768
f 2650 2649 2647
f 771 2650 2647
f 2651 2650 771
f 772 2651 771
f 2652 2651 772
f 773 2652 772
f 2463 2652 773
f 627 2463 773
f 2462 2463 627
f 626 2462 627
f 776 774 775
f 777 775 774
f 778 777 774
f 779 777 778
f 780 779 778
f 2655 2654 2653
f 2656 2653 2654
f 2657 2653 2656
f 2658 2657 2656
f 2659 2657 2658
f 2658 780 2659
f 779 2658 780
f 2656 2658 779
f 777 2656 779
f 2654 2656 777
f 775 2654 777
f 2655 2654 775
f 776 2655 775
f 2653 2655 776
f 774 2653 776
f 2657 2653 774
f 778 2657 774
f 2659 2657 778
f 780 2659 778
f 775 777 781
f 782 781 777
f 779 782 777
f 783 782 779
f 784 783 779
f 2654 2660 2656
f 2661 2656 2660
f 2658 2656 2661
f 2662 2658 2661
f 2663 2658 2662
f 2662 784 2663
f 783 2662 784
f 2661 2662 783
f 782 2661 783
f 2660 2661 782
f 781 2660 782
f 2654 2660 781
f 775 2654 781
f 2656 2654 775
f 777 2656 775
f 2658 2656 777
f 779 2658 777
f 2663 2658 779
f 784 2663 779
f 782 783 785
f 784 785 783
f 786 785 784
f 787 785 786
f 788 785 787
f 789 785 788
f 790 785 789
f 791 790 789
f 792 790 791
f 793 790 792
f 794 793 792
f 795 793 794
f 2661 2664 2662
f 2663 2662 2664
f 2665 2663 2664
f 2666 2665 2664
f 2667 2666 2664
f 2668 2667 2664
f 2669 2668 2664
f 2670 2668 2669
f 2671 2670 2669
f 2672 2671 2669
f 2673 2671 2672
f 2674 2673 2672
f 2668 788 2667
f 789 2668 788
f 2670 2668 789
f 791 2670 789
f 2671 2670 791
f 792 2671 791
f 2673 2671 792
f 794 2673 792
f 2674 2673 794
f 795 2674 794
f 2672 2674 795
f 793 2672 795
f 2669 2672 793
f 790 2669 793
f 2664 2669 790
f 785 2664 790
f 2661 2664 785
f 782 2661 785
f 2662 2661 782
f 783 2662 782
f 2663 2662 783
f 784 2663 783
f 2665 2663 784
f 786 2665 784
f 2666 2665 786
f 787 2666 786
f 2667 2666 787
f 788 2667 787
f 802 804 778
f 780 778 804
f 796 635 774
f 639 774 635
f 778 774 639
f 797 778 639
f 798 778 797
f 799 778 798
f 800 778 799
f 801 778 800
f 802 778 801
f 803 802 801
f 2675 2653 2470
f 2474 2470 2653
f 2657 2474 2653
f 2676 2474 2657
f 2677 2676 2657
f 2678 2677 2657
f 2679 2678 2657
f 2680 2679 2657
f 2681 2680 2657
f 2682 2680 2681
f 2659 2683 2657
f 2681 2657 2683
f 2681 803 2682
f 802 2681 803
f 2683 2681 802
f 804 2683 802
f 2659 2683 804
f 780 2659 804
f 2657 2659 780
f 778 2657 780
f 2653 2657 778
f 774 2653 778
f 2675 2653 774
f 796 2675 774
f 2470 2675 796
f 635 2470 796
f 2474 2470 635
f 639 2474 635
f 2676 2474 639
f 797 2676 639
f 2677 2676 797
f 798 2677 797
f 2678 2677 798
f 799 2678 798
f 2679 2678 799
f 800 2679 799
f 2680 2679 800
f 801 2680 800
f 2682 2680 801
f 803 2682 801
f 650 651 809
f 2684 809 651
f 653 809 2684
f 811 653 2684
f 812 653 811
f 656 653 812
f 920 656 812
f 2685 656 920
f 813 656 2685
f 807 656 813
f 814 656 807
f 806 814 807
f 815 814 806
f 816 815 806
f 807 805 806
f 2686 806 805
f 808 2686 805
f 2689 2688 2687
f 2690 2687 2688
f 2691 2687 2690
f 2694 2693 2692
f 2695 2692 2693
f 2488 2695 2693
f 2696 2695 2488
f 2697 2696 2488
f 2491 2697 2488
f 2698 2697 2491
f 2699 2698 2491
f 2700 2699 2491
f 2689 2700 2491
f 2701 2689 2491
f 2688 2689 2701
f 2702 2688 2701
f 2703 2688 2702
f 2687 807 2689
f 805 2687 807
f 2691 2687 805
f 808 2691 805
f 2690 2691 808
f 2686 2690 808
f 2688 2690 2686
f 806 2688 2686
f 2703 2688 806
f 816 2703 806
f 2702 2703 816
f 815 2702 816
f 2701 2702 815
f 814 2701 815
f 2491 2701 814
f 656 2491 814
f 2488 2491 656
f 653 2488 656
f 2693 2488 653
f 809 2693 653
f 2694 2693 809
f 650 2694 809
f 2692 2694 650
f 651 2692 650
f 2695 2692 651
f 2684 2695 651
f 2696 2695 2684
f 811 2696 2684
f 2697 2696 811
f 812 2697 811
f 2698 2697 812
f 920 2698 812
f 2699 2698 920
f 2685 2699 920
f 2700 2699 2685
f 813 2700 2685
f 2689 2700 813
f 807 2689 813
f 819 817 2704
f 822 2704 817
f 823 822 817
f 824 823 817
f 825 823 824
f 826 825 824
f 827 825 826
f 671 825 827
f 675 825 671
f 828 825 675
f 676 825 828
f 829 671 827
f 830 829 827
f 831 828 675
f 2707 2706 2705
f 2708 2705 2706
f 2709 2705 2708
f 2710 2705 2709
f 2711 2710 2709
f 2712 2710 2711
f 2713 2712 2711
f 2714 2713 2711
f 2715 2714 2711
f 2716 2715 2711
f 2717 2716 2711
f 2718 2713 2714
f 2719 2713 2718
f 2720 2715 2716
f 2711 676 2717
f 825 2711 676
f 2709 2711 825
f 823 2709 825
f 2708 2709 823
f 822 2708 823
f 2706 2708 822
f 2704 2706 822
f 2707 2706 2704
f 819 2707 2704
f 2705 2707 819
f 817 2705 819
f 2710 2705 817
f 824 2710 817
f 2712 2710 824
f 826 2712 824
f 2713 2712 826
f 827 2713 826
f 2719 2713 827
f 830 2719 827
f 2718 2719 830
f 829 2718 830
f 2714 2718 829
f 671 2714 829
f 2715 2714 671
f 675 2715 671
f 2720 2715 675
f 831 2720 675
f 2716 2720 831
f 828 2716 831
f 2717 2716 828
f 676 2717 828
f 832 2704 833
f 822 833 2704
f 823 833 822
f 834 833 823
f 825 834 823
f 676 834 825
f 680 834 676
f 2723 2722 2721
f 2724 2721 2722
f 2725 2724 2722
f 2726 2725 2722
f 2727 2725 2726
f 2728 2727 2726
f 2729 2728 2726
f 2729 676 2728
f 680 2729 676
f 2726 2729 680
f 834 2726 680
f 2722 2726 834
f 833 2722 834
f 2723 2722 833
f 832 2723 833
f 2721 2723 832
f 2704 2721 832
f 2724 2721 2704
f 822 2724 2704
f 2725 2724 822
f 823 2725 822
f 2727 2725 823
f 825 2727 823
f 2728 2727 825
f 676 2728 825
f 843 844 853
f 856 853 844
f 854 853 856
f 846 854 856
f 849 846 856
f 850 849 856
f 847 850 856
f 851 847 856
f 848 851 856
f 840 839 659
f 841 659 839
f 662 659 841
f 924 662 841
f 842 662 924
f 2730 662 842
f 927 662 2730
f 929 662 927
f 836 662 929
f 838 662 836
f 832 662 838
f 833 662 832
f 843 662 833
f 844 843 833
f 858 844 833
f 845 858 833
f 859 858 845
f 837 835 925
f 838 925 835
f 928 925 838
f 836 928 838
f 2733 2732 2731
f 2734 2731 2732
f 2735 2734 2732
f 2736 2734 2735
f 2739 2738 2737
f 2740 2737 2738
f 2741 2740 2738
f 2742 2740 2741
f 2743 2742 2741
f 2744 2743 2741
f 2745 2744 2741
f 2746 2745 2741
f 2736 2746 2741
f 2734 2736 2741
f 2747 2734 2741
f 2748 2747 2741
f 2749 2748 2741
f 2750 2748 2749
f 2751 2748 2750
f 2752 2748 2751
f 2753 2752 2751
f 2749 2754 2750
f 2755 2750 2754
f 2756 2755 2754
f 2757 2755 2756
f 2758 2755 2757
f 2759 2755 2758
f 2760 2755 2759
f 2761 2755 2760
f 2762 2755 2761
f 2748 832 2747
f 833 2748 832
f 2752 2748 833
f 845 2752 833
f 2753 2752 845
f 859 2753 845
f 2751 2753 859
f 858 2751 859
f 2750 2751 858
f 844 2750 858
f 2755 2750 844
f 856 2755 844
f 2762 2755 856
f 848 2762 856
f 2761 2762 848
f 851 2761 848
f 2760 2761 851
f 847 2760 851
f 2759 2760 847
f 850 2759 847
f 2758 2759 850
f 849 2758 850
f 2757 2758 849
f 846 2757 849
f 2756 2757 846
f 854 2756 846
f 2754 2756 854
f 853 2754 854
f 2749 2754 853
f 843 2749 853
f 2741 2749 843
f 662 2741 843
f 2738 2741 662
f 659 2738 662
f 2739 2738 659
f 840 2739 659
f 2737 2739 840
f 839 2737 840
f 2740 2737 839
f 841 2740 839
f 2742 2740 841
f 924 2742 841
f 2743 2742 924
f 842 2743 924
f 2744 2743 842
f 2730 2744 842
f 2745 2744 2730
f 927 2745 2730
f 2746 2745 927
f 929 2746 927
f 2736 2746 929
f 836 2736 929
f 2735 2736 836
f 928 2735 836
f 2732 2735 928
f 925 2732 928
f 2733 2732 925
f 837 2733 925
f 2731 2733 837
f 835 2731 837
f 2734 2731 835
f 838 2734 835
f 2747 2734 838
f 832 2747 838
f 663 664 669
f 662 669 664
f 843 669 662
f 852 669 843
f 853 852 843
f 854 852 853
f 846 852 854
f 855 852 846
f 849 855 846
f 2498 2508 2499
f 2497 2499 2508
f 2763 2497 2508
f 2764 2763 2508
f 2765 2763 2764
f 2766 2765 2764
f 2767 2766 2764
f 2768 2767 2764
f 2769 2767 2768
f 2768 849 2769
f 855 2768 849
f 2764 2768 855
f 852 2764 855
f 2508 2764 852
f 669 2508 852
f 2498 2508 669
f 663 2498 669
f 2499 2498 663
f 664 2499 663
f 2497 2499 664
f 662 2497 664
f 2763 2497 662
f 843 2763 662
f 2765 2763 843
f 853 2765 843
f 2766 2765 853
f 854 2766 853
f 2767 2766 854
f 846 2767 854
f 2769 2767 846
f 849 2769 846
f 844 858 856
f 859 856 858
f 845 856 859
f 851 848 857
f 833 834 845
f 856 845 834
f 848 856 834
f 857 848 834
f 682 857 834
f 680 682 834
f 2722 2770 2726
f 2771 2726 2770
f 2772 2726 2771
f 2773 2726 2772
f 2774 2726 2773
f 2729 2726 2774
f 2772 2775 2773
f 2777 2771 2776
f 2778 2776 2771
f 2770 2778 2771
f 2773 682 2774
f 857 2773 682
f 2775 2773 857
f 851 2775 857
f 2772 2775 851
f 848 2772 851
f 2771 2772 848
f 856 2771 848
f 2777 2771 856
f 844 2777 856
f 2776 2777 844
f 858 2776 844
f 2778 2776 858
f 859 2778 858
f 2770 2778 859
f 845 2770 859
f 2722 2770 845
f 833 2722 845
f 2726 2722 833
f 834 2726 833
f 2729 2726 834
f 680 2729 834
f 2774 2729 680
f 682 2774 680
f 688 690 864
f 863 864 690
f 2779 864 863
f 2533 2780 2535
f 2781 2535 2780
f 2782 2781 2780
f 2782 863 2781
f 2779 2782 863
f 2780 2782 2779
f 864 2780 2779
f 2533 2780 864
f 688 2533 864
f 2535 2533 688
f 690 2535 688
f 2781 2535 690
f 863 2781 690
f 802 803 804
f 780 804 803
f 2783 780 803
f 779 780 2783
f 784 779 2783
f 786 784 2783
f 865 786 2783
f 787 786 865
f 788 787 865
f 866 788 865
f 908 788 866
f 868 908 866
f 867 908 868
f 2786 2785 2784
f 2787 2784 2785
f 2788 2784 2787
f 2789 2788 2787
f 2790 2788 2789
f 2791 2788 2790
f 2792 2788 2791
f 2793 2792 2791
f 2794 2792 2793
f 2795 2792 2794
f 2796 2795 2794
f 2797 2795 2796
f 2798 2797 2796
f 2797 866 2795
f 868 2797 866
f 2798 2797 868
f 867 2798 868
f 2796 2798 867
f 908 2796 867
f 2794 2796 908
f 788 2794 908
f 2793 2794 788
f 787 2793 788
f 2791 2793 787
f 786 2791 787
f 2790 2791 786
f 784 2790 786
f 2789 2790 784
f 779 2789 784
f 2787 2789 779
f 780 2787 779
f 2785 2787 780
f 804 2785 780
f 2786 2785 804
f 802 2786 804
f 2784 2786 802
f 803 2784 802
f 2788 2784 803
f 2783 2788 803
f 2792 2788 2783
f 865 2792 2783
f 2795 2792 865
f 866 2795 865
f 708 870 717
f 710 717 870
f 869 717 710
f 871 717 869
f 872 717 871
f 697 872 871
f 701 697 871
f 710 707 869
f 2801 2800 2799
f 2804 2803 2802
f 2800 2802 2803
f 2799 2800 2803
f 2805 2799 2803
f 2806 2805 2803
f 2807 2805 2806
f 2808 2805 2807
f 2807 701 2808
f 697 2807 701
f 2806 2807 697
f 872 2806 697
f 2803 2806 872
f 717 2803 872
f 2804 2803 717
f 708 2804 717
f 2802 2804 708
f 870 2802 708
f 2800 2802 870
f 710 2800 870
f 2801 2800 710
f 707 2801 710
f 2799 2801 707
f 869 2799 707
f 2805 2799 869
f 871 2805 869
f 2808 2805 871
f 701 2808 871
f 874 873 759
f 875 759 873
f 876 875 873
f 762 875 876
f 765 762 876
f 768 765 876
f 2647 768 876
f 771 2647 876
f 877 771 876
f 772 771 877
f 773 772 877
f 627 773 877
f 625 627 877
f 878 625 877
f 629 625 878
f 880 629 878
f 2567 629 880
f 630 629 2567
f 718 2567 880
f 2811 2810 2809
f 2812 2809 2810
f 2813 2809 2812
f 2814 2813 2812
f 2815 2813 2814
f 2816 2813 2815
f 2817 2813 2816
f 2818 2813 2817
f 2819 2813 2818
f 2820 2819 2818
f 2821 2819 2820
f 2822 2819 2821
f 2823 2819 2822
f 2824 2819 2823
f 2825 2824 2823
f 2826 2824 2825
f 2827 2826 2825
f 2828 2827 2825
f 2829 2826 2827
f 2827 718 2829
f 2567 2827 718
f 2828 2827 2567
f 630 2828 2567
f 2825 2828 630
f 629 2825 630
f 2823 2825 629
f 625 2823 629
f 2822 2823 625
f 627 2822 625
f 2821 2822 627
f 773 2821 627
f 2820 2821 773
f 772 2820 773
f 2818 2820 772
f 771 2818 772
f 2817 2818 771
f 2647 2817 771
f 2816 2817 2647
f 768 2816 2647
f 2815 2816 768
f 765 2815 768
f 2814 2815 765
f 762 2814 765
f 2812 2814 762
f 875 2812 762
f 2810 2812 875
f 759 2810 875
f 2811 2810 759
f 874 2811 759
f 2809 2811 874
f 873 2809 874
f 2813 2809 873
f 876 2813 873
f 2819 2813 876
f 877 2819 876
f 2824 2819 877
f 878 2824 877
f 2826 2824 878
f 880 2826 878
f 2829 2826 880
f 718 2829 880
f 724 723 881
f 738 881 723
f 882 738 723
f 739 738 882
f 883 739 882
f 740 883 882
f 742 740 882
f 884 883 740
f 2832 2831 2830
f 2833 2830 2831
f 2834 2830 2833
f 2835 2834 2833
f 2836 2834 2835
f 2837 2834 2836
f 2838 2834 2837
f 2839 2837 2836
f 2837 742 2838
f 740 2837 742
f 2839 2837 740
f 884 2839 740
f 2836 2839 884
f 883 2836 884
f 2835 2836 883
f 739 2835 883
f 2833 2835 739
f 738 2833 739
f 2831 2833 738
f 881 2831 738
f 2832 2831 881
f 724 2832 881
f 2830 2832 724
f 723 2830 724
f 2834 2830 723
f 882 2834 723
f 2838 2834 882
f 742 2838 882
f 617 885 620
f 725 620 885
f 721 620 725
f 737 620 721
f 724 737 721
f 881 737 724
f 738 737 881
f 2842 2841 2840
f 2581 2840 2841
f 2577 2581 2841
f 2843 2577 2841
f 2580 2577 2843
f 2844 2580 2843
f 2845 2844 2843
f 2843 738 2845
f 737 2843 738
f 2841 2843 737
f 620 2841 737
f 2842 2841 620
f 617 2842 620
f 2840 2842 617
f 885 2840 617
f 2581 2840 885
f 725 2581 885
f 2577 2581 725
f 721 2577 725
f 2580 2577 721
f 724 2580 721
f 2844 2580 724
f 881 2844 724
f 2845 2844 881
f 738 2845 881
f 715 716 891
f 717 891 716
f 887 891 717
f 637 887 717
f 699 637 717
f 698 637 699
f 888 637 698
f 2536 888 698
f 889 888 2536
f 890 889 2536
f 717 872 699
f 697 699 872
f 2847 2545 2846
f 2543 2846 2545
f 2850 2849 2848
f 2847 2848 2849
f 2851 2847 2849
f 2852 2847 2851
f 2545 2847 2852
f 2544 2545 2852
f 2853 2544 2852
f 2539 2544 2853
f 2854 2539 2853
f 2855 2539 2854
f 2545 697 2543
f 699 2545 697
f 2544 2545 699
f 698 2544 699
f 2539 2544 698
f 2536 2539 698
f 2855 2539 2536
f 890 2855 2536
f 2854 2855 890
f 889 2854 890
f 2853 2854 889
f 888 2853 889
f 2852 2853 888
f 637 2852 888
f 2851 2852 637
f 887 2851 637
f 2849 2851 887
f 891 2849 887
f 2850 2849 891
f 715 2850 891
f 2848 2850 715
f 716 2848 715
f 2847 2848 716
f 717 2847 716
f 2846 2847 717
f 872 2846 717
f 2543 2846 872
f 697 2543 872
f 637 888 640
f 889 640 888
f 641 640 889
f 890 641 889
f 638 641 890
f 639 638 890
f 797 639 890
f 894 797 890
f 2536 894 890
f 692 894 2536
f 895 894 692
f 896 895 692
f 897 896 692
f 898 897 692
f 694 898 692
f 899 898 694
f 2472 2475 2856
f 2857 2856 2475
f 2476 2857 2475
f 2858 2857 2476
f 2473 2858 2476
f 2474 2858 2473
f 2676 2858 2474
f 2859 2858 2676
f 2860 2858 2859
f 2861 2860 2859
f 2862 2861 2859
f 2863 2861 2862
f 2864 2861 2863
f 2865 2861 2864
f 2866 2861 2865
f 2867 2866 2865
f 2867 694 2866
f 899 2867 694
f 2865 2867 899
f 898 2865 899
f 2864 2865 898
f 897 2864 898
f 2863 2864 897
f 896 2863 897
f 2862 2863 896
f 895 2862 896
f 2859 2862 895
f 894 2859 895
f 2676 2859 894
f 797 2676 894
f 2474 2676 797
f 639 2474 797
f 2473 2474 639
f 638 2473 639
f 2476 2473 638
f 641 2476 638
f 2475 2476 641
f 640 2475 641
f 2472 2475 640
f 637 2472 640
f 2856 2472 637
f 888 2856 637
f 2857 2856 888
f 889 2857 888
f 2858 2857 889
f 890 2858 889
f 2860 2858 890
f 2536 2860 890
f 2861 2860 2536
f 692 2861 2536
f 2866 2861 692
f 694 2866 692
f 795 901 902
f 903 902 901
f 904 902 903
f 2868 902 904
f 788 908 789
f 791 789 908
f 867 791 908
f 792 791 867
f 900 792 867
f 901 792 900
f 687 901 900
f 685 687 900
f 794 792 901
f 795 794 901
f 867 868 900
f 2871 2870 2869
f 2667 2668 2872
f 2670 2872 2668
f 2870 2872 2670
f 2671 2870 2670
f 2869 2870 2671
f 2873 2869 2671
f 2532 2869 2873
f 2530 2869 2532
f 2673 2873 2671
f 2674 2873 2673
f 2674 2874 2873
f 2875 2873 2874
f 2876 2875 2874
f 2877 2876 2874
f 2532 685 2530
f 687 2532 685
f 2873 2532 687
f 901 2873 687
f 2875 2873 901
f 903 2875 901
f 2876 2875 903
f 904 2876 903
f 2877 2876 904
f 2868 2877 904
f 2874 2877 2868
f 902 2874 2868
f 2674 2874 902
f 795 2674 902
f 2673 2674 795
f 794 2673 795
f 2671 2673 794
f 792 2671 794
f 2670 2671 792
f 791 2670 792
f 2668 2670 791
f 789 2668 791
f 2667 2668 789
f 788 2667 789
f 2872 2667 788
f 908 2872 788
f 2870 2872 908
f 867 2870 908
f 2871 2870 867
f 868 2871 867
f 2869 2871 868
f 900 2869 868
f 2530 2869 900
f 685 2530 900
f 797 894 798
f 895 798 894
f 799 798 895
f 800 799 895
f 896 800 895
f 897 800 896
f 898 800 897
f 899 800 898
f 694 800 899
f 696 800 694
f 801 800 696
f 803 801 696
f 2783 803 696
f 865 2783 696
f 910 865 696
f 866 865 910
f 2676 2677 2859
f 2862 2859 2677
f 2678 2862 2677
f 2679 2862 2678
f 2863 2862 2679
f 2864 2863 2679
f 2865 2864 2679
f 2867 2865 2679
f 2866 2867 2679
f 2878 2866 2679
f 2680 2878 2679
f 2682 2878 2680
f 2879 2878 2682
f 2880 2878 2879
f 2881 2878 2880
f 2882 2881 2880
f 2880 866 2882
f 865 2880 866
f 2879 2880 865
f 2783 2879 865
f 2682 2879 2783
f 803 2682 2783
f 2680 2682 803
f 801 2680 803
f 2679 2680 801
f 800 2679 801
f 2678 2679 800
f 799 2678 800
f 2677 2678 799
f 798 2677 799
f 2676 2677 798
f 797 2676 798
f 2859 2676 797
f 894 2859 797
f 2862 2859 894
f 895 2862 894
f 2863 2862 895
f 896 2863 895
f 2864 2863 896
f 897 2864 896
f 2865 2864 897
f 898 2865 897
f 2867 2865 898
f 899 2867 898
f 2866 2867 899
f 694 2866 899
f 2878 2866 694
f 696 2878 694
f 2881 2878 696
f 910 2881 696
f 2882 2881 910
f 866 2882 910
f 793 795 911
f 902 911 795
f 2868 911 902
f 686 911 2868
f 912 911 686
f 688 912 686
f 913 911 912
f 914 911 913
f 2672 2883 2674
f 2874 2674 2883
f 2877 2874 2883
f 2531 2877 2883
f 2884 2531 2883
f 2533 2531 2884
f 2885 2884 2883
f 2886 2885 2883
f 2884 688 2533
f 912 2884 688
f 2885 2884 912
f 913 2885 912
f 2886 2885 913
f 914 2886 913
f 2883 2886 914
f 911 2883 914
f 2672 2883 911
f 793 2672 911
f 2674 2672 793
f 795 2674 793
f 2874 2674 795
f 902 2874 795
f 2877 2874 902
f 2868 2877 902
f 2531 2877 2868
f 686 2531 2868
f 2533 2531 686
f 688 2533 686
f 911 914 642
f 645 642 914
f 913 645 914
f 912 645 913
f 688 645 912
f 864 645 688
f 646 645 864
f 933 646 864
f 2883 2477 2886
f 2480 2886 2477
f 2885 2886 2480
f 2884 2885 2480
f 2533 2884 2480
f 2780 2533 2480
f 2481 2780 2480
f 2887 2780 2481
f 2887 864 2780
f 933 2887 864
f 2481 2887 933
f 646 2481 933
f 2480 2481 646
f 645 2480 646
f 2477 2480 645
f 642 2477 645
f 2883 2477 642
f 911 2883 642
f 2886 2883 911
f 914 2886 911
f 2885 2886 914
f 913 2885 914
f 2884 2885 913
f 912 2884 913
f 2533 2884 912
f 688 2533 912
f 2780 2533 688
f 864 2780 688
f 2779 863 915
f 916 915 863
f 917 915 916
f 918 917 916
f 811 917 918
f 813 811 918
f 920 811 813
f 812 811 920
f 2685 920 813
f 807 813 918
f 2782 2888 2781
f 2889 2781 2888
f 2890 2889 2888
f 2891 2889 2890
f 2892 2891 2890
f 2893 2891 2892
f 2894 2893 2892
f 2895 2894 2892
f 2896 2893 2894
f 2897 2891 2893
f 2893 807 2897
f 813 2893 807
f 2896 2893 813
f 2685 2896 813
f 2894 2896 2685
f 920 2894 2685
f 2895 2894 920
f 812 2895 920
f 2892 2895 812
f 811 2892 812
f 2890 2892 811
f 917 2890 811
f 2888 2890 917
f 915 2888 917
f 2782 2888 915
f 2779 2782 915
f 2781 2782 2779
f 863 2781 2779
f 2889 2781 863
f 916 2889 863
f 2891 2889 916
f 918 2891 916
f 2897 2891 918
f 807 2897 918
f 806 2686 816
f 808 816 2686
f 805 921 808
f 674 808 921
f 816 808 674
f 922 816 674
f 673 922 674
f 670 922 673
f 2687 2691 2898
f 2899 2898 2691
f 2703 2899 2691
f 2900 2899 2703
f 2901 2899 2900
f 2902 2901 2900
f 2688 2703 2690
f 2691 2690 2703
f 2901 674 2899
f 673 2901 674
f 2902 2901 673
f 670 2902 673
f 2900 2902 670
f 922 2900 670
f 2703 2900 922
f 816 2703 922
f 2688 2703 816
f 806 2688 816
f 2690 2688 806
f 2686 2690 806
f 2691 2690 2686
f 808 2691 2686
f 2687 2691 808
f 805 2687 808
f 2898 2687 805
f 921 2898 805
f 2899 2898 921
f 674 2899 921
f 924 837 842
f 925 842 837
f 2730 842 925
f 927 2730 925
f 928 927 925
f 836 927 928
f 929 927 836
f 931 930 839
f 835 839 930
f 841 839 835
f 837 841 835
f 924 841 837
f 2905 2904 2903
f 2906 2903 2904
f 2907 2906 2904
f 2908 2906 2907
f 2909 2908 2907
f 2909 2910 2908
f 2911 2908 2910
f 2912 2911 2910
f 2913 2911 2912
f 2914 2911 2913
f 2915 2914 2913
f 2916 2915 2913
f 2908 835 2906
f 837 2908 835
f 2911 2908 837
f 925 2911 837
f 2914 2911 925
f 928 2914 925
f 2915 2914 928
f 836 2915 928
f 2916 2915 836
f 929 2916 836
f 2913 2916 929
f 927 2913 929
f 2912 2913 927
f 2730 2912 927
f 2910 2912 2730
f 842 2910 2730
f 2909 2910 842
f 924 2909 842
f 2907 2909 924
f 841 2907 924
f 2904 2907 841
f 839 2904 841
f 2905 2904 839
f 931 2905 839
f 2903 2905 931
f 930 2903 931
f 2906 2903 930
f 835 2906 930
f 646 933 647
f 864 647 933
f 2779 647 864
f 648 647 2779
f 649 648 2779
f 915 649 2779
f 652 649 915
f 651 652 915
f 2684 651 915
f 917 2684 915
f 811 2684 917
f 2481 2482 2887
f 2780 2887 2482
f 2782 2780 2482
f 2483 2782 2482
f 2484 2782 2483
f 2888 2782 2484
f 2487 2888 2484
f 2486 2888 2487
f 2917 2888 2486
f 2890 2888 2917
f 2892 2890 2917
f 2917 811 2892
f 2684 2917 811
f 2486 2917 2684
f 651 2486 2684
f 2487 2486 651
f 652 2487 651
f 2484 2487 652
f 649 2484 652
f 2483 2484 649
f 648 2483 649
f 2482 2483 648
f 647 2482 648
f 2481 2482 647
f 646 2481 647
f 2887 2481 646
f 933 2887 646
f 2780 2887 933
f 864 2780 933
f 2782 2780 864
f 2779 2782 864
f 2888 2782 2779
f 915 2888 2779
f 2890 2888 915
f 917 2890 915
f 2892 2890 917
f 811 2892 917
f 824 672 826
f 815 816 819
f 922 819 816
f 817 819 922
f 824 817 922
f 672 824 922
f 670 672 922
f 2702 2918 2703
f 2900 2703 2918
f 2919 2900 2918
f 2920 2900 2919
f 2921 2900 2920
f 2902 2900 2921
f 2921 2920 2922
f 2921 670 2902
f 672 2921 670
f 2922 2921 672
f 826 2922 672
f 2920 2922 826
f 824 2920 826
f 2919 2920 824
f 817 2919 824
f 2918 2919 817
f 819 2918 817
f 2702 2918 819
f 815 2702 819
f 2703 2702 815
f 816 2703 815
f 2900 2703 816
f 922 2900 816
f 2902 2900 922
f 670 2902 922
f 936 934 935
f 937 935 934
f 938 935 937
f 2925 2924 2923
f 2926 2923 2924
f 2927 2926 2924
f 2924 938 2927
f 935 2924 938
f 2925 2924 935
f 936 2925 935
f 2923 2925 936
f 934 2923 936
f 2926 2923 934
f 937 2926 934
f 2927 2926 937
f 938 2927 937
f 944 942 943
f 935 943 942
f 938 943 935
f 940 936 939
f 941 939 936
f 935 941 936
f 942 941 935
f 2929 2928 2925
f 2930 2925 2928
f 2924 2925 2930
f 2931 2924 2930
f 2933 2932 2931
f 2924 2931 2932
f 2927 2924 2932
f 2932 938 2927
f 943 2932 938
f 2933 2932 943
f 944 2933 943
f 2931 2933 944
f 942 2931 944
f 2930 2931 942
f 941 2930 942
f 2928 2930 941
f 939 2928 941
f 2929 2928 939
f 940 2929 939
f 2925 2929 940
f 936 2925 940
f 2924 2925 936
f 935 2924 936
f 2927 2924 935
f 938 2927 935
f 947 945 2934
f 949 2934 945
f 950 2934 949
f 2937 2936 2935
f 2938 2935 2936
f 2939 2938 2936
f 2939 949 2938
f 950 2939 949
f 2936 2939 950
f 2934 2936 950
f 2937 2936 2934
f 947 2937 2934
f 2935 2937 947
f 945 2935 947
f 2938 2935 945
f 949 2938 945
f 2934 950 951
f 952 951 950
f 953 951 952
f 2936 2940 2939
f 2941 2939 2940
f 2942 2941 2940
f 2942 952 2941
f 953 2942 952
f 2940 2942 953
f 951 2940 953
f 2936 2940 951
f 2934 2936 951
f 2939 2936 2934
f 950 2939 2934
f 2941 2939 950
f 952 2941 950
f 952 954 953
f 955 953 954
f 956 953 955
f 957 956 955
f 958 957 955
f 2941 2942 2943
f 2944 2943 2942
f 2945 2944 2942
f 2946 2944 2945
f 2947 2944 2946
f 2941 953 2942
f 952 2941 953
f 2943 2941 952
f 954 2943 952
f 2944 2943 954
f 955 2944 954
f 2947 2944 955
f 958 2947 955
f 2946 2947 958
f 957 2946 958
f 2945 2946 957
f 956 2945 957
f 2942 2945 956
f 953 2942 956
f 949 959 950
f 960 950 959
f 952 950 960
f 954 952 960
f 955 954 960
f 958 955 960
f 2950 2949 2948
f 2951 2948 2949
f 2952 2951 2949
f 2953 2951 2952
f 2954 2951 2953
f 2955 2951 2954
f 2954 958 2955
f 955 2954 958
f 2953 2954 955
f 954 2953 955
f 2952 2953 954
f 952 2952 954
f 2949 2952 952
f 950 2949 952
f 2950 2949 950
f 949 2950 950
f 2948 2950 949
f 959 2948 949
f 2951 2948 959
f 960 2951 959
f 2955 2951 960
f 958 2955 960
f 968 2957 2956
f 1718 2956 2957
f 2960 2959 2958
f 2961 2958 2959
f 2959 1718 2961
f 2956 2959 1718
f 2960 2959 2956
f 968 2960 2956
f 2958 2960 968
f 2957 2958 968
f 2961 2958 2957
f 1718 2961 2957
f 2962 1725 970
f 972 970 1725
f 2963 972 1725
f 2966 2965 2964
f 2967 2964 2965
f 2968 2964 2967
f 2965 972 2967
f 970 2965 972
f 2966 2965 970
f 2962 2966 970
f 2964 2966 2962
f 1725 2964 2962
f 2968 2964 1725
f 2963 2968 1725
f 2967 2968 2963
f 972 2967 2963
f 977 2969 976
f 2970 976 2969
f 2973 2972 2971
f 2974 2971 2972
f 2972 2970 2974
f 976 2972 2970
f 2973 2972 976
f 977 2973 976
f 2971 2973 977
f 2969 2971 977
f 2974 2971 2969
f 2970 2974 2969
f 981 979 2975
f 2976 2975 979
f 980 2978 2977
f 2981 2980 2979
f 2982 2979 2980
f 2985 2984 2983
f 2980 2976 2982
f 2975 2980 2976
f 2981 2980 2975
f 981 2981 2975
f 2979 2981 981
f 979 2979 981
f 2982 2979 979
f 2976 2982 979
f 2984 2977 2983
f 980 2984 2977
f 2985 2984 980
f 2978 2985 980
f 2983 2985 2978
f 2977 2983 2978
f 2963 1747 972
f 991 972 1747
f 1749 991 1747
f 977 991 1749
f 1750 977 1749
f 2969 977 1750
f 2968 2967 2986
f 2987 2986 2967
f 2988 2986 2987
f 2989 2988 2987
f 2990 2988 2989
f 2991 2990 2989
f 2991 1750 2990
f 2969 2991 1750
f 2989 2991 2969
f 977 2989 2969
f 2987 2989 977
f 991 2987 977
f 2967 2987 991
f 972 2967 991
f 2968 2967 972
f 2963 2968 972
f 2986 2968 2963
f 1747 2986 2963
f 2988 2986 1747
f 1749 2988 1747
f 2990 2988 1749
f 1750 2990 1749
f 2992 1000 1736
f 2993 1736 1000
f 997 976 979
f 2970 979 976
f 2976 979 2970
f 1751 2976 2970
f 1726 2976 1751
f 2994 1756 1001
f 2995 1001 1756
f 1005 1001 2995
f 2998 2997 2996
f 2999 2996 2997
f 3002 3001 3000
f 3003 3000 3001
f 3004 3003 3001
f 3005 3003 3004
f 3006 3005 3004
f 3009 3008 3007
f 3010 3007 3008
f 3011 3010 3008
f 2997 2993 2999
f 1736 2997 2993
f 2998 2997 1736
f 2992 2998 1736
f 2996 2998 2992
f 1000 2996 2992
f 2999 2996 1000
f 2993 2999 1000
f 3006 1751 3005
f 1726 3006 1751
f 3004 3006 1726
f 2976 3004 1726
f 3001 3004 2976
f 979 3001 2976
f 3002 3001 979
f 997 3002 979
f 3000 3002 997
f 976 3000 997
f 3003 3000 976
f 2970 3003 976
f 3005 3003 2970
f 1751 3005 2970
f 3011 2995 3010
f 1005 3011 2995
f 3008 3011 1005
f 1001 3008 1005
f 3009 3008 1001
f 2994 3009 1001
f 3007 3009 2994
f 1756 3007 2994
f 3010 3007 1756
f 2995 3010 1756
f 980 2977 1009
f 1727 1009 2977
f 1760 1009 1727
f 2994 1009 1760
f 1001 1009 2994
f 3014 3013 3012
f 3015 3012 3013
f 3016 3015 3013
f 3017 3016 3013
f 3018 3017 3013
f 3013 1001 3018
f 1009 3013 1001
f 3014 3013 1009
f 980 3014 1009
f 3012 3014 980
f 2977 3012 980
f 3015 3012 2977
f 1727 3015 2977
f 3016 3015 1727
f 1760 3016 1727
f 3017 3016 1760
f 2994 3017 1760
f 3018 3017 2994
f 1001 3018 2994
f 3020 3019 1014
f 3023 3022 3021
f 3022 1014 3021
f 3020 3022 1014
f 3023 3022 3020
f 3019 3023 3020
f 3021 3023 3019
f 1014 3021 3019
f 1739 3025 3024
f 3028 3027 3026
f 3027 3024 3026
f 1739 3027 3024
f 3028 3027 1739
f 3025 3028 1739
f 3026 3028 3025
f 3024 3026 3025
f 3031 3030 3029
f 3032 3029 3030
f 3033 3029 3032
f 3034 3033 3032
f 3035 3033 3034
f 3036 3035 3034
f 3039 3038 3037
f 3040 3037 3038
f 3041 3040 3038
f 3042 3040 3041
f 3043 3042 3041
f 3044 3042 3043
f 3043 3036 3044
f 3035 3043 3036
f 3041 3043 3035
f 3033 3041 3035
f 3038 3041 3033
f 3029 3038 3033
f 3039 3038 3029
f 3031 3039 3029
f 3037 3039 3031
f 3030 3037 3031
f 3040 3037 3030
f 3032 3040 3030
f 3042 3040 3032
f 3034 3042 3032
f 3044 3042 3034
f 3036 3044 3034
f 3032 3045 3034
f 3046 3034 3045
f 3036 3034 3046
f 3047 3036 3046
f 3050 3049 3048
f 3051 3048 3049
f 3052 3051 3049
f 3053 3051 3052
f 3052 3047 3053
f 3036 3052 3047
f 3049 3052 3036
f 3034 3049 3036
f 3050 3049 3034
f 3032 3050 3034
f 3048 3050 3032
f 3045 3048 3032
f 3051 3048 3045
f 3046 3051 3045
f 3053 3051 3046
f 3047 3053 3046
f 1037 1035 1036
f 1038 1036 1035
f 3056 3055 3054
f 3057 3054 3055
f 3055 1038 3057
f 1036 3055 1038
f 3056 3055 1036
f 1037 3056 1036
f 3054 3056 1037
f 1035 3054 1037
f 3057 3054 1035
f 1038 3057 1035
f 1040 1039 1044
f 1038 1039 1036
f 1040 1036 1039
f 1041 1039 1038
f 1042 1041 1038
f 1043 1042 1038
f 3059 3058 3055
f 3057 3055 3058
f 3060 3057 3058
f 3061 3057 3060
f 3062 3057 3061
f 3058 3059 3063
f 3057 1036 3055
f 1038 3057 1036
f 3062 3057 1038
f 1043 3062 1038
f 3061 3062 1043
f 1042 3061 1043
f 3060 3061 1042
f 1041 3060 1042
f 3058 3060 1041
f 1039 3058 1041
f 3063 3058 1039
f 1044 3063 1039
f 3059 3063 1044
f 1040 3059 1044
f 3055 3059 1040
f 1036 3055 1040
f 3066 3065 3064
f 3067 3064 3065
f 3070 3069 3068
f 3071 3068 3069
f 3069 3067 3071
f 3064 3069 3067
f 3070 3069 3064
f 3066 3070 3064
f 3068 3070 3066
f 3065 3068 3066
f 3071 3068 3065
f 3067 3071 3065
f 1047 1045 1046
f 1048 1046 1045
f 1049 1046 1048
f 3074 3073 3072
f 3075 3072 3073
f 3076 3075 3073
f 3073 1049 3076
f 1046 3073 1049
f 3074 3073 1046
f 1047 3074 1046
f 3072 3074 1047
f 1045 3072 1047
f 3075 3072 1045
f 1048 3075 1045
f 3076 3075 1048
f 1049 3076 1048
f 1051 1046 1050
f 1049 1050 1046
f 3077 1050 1049
f 1054 1050 3077
f 1055 1050 1054
f 3079 3078 3073
f 3076 3073 3078
f 3080 3076 3078
f 3081 3080 3078
f 3082 3081 3078
f 3078 1055 3082
f 1050 3078 1055
f 3079 3078 1050
f 1051 3079 1050
f 3073 3079 1051
f 1046 3073 1051
f 3076 3073 1046
f 1049 3076 1046
f 3080 3076 1049
f 3077 3080 1049
f 3081 3080 3077
f 1054 3081 3077
f 3082 3081 1054
f 1055 3082 1054
f 1057 1059 1063
f 1058 1056 1057
f 1059 1057 1056
f 1060 1059 1056
f 1061 1060 1056
f 1062 1060 1061
f 3085 3084 3083
f 3086 3083 3084
f 3087 3083 3086
f 3088 3083 3087
f 3089 3088 3087
f 3086 3084 3090
f 3089 1061 3088
f 1062 3089 1061
f 3087 3089 1062
f 1060 3087 1062
f 3086 3087 1060
f 1059 3086 1060
f 3090 3086 1059
f 1063 3090 1059
f 3084 3090 1063
f 1057 3084 1063
f 3085 3084 1057
f 1058 3085 1057
f 3083 3085 1058
f 1056 3083 1058
f 3088 3083 1056
f 1061 3088 1056
f 1066 1064 1065
f 1067 1065 1064
f 1068 1065 1067
f 1069 1065 1068
f 1070 1069 1068
f 3093 3092 3091
f 3094 3091 3092
f 3095 3094 3092
f 3096 3095 3092
f 3097 3095 3096
f 3091 1066 3093
f 1064 3091 1066
f 3094 3091 1064
f 1067 3094 1064
f 3095 3094 1067
f 1068 3095 1067
f 3097 3095 1068
f 1070 3097 1068
f 3096 3097 1070
f 1069 3096 1070
f 3092 3096 1069
f 1065 3092 1069
f 3093 3092 1065
f 1066 3093 1065
f 1073 1071 1072
f 1074 1072 1071
f 1075 1072 1074
f 1076 1072 1075
f 1077 1072 1076
f 1078 1072 1077
f 1079 1072 1078
f 1080 1072 1079
f 3100 3099 3098
f 3101 3098 3099
f 3102 3101 3099
f 3103 3102 3099
f 3104 3103 3099
f 3105 3104 3099
f 3106 3105 3099
f 3107 3106 3099
f 3107 1079 3106
f 1080 3107 1079
f 3099 3107 1080
f 1072 3099 1080
f 3100 3099 1072
f 1073 3100 1072
f 3098 3100 1073
f 1071 3098 1073
f 3101 3098 1071
f 1074 3101 1071
f 3102 3101 1074
f 1075 3102 1074
f 3103 3102 1075
f 1076 3103 1075
f 3104 3103 1076
f 1077 3104 1076
f 3105 3104 1077
f 1078 3105 1077
f 3106 3105 1078
f 1079 3106 1078
f 1083 1081 1082
f 1084 1082 1081
f 3110 3109 3108
f 3111 3108 3109
f 3109 1084 3111
f 1082 3109 1084
f 3110 3109 1082
f 1083 3110 1082
f 3108 3110 1083
f 1081 3108 1083
f 3111 3108 1081
f 1084 3111 1081
f 1087 1085 1086
f 1088 1086 1085
f 3114 3113 3112
f 3115 3112 3113
f 3113 1088 3115
f 1086 3113 1088
f 3114 3113 1086
f 1087 3114 1086
f 3112 3114 1087
f 1085 3112 1087
f 3115 3112 1085
f 1088 3115 1085
f 1091 1089 1090
f 1092 1090 1089
f 1093 1090 1092
f 3118 3117 3116
f 3119 3116 3117
f 3120 3119 3117
f 3120 1092 3119
f 1093 3120 1092
f 3117 3120 1093
f 1090 3117 1093
f 3118 3117 1090
f 1091 3118 1090
f 3116 3118 1091
f 1089 3116 1091
f 3119 3116 1089
f 1092 3119 1089
f 1096 1094 1095
f 1097 1095 1094
f 3123 3122 3121
f 3124 3121 3122
f 3122 1097 3124
f 1095 3122 1097
f 3123 3122 1095
f 1096 3123 1095
f 3121 3123 1096
f 1094 3121 1096
f 3124 3121 1094
f 1097 3124 1094
f 1100 1098 1099
f 1101 1099 1098
f 3127 3126 3125
f 3128 3125 3126
f 3126 1101 3128
f 1099 3126 1101
f 3127 3126 1099
f 1100 3127 1099
f 3125 3127 1100
f 1098 3125 1100
f 3128 3125 1098
f 1101 3128 1098
f 1104 1102 1103
f 1105 1103 1102
f 3131 3130 3129
f 3132 3129 3130
f 3129 1104 3131
f 1102 3129 1104
f 3132 3129 1102
f 1105 3132 1102
f 3130 3132 1105
f 1103 3130 1105
f 3131 3130 1103
f 1104 3131 1103
f 1108 3133 1107
f 1112 1107 3133
f 1113 1107 1112
f 1114 1107 1113
f 3136 3135 3134
f 3137 3134 3135
f 3138 3137 3135
f 3139 3138 3135
f 3139 1113 3138
f 1114 3139 1113
f 3135 3139 1114
f 1107 3135 1114
f 3136 3135 1107
f 1108 3136 1107
f 3134 3136 1108
f 3133 3134 1108
f 3137 3134 3133
f 1112 3137 3133
f 3138 3137 1112
f 1113 3138 1112
f 1117 1115 1116
f 1118 1116 1115
f 1119 1116 1118
f 1120 1119 1118
f 1121 1120 1118
f 3142 3141 3140
f 3143 3140 3141
f 3144 3143 3141
f 3145 3143 3144
f 3146 3143 3145
f 3145 1121 3146
f 1120 3145 1121
f 3144 3145 1120
f 1119 3144 1120
f 3141 3144 1119
f 1116 3141 1119
f 3142 3141 1116
f 1117 3142 1116
f 3140 3142 1117
f 1115 3140 1117
f 3143 3140 1115
f 1118 3143 1115
f 3146 3143 1118
f 1121 3146 1118
f 1124 1122 1123
f 1117 1123 1122
f 1116 1123 1117
f 1125 1123 1116
f 1119 1125 1116
f 3149 3148 3147
f 3142 3147 3148
f 3141 3142 3148
f 3150 3141 3148
f 3144 3141 3150
f 3141 1117 3142
f 1116 3141 1117
f 3144 3141 1116
f 1119 3144 1116
f 3150 3144 1119
f 1125 3150 1119
f 3148 3150 1125
f 1123 3148 1125
f 3149 3148 1123
f 1124 3149 1123
f 3147 3149 1124
f 1122 3147 1124
f 3142 3147 1122
f 1117 3142 1122
f 1112 1135 1113
f 1304 1113 1135
f 1139 1113 1304
f 1137 1139 1304
f 1140 1137 1304
f 1305 1140 1304
f 1138 1140 1305
f 1132 1130 1131
f 1133 1131 1130
f 1372 1131 1133
f 3133 1131 1372
f 1365 3133 1372
f 1134 3133 1365
f 1367 3133 1134
f 1368 3133 1367
f 1369 3133 1368
f 1127 3133 1369
f 1129 3133 1127
f 1124 3133 1129
f 1112 3133 1124
f 1123 1112 1124
f 1135 1112 1123
f 1303 1135 1123
f 1136 1303 1123
f 1128 1126 1366
f 1129 1366 1126
f 1127 1366 1129
f 3153 3152 3151
f 3154 3151 3152
f 3155 3154 3152
f 3158 3157 3156
f 3159 3156 3157
f 3160 3159 3157
f 3161 3160 3157
f 3162 3160 3161
f 3163 3162 3161
f 3164 3163 3161
f 3165 3164 3161
f 3166 3165 3161
f 3155 3166 3161
f 3154 3155 3161
f 3167 3154 3161
f 3168 3167 3161
f 3169 3167 3168
f 3170 3169 3168
f 3171 3169 3170
f 3172 3169 3171
f 3168 3173 3170
f 3174 3170 3173
f 3175 3174 3173
f 3176 3174 3175
f 3177 3174 3176
f 3178 3174 3177
f 3179 3178 3177
f 3169 1124 3167
f 1123 3169 1124
f 3172 3169 1123
f 1136 3172 1123
f 3171 3172 1136
f 1303 3171 1136
f 3170 3171 1303
f 1135 3170 1303
f 3174 3170 1135
f 1304 3174 1135
f 3178 3174 1304
f 1305 3178 1304
f 3179 3178 1305
f 1138 3179 1305
f 3177 3179 1138
f 1140 3177 1138
f 3176 3177 1140
f 1137 3176 1140
f 3175 3176 1137
f 1139 3175 1137
f 3173 3175 1139
f 1113 3173 1139
f 3168 3173 1113
f 1112 3168 1113
f 3161 3168 1112
f 3133 3161 1112
f 3157 3161 3133
f 1131 3157 3133
f 3158 3157 1131
f 1132 3158 1131
f 3156 3158 1132
f 1130 3156 1132
f 3159 3156 1130
f 1133 3159 1130
f 3160 3159 1133
f 1372 3160 1133
f 3162 3160 1372
f 1365 3162 1372
f 3163 3162 1365
f 1134 3163 1365
f 3164 3163 1134
f 1367 3164 1134
f 3165 3164 1367
f 1368 3165 1367
f 3166 3165 1368
f 1369 3166 1368
f 3155 3166 1369
f 1127 3155 1369
f 3152 3155 1127
f 1366 3152 1127
f 3153 3152 1366
f 1128 3153 1366
f 3151 3153 1128
f 1126 3151 1128
f 3154 3151 1126
f 1129 3154 1126
f 3167 3154 1129
f 1124 3167 1129
f 1143 1141 1142
f 1144 1142 1141
f 3182 3181 3180
f 3183 3180 3181
f 3182 1142 3181
f 1143 3182 1142
f 3180 3182 1143
f 1141 3180 1143
f 3183 3180 1141
f 1144 3183 1141
f 3181 3183 1144
f 1142 3181 1144
f 1147 1145 1146
f 3184 1146 1145
f 1150 3184 1145
f 1152 3184 1150
f 3187 3186 3185
f 3188 3185 3186
f 3189 3185 3188
f 3190 3189 3188
f 3188 1152 3190
f 3184 3188 1152
f 3186 3188 3184
f 1146 3186 3184
f 3187 3186 1146
f 1147 3187 1146
f 3185 3187 1147
f 1145 3185 1147
f 3189 3185 1145
f 1150 3189 1145
f 3190 3189 1150
f 1152 3190 1150
f 1155 1153 1154
f 3191 1154 1153
f 1157 3191 1153
f 3194 3193 3192
f 3195 3192 3193
f 3196 3192 3195
f 3195 1157 3196
f 3191 3195 1157
f 3193 3195 3191
f 1154 3193 3191
f 3194 3193 1154
f 1155 3194 1154
f 3192 3194 1155
f 1153 3192 1155
f 3196 3192 1153
f 1157 3196 1153
f 1160 1158 1159
f 1312 1159 1158
f 1313 1159 1312
f 1161 1159 1313
f 3199 3198 3197
f 3200 3197 3198
f 3201 3200 3198
f 3202 3201 3198
f 3202 1313 3201
f 1161 3202 1313
f 3198 3202 1161
f 1159 3198 1161
f 3199 3198 1159
f 1160 3199 1159
f 3197 3199 1160
f 1158 3197 1160
f 3200 3197 1158
f 1312 3200 1158
f 3201 3200 1312
f 1313 3201 1312
f 1163 1162 1045
f 1048 1045 1162
f 1049 1048 1162
f 1164 1049 1162
f 3077 1049 1164
f 3204 3072 3203
f 3075 3203 3072
f 3076 3203 3075
f 3205 3203 3076
f 3080 3205 3076
f 3080 1164 3205
f 3077 3080 1164
f 3076 3080 3077
f 1049 3076 3077
f 3075 3076 1049
f 1048 3075 1049
f 3072 3075 1048
f 1045 3072 1048
f 3204 3072 1045
f 1163 3204 1045
f 3203 3204 1163
f 1162 3203 1163
f 3205 3203 1162
f 1164 3205 1162
f 3077 1164 1054
f 1165 1054 1164
f 1055 1054 1165
f 1166 1055 1165
f 1167 1166 1165
f 1168 1055 1166
f 1169 1055 1168
f 1170 1166 1167
f 1171 1170 1167
f 1172 1171 1167
f 1173 1172 1167
f 3080 3081 3205
f 3206 3205 3081
f 3082 3206 3081
f 3207 3206 3082
f 3208 3206 3207
f 3209 3207 3082
f 3210 3209 3082
f 3211 3208 3207
f 3212 3208 3211
f 3213 3208 3212
f 3214 3208 3213
f 3214 1167 3208
f 1173 3214 1167
f 3213 3214 1173
f 1172 3213 1173
f 3212 3213 1172
f 1171 3212 1172
f 3211 3212 1171
f 1170 3211 1171
f 3207 3211 1170
f 1166 3207 1170
f 3209 3207 1166
f 1168 3209 1166
f 3210 3209 1168
f 1169 3210 1168
f 3082 3210 1169
f 1055 3082 1169
f 3081 3082 1055
f 1054 3081 1055
f 3080 3081 1054
f 3077 3080 1054
f 3205 3080 3077
f 1164 3205 3077
f 3206 3205 1164
f 1165 3206 1164
f 3208 3206 1165
f 1167 3208 1165
f 1186 1188 1192
f 1180 1178 1179
f 1181 1179 1178
f 1168 1181 1178
f 1166 1181 1168
f 1170 1181 1166
f 1171 1181 1170
f 1172 1181 1171
f 1173 1181 1172
f 3215 1181 1173
f 1182 1181 3215
f 1328 1181 1182
f 1183 1181 1328
f 1329 1181 1183
f 1330 1181 1329
f 1185 1181 1330
f 1186 1185 1330
f 1184 1186 1330
f 1332 1186 1184
f 1333 1186 1332
f 1187 1186 1333
f 1058 1186 1187
f 1188 1186 1058
f 1057 1188 1058
f 1189 1188 1057
f 1190 1189 1057
f 1191 1190 1057
f 1175 1050 1174
f 1055 1174 1050
f 1169 1174 1055
f 1176 1174 1169
f 1177 1176 1169
f 1178 1177 1169
f 1168 1178 1169
f 3218 3217 3216
f 3219 3216 3217
f 3220 3219 3217
f 3221 3220 3217
f 3222 3220 3221
f 3223 3220 3222
f 3224 3220 3223
f 3226 3225 3223
f 3227 3223 3225
f 3224 3223 3227
f 3228 3224 3227
f 3229 3228 3227
f 3230 3229 3227
f 3231 3230 3227
f 3232 3231 3227
f 3233 3232 3227
f 3234 3233 3227
f 3235 3234 3227
f 3236 3235 3227
f 3237 3236 3227
f 3238 3237 3227
f 3239 3238 3227
f 3240 3238 3239
f 3241 3238 3240
f 3242 3241 3240
f 3243 3242 3240
f 3244 3243 3240
f 3245 3244 3240
f 3246 3245 3240
f 3247 3245 3246
f 3248 3247 3246
f 3249 3247 3248
f 3250 3247 3249
f 3246 3240 3251
f 3247 1058 3245
f 1057 3247 1058
f 3250 3247 1057
f 1191 3250 1057
f 3249 3250 1191
f 1190 3249 1191
f 3248 3249 1190
f 1189 3248 1190
f 3246 3248 1189
f 1188 3246 1189
f 3251 3246 1188
f 1192 3251 1188
f 3240 3251 1192
f 1186 3240 1192
f 3239 3240 1186
f 1185 3239 1186
f 3227 3239 1185
f 1181 3227 1185
f 3225 3227 1181
f 1179 3225 1181
f 3226 3225 1179
f 1180 3226 1179
f 3223 3226 1180
f 1178 3223 1180
f 3222 3223 1178
f 1177 3222 1178
f 3221 3222 1177
f 1176 3221 1177
f 3217 3221 1176
f 1174 3217 1176
f 3218 3217 1174
f 1175 3218 1174
f 3216 3218 1175
f 1050 3216 1175
f 3219 3216 1050
f 1055 3219 1050
f 3220 3219 1055
f 1169 3220 1055
f 3224 3220 1169
f 1168 3224 1169
f 3228 3224 1168
f 1166 3228 1168
f 3229 3228 1166
f 1170 3229 1166
f 3230 3229 1170
f 1171 3230 1170
f 3231 3230 1171
f 1172 3231 1171
f 3232 3231 1172
f 1173 3232 1172
f 3233 3232 1173
f 3215 3233 1173
f 3234 3233 3215
f 1182 3234 3215
f 3235 3234 1182
f 1328 3235 1182
f 3236 3235 1328
f 1183 3236 1328
f 3237 3236 1183
f 1329 3237 1183
f 3238 3237 1329
f 1330 3238 1329
f 3241 3238 1330
f 1184 3241 1330
f 3242 3241 1184
f 1332 3242 1184
f 3243 3242 1332
f 1333 3243 1332
f 3244 3243 1333
f 1187 3244 1333
f 3245 3244 1187
f 1058 3245 1187
f 1203 1204 1208
f 1064 1208 1204
f 1066 1208 1064
f 1201 1325 1056
f 1194 1056 1325
f 1061 1056 1194
f 1200 1061 1194
f 1319 1061 1200
f 1203 1061 1319
f 1320 1203 1319
f 1202 1203 1320
f 1073 1203 1202
f 1204 1203 1073
f 1072 1204 1073
f 1334 1204 1072
f 3252 1334 1072
f 1336 3252 1072
f 1205 1336 1072
f 1068 1205 1072
f 1070 1068 1072
f 1206 1070 1072
f 1207 1206 1072
f 1195 1193 1324
f 1196 1324 1193
f 1194 1324 1196
f 1197 1194 1196
f 1198 1194 1197
f 1199 1194 1198
f 1318 1194 1199
f 1200 1194 1318
f 3255 3254 3253
f 3256 3253 3254
f 3257 3256 3254
f 3258 3256 3257
f 3259 3258 3257
f 3260 3259 3257
f 3261 3260 3257
f 3262 3261 3257
f 3265 3264 3263
f 3257 3263 3264
f 3266 3257 3264
f 3262 3257 3266
f 3267 3262 3266
f 3268 3267 3266
f 3269 3267 3268
f 3270 3269 3268
f 3271 3270 3268
f 3272 3271 3268
f 3273 3271 3272
f 3274 3273 3272
f 3275 3273 3274
f 3276 3273 3275
f 3277 3273 3276
f 3095 3273 3277
f 3097 3273 3095
f 3278 3273 3097
f 3279 3273 3278
f 3268 3280 3272
f 3091 3272 3280
f 3093 3091 3280
f 3273 1073 3271
f 1072 3273 1073
f 3279 3273 1072
f 1207 3279 1072
f 3278 3279 1207
f 1206 3278 1207
f 3097 3278 1206
f 1070 3097 1206
f 3095 3097 1070
f 1068 3095 1070
f 3277 3095 1068
f 1205 3277 1068
f 3276 3277 1205
f 1336 3276 1205
f 3275 3276 1336
f 3252 3275 1336
f 3274 3275 3252
f 1334 3274 3252
f 3272 3274 1334
f 1204 3272 1334
f 3091 3272 1204
f 1064 3091 1204
f 3093 3091 1064
f 1066 3093 1064
f 3280 3093 1066
f 1208 3280 1066
f 3268 3280 1208
f 1203 3268 1208
f 3266 3268 1203
f 1061 3266 1203
f 3264 3266 1061
f 1056 3264 1061
f 3265 3264 1056
f 1201 3265 1056
f 3263 3265 1201
f 1325 3263 1201
f 3257 3263 1325
f 1194 3257 1325
f 3254 3257 1194
f 1324 3254 1194
f 3255 3254 1324
f 1195 3255 1324
f 3253 3255 1195
f 1193 3253 1195
f 3256 3253 1193
f 1196 3256 1193
f 3258 3256 1196
f 1197 3258 1196
f 3259 3258 1197
f 1198 3259 1197
f 3260 3259 1198
f 1199 3260 1198
f 3261 3260 1199
f 1318 3261 1199
f 3262 3261 1318
f 1200 3262 1318
f 3267 3262 1200
f 1319 3267 1200
f 3269 3267 1319
f 1320 3269 1319
f 3270 3269 1320
f 1202 3270 1320
f 3271 3270 1202
f 1073 3271 1202
f 1078 1218 1079
f 1223 1079 1218
f 1222 1079 1223
f 1219 1222 1223
f 1220 1219 1223
f 1221 1220 1223
f 1215 1213 1214
f 1074 1214 1213
f 1216 1074 1213
f 3281 1074 1216
f 1217 1074 3281
f 1375 1074 1217
f 1377 1074 1375
f 1379 1074 1377
f 1210 1074 1379
f 1212 1074 1210
f 1160 1074 1212
f 1075 1074 1160
f 1076 1075 1160
f 1077 1076 1160
f 1078 1077 1160
f 1159 1078 1160
f 1218 1078 1159
f 1211 1209 1376
f 1212 1376 1209
f 1378 1376 1212
f 1210 1378 1212
f 3284 3283 3282
f 3285 3282 3283
f 3286 3285 3283
f 3287 3285 3286
f 3290 3289 3288
f 3291 3288 3289
f 3292 3288 3291
f 3293 3292 3291
f 3294 3293 3291
f 3295 3294 3291
f 3296 3295 3291
f 3297 3296 3291
f 3287 3297 3291
f 3285 3287 3291
f 3298 3285 3291
f 3299 3298 3291
f 3300 3298 3299
f 3301 3298 3300
f 3302 3298 3301
f 3303 3298 3302
f 3304 3303 3302
f 3302 3305 3304
f 3306 3304 3305
f 3307 3306 3305
f 3308 3306 3307
f 3309 3306 3308
f 3310 3306 3309
f 3303 1160 3298
f 1159 3303 1160
f 3304 3303 1159
f 1218 3304 1159
f 3306 3304 1218
f 1223 3306 1218
f 3310 3306 1223
f 1221 3310 1223
f 3309 3310 1221
f 1220 3309 1221
f 3308 3309 1220
f 1219 3308 1220
f 3307 3308 1219
f 1222 3307 1219
f 3305 3307 1222
f 1079 3305 1222
f 3302 3305 1079
f 1078 3302 1079
f 3301 3302 1078
f 1077 3301 1078
f 3300 3301 1077
f 1076 3300 1077
f 3299 3300 1076
f 1075 3299 1076
f 3291 3299 1075
f 1074 3291 1075
f 3289 3291 1074
f 1214 3289 1074
f 3290 3289 1214
f 1215 3290 1214
f 3288 3290 1215
f 1213 3288 1215
f 3292 3288 1213
f 1216 3292 1213
f 3293 3292 1216
f 3281 3293 1216
f 3294 3293 3281
f 1217 3294 3281
f 3295 3294 1217
f 1375 3295 1217
f 3296 3295 1375
f 1377 3296 1375
f 3297 3296 1377
f 1379 3297 1377
f 3287 3297 1379
f 1210 3287 1379
f 3286 3287 1210
f 1378 3286 1210
f 3283 3286 1378
f 1376 3283 1378
f 3284 3283 1376
f 1211 3284 1376
f 3282 3284 1211
f 1209 3282 1211
f 3285 3282 1209
f 1212 3285 1209
f 3298 3285 1212
f 1160 3298 1212
f 1220 1221 1224
f 1161 1224 1221
f 1225 1224 1161
f 1226 1224 1225
f 1227 1226 1225
f 1218 1159 1223
f 1161 1223 1159
f 1221 1223 1161
f 3312 3311 3198
f 3202 3198 3311
f 3313 3202 3311
f 3315 3314 3313
f 3202 3313 3314
f 3316 3202 3314
f 3317 3316 3314
f 3318 3316 3317
f 3317 1227 3318
f 1226 3317 1227
f 3314 3317 1226
f 1224 3314 1226
f 3315 3314 1224
f 1220 3315 1224
f 3313 3315 1220
f 1221 3313 1220
f 3311 3313 1221
f 1223 3311 1221
f 3312 3311 1223
f 1218 3312 1223
f 3198 3312 1218
f 1159 3198 1218
f 3202 3198 1159
f 1161 3202 1159
f 3316 3202 1161
f 1225 3316 1161
f 3318 3316 1225
f 1227 3318 1225
f 1230 1228 1229
f 1231 1229 1228
f 1232 1229 1231
f 1233 1229 1232
f 1143 1229 1233
f 1081 1229 1143
f 1142 1081 1143
f 1083 1229 1081
f 3321 3320 3319
f 3322 3319 3320
f 3323 3322 3320
f 3324 3323 3320
f 3182 3324 3320
f 3325 3182 3320
f 3181 3182 3325
f 3326 3325 3320
f 3181 1143 3182
f 1142 3181 1143
f 3325 3181 1142
f 1081 3325 1142
f 3326 3325 1081
f 1083 3326 1081
f 3320 3326 1083
f 1229 3320 1083
f 3321 3320 1229
f 1230 3321 1229
f 3319 3321 1230
f 1228 3319 1230
f 3322 3319 1228
f 1231 3322 1228
f 3323 3322 1231
f 1232 3323 1231
f 3324 3323 1232
f 1233 3324 1232
f 3182 3324 1233
f 1143 3182 1233
f 1085 1238 1088
f 1239 1088 1238
f 1240 1088 1239
f 1236 1088 1240
f 1235 1088 1236
f 1241 1088 1235
f 1236 1234 1235
f 1237 1235 1234
f 3329 3328 3327
f 3330 3327 3328
f 3112 3115 3331
f 3332 3331 3115
f 3333 3332 3115
f 3329 3333 3115
f 3328 3329 3115
f 3334 3328 3115
f 3115 1241 3334
f 1088 3115 1241
f 3112 3115 1088
f 1085 3112 1088
f 3331 3112 1085
f 1238 3331 1085
f 3332 3331 1238
f 1239 3332 1238
f 3333 3332 1239
f 1240 3333 1239
f 3329 3333 1240
f 1236 3329 1240
f 3327 3329 1236
f 1234 3327 1236
f 3330 3327 1234
f 1237 3330 1234
f 3328 3330 1237
f 1235 3328 1237
f 3334 3328 1235
f 1241 3334 1235
f 1235 1237 1241
f 1245 1090 1238
f 1093 1238 1090
f 1246 1238 1093
f 1239 1238 1246
f 1240 1239 1246
f 1236 1240 1246
f 1234 1236 1246
f 1251 1234 1246
f 1250 1234 1251
f 1244 1234 1250
f 1237 1234 1244
f 1241 1237 1244
f 1247 1241 1244
f 1243 1247 1244
f 1094 1247 1243
f 1096 1247 1094
f 1242 1255 1244
f 1243 1244 1255
f 3337 3336 3335
f 3338 3335 3336
f 3341 3340 3339
f 3342 3339 3340
f 3343 3342 3340
f 3344 3343 3340
f 3345 3343 3344
f 3346 3343 3345
f 3347 3343 3346
f 3348 3343 3347
f 3349 3348 3347
f 3335 3349 3347
f 3350 3335 3347
f 3351 3335 3350
f 3352 3335 3351
f 3337 3335 3352
f 3353 3337 3352
f 3354 3353 3352
f 3350 3355 3351
f 3354 1094 3353
f 1096 3354 1094
f 3352 3354 1096
f 1247 3352 1096
f 3351 3352 1247
f 1241 3351 1247
f 3355 3351 1241
f 1235 3355 1241
f 3350 3355 1235
f 1237 3350 1235
f 3347 3350 1237
f 1234 3347 1237
f 3346 3347 1234
f 1236 3346 1234
f 3345 3346 1236
f 1240 3345 1236
f 3344 3345 1240
f 1239 3344 1240
f 3340 3344 1239
f 1238 3340 1239
f 3341 3340 1238
f 1245 3341 1238
f 3339 3341 1245
f 1090 3339 1245
f 3342 3339 1090
f 1093 3342 1090
f 3343 3342 1093
f 1246 3343 1093
f 3348 3343 1246
f 1251 3348 1246
f 3349 3348 1251
f 1250 3349 1251
f 3335 3349 1250
f 1244 3335 1250
f 3338 3335 1244
f 1242 3338 1244
f 3336 3338 1242
f 1255 3336 1242
f 3337 3336 1255
f 1243 3337 1255
f 3353 3337 1243
f 1094 3353 1243
f 1243 1255 1094
f 1242 1094 1255
f 1092 1082 1093
f 1084 1093 1082
f 1248 1093 1084
f 1244 1093 1248
f 1249 1244 1248
f 1250 1093 1244
f 1246 1093 1250
f 1251 1246 1250
f 1242 1244 1249
f 1094 1242 1249
f 1252 1094 1249
f 1097 1094 1252
f 1253 1097 1252
f 1254 1253 1252
f 3119 3120 3356
f 3357 3356 3120
f 3358 3357 3120
f 3359 3358 3120
f 3360 3358 3359
f 3361 3359 3120
f 3362 3361 3120
f 3363 3361 3362
f 3364 3360 3359
f 3121 3360 3364
f 3365 3360 3121
f 3124 3365 3121
f 3366 3365 3124
f 3367 3365 3366
f 3369 3121 3368
f 3364 3368 3121
f 3365 1249 3360
f 1252 3365 1249
f 3367 3365 1252
f 1254 3367 1252
f 3366 3367 1254
f 1253 3366 1254
f 3124 3366 1253
f 1097 3124 1253
f 3121 3124 1097
f 1094 3121 1097
f 3369 3121 1094
f 1243 3369 1094
f 3368 3369 1243
f 1255 3368 1243
f 3364 3368 1255
f 1242 3364 1255
f 3359 3364 1242
f 1244 3359 1242
f 3361 3359 1244
f 1250 3361 1244
f 3363 3361 1250
f 1251 3363 1250
f 3362 3363 1251
f 1246 3362 1251
f 3120 3362 1246
f 1093 3120 1246
f 3119 3120 1093
f 1092 3119 1093
f 3356 3119 1092
f 1082 3356 1092
f 3357 3356 1082
f 1084 3357 1082
f 3358 3357 1084
f 1248 3358 1084
f 3360 3358 1248
f 1249 3360 1248
f 1258 3370 1257
f 1260 1257 3370
f 1261 1257 1260
f 3373 3372 3371
f 3374 3371 3372
f 3375 3374 3372
f 3375 1260 3374
f 1261 3375 1260
f 3372 3375 1261
f 1257 3372 1261
f 3373 3372 1257
f 1258 3373 1257
f 3371 3373 1258
f 3370 3371 1258
f 3374 3371 3370
f 1260 3374 3370
f 1276 1275 1281
f 3376 1281 1275
f 1356 1281 3376
f 1360 1281 1356
f 1282 1360 1356
f 1268 1342 1350
f 1343 1350 1342
f 1266 1350 1343
f 1267 1350 1266
f 1269 1267 1266
f 1252 1269 1266
f 1249 1269 1252
f 1270 1269 1249
f 1271 1269 1270
f 1361 1269 1271
f 1362 1269 1361
f 1273 1269 1362
f 1272 1273 1362
f 1258 1273 1272
f 3370 1258 1272
f 1260 3370 1272
f 3377 1260 1272
f 1274 1260 3377
f 1108 1260 1274
f 1275 1260 1108
f 1107 1275 1108
f 1276 1260 1275
f 1351 1275 1107
f 1353 1351 1107
f 1354 1353 1107
f 1355 1354 1107
f 1277 1355 1107
f 1357 1277 1107
f 3378 1357 1107
f 1278 3378 1107
f 1279 1278 1107
f 1280 1279 1107
f 3379 1278 1279
f 1263 1095 1262
f 1097 1262 1095
f 1253 1262 1097
f 1344 1262 1253
f 1264 1344 1253
f 1345 1264 1253
f 1346 1345 1253
f 1265 1346 1253
f 1347 1265 1253
f 3380 1347 1253
f 1349 3380 1253
f 1254 1349 1253
f 1341 1349 1254
f 1266 1341 1254
f 1252 1266 1254
f 3383 3382 3381
f 3384 3381 3382
f 3385 3384 3382
f 3386 3385 3382
f 3387 3385 3386
f 3388 3385 3387
f 3389 3385 3388
f 3390 3385 3389
f 3391 3385 3390
f 3392 3385 3391
f 3393 3385 3392
f 3394 3385 3393
f 3395 3394 3393
f 3396 3394 3395
f 3397 3394 3396
f 3400 3399 3398
f 3401 3398 3399
f 3396 3401 3399
f 3402 3396 3399
f 3403 3396 3402
f 3397 3396 3403
f 3404 3397 3403
f 3405 3404 3403
f 3406 3405 3403
f 3407 3406 3403
f 3408 3407 3403
f 3409 3408 3403
f 3410 3408 3409
f 3411 3410 3409
f 3412 3410 3411
f 3413 3410 3412
f 3414 3410 3413
f 3415 3414 3413
f 3416 3415 3413
f 3417 3416 3413
f 3418 3416 3417
f 3419 3417 3413
f 3420 3418 3417
f 3421 3418 3420
f 3422 3418 3421
f 3423 3418 3422
f 3424 3418 3423
f 3425 3418 3424
f 3426 3418 3425
f 3427 3418 3426
f 3428 3418 3427
f 3429 3418 3428
f 3430 3428 3427
f 3419 3431 3417
f 3432 3417 3431
f 3433 3432 3431
f 3434 3433 3431
f 3435 3433 3434
f 3418 1108 3416
f 1107 3418 1108
f 3429 3418 1107
f 1280 3429 1107
f 3428 3429 1280
f 1279 3428 1280
f 3430 3428 1279
f 3379 3430 1279
f 3427 3430 3379
f 1278 3427 3379
f 3426 3427 1278
f 3378 3426 1278
f 3425 3426 3378
f 1357 3425 3378
f 3424 3425 1357
f 1277 3424 1357
f 3423 3424 1277
f 1355 3423 1277
f 3422 3423 1355
f 1354 3422 1355
f 3421 3422 1354
f 1353 3421 1354
f 3420 3421 1353
f 1351 3420 1353
f 3417 3420 1351
f 1275 3417 1351
f 3432 3417 1275
f 3376 3432 1275
f 3433 3432 3376
f 1356 3433 3376
f 3435 3433 1356
f 1282 3435 1356
f 3434 3435 1282
f 1360 3434 1282
f 3431 3434 1360
f 1281 3431 1360
f 3419 3431 1281
f 1276 3419 1281
f 3413 3419 1276
f 1260 3413 1276
f 3412 3413 1260
f 3370 3412 1260
f 3411 3412 3370
f 1258 3411 3370
f 3409 3411 1258
f 1273 3409 1258
f 3403 3409 1273
f 1269 3403 1273
f 3402 3403 1269
f 1267 3402 1269
f 3399 3402 1267
f 1350 3399 1267
f 3400 3399 1350
f 1268 3400 1350
f 3398 3400 1268
f 1342 3398 1268
f 3401 3398 1342
f 1343 3401 1342
f 3396 3401 1343
f 1266 3396 1343
f 3395 3396 1266
f 1341 3395 1266
f 3393 3395 1341
f 1349 3393 1341
f 3392 3393 1349
f 3380 3392 1349
f 3391 3392 3380
f 1347 3391 3380
f 3390 3391 1347
f 1265 3390 1347
f 3389 3390 1265
f 1346 3389 1265
f 3388 3389 1346
f 1345 3388 1346
f 3387 3388 1345
f 1264 3387 1345
f 3386 3387 1264
f 1344 3386 1264
f 3382 3386 1344
f 1262 3382 1344
f 3383 3382 1262
f 1263 3383 1262
f 3381 3383 1263
f 1095 3381 1263
f 3384 3381 1095
f 1097 3384 1095
f 3385 3384 1097
f 1253 3385 1097
f 3394 3385 1253
f 1254 3394 1253
f 3397 3394 1254
f 1252 3397 1254
f 3404 3397 1252
f 1249 3404 1252
f 3405 3404 1249
f 1270 3405 1249
f 3406 3405 1270
f 1271 3406 1270
f 3407 3406 1271
f 1361 3407 1271
f 3408 3407 1361
f 1362 3408 1361
f 3410 3408 1362
f 1272 3410 1362
f 3414 3410 1272
f 3377 3414 1272
f 3415 3414 3377
f 1274 3415 3377
f 3416 3415 1274
f 1108 3416 1274
f 1285 1283 1311
f 1286 1311 1283
f 1284 1311 1286
f 1153 1289 1157
f 1290 1157 1289
f 1291 1157 1290
f 1292 1291 1290
f 1293 1291 1292
f 1294 1291 1293
f 1310 1294 1293
f 1284 1294 1310
f 1286 1294 1284
f 1295 1294 1286
f 1296 1294 1295
f 1337 1296 1295
f 1338 1337 1295
f 1297 1338 1295
f 1339 1297 1295
f 1299 1339 1295
f 1340 1339 1299
f 1288 1340 1299
f 1298 1340 1288
f 1300 1298 1288
f 1230 1300 1288
f 1228 1230 1288
f 1231 1228 1288
f 1232 1231 1288
f 1233 1232 1288
f 1287 1233 1288
f 1373 1233 1287
f 1143 1233 1373
f 1374 1143 1373
f 1301 1143 1374
f 3184 1143 1301
f 1152 1143 3184
f 1141 1143 1152
f 1302 1141 1152
f 1288 1147 1287
f 1146 1287 1147
f 3438 3437 3436
f 3439 3436 3437
f 3440 3439 3437
f 3443 3442 3441
f 3444 3441 3442
f 3447 3446 3445
f 3448 3445 3446
f 3449 3448 3446
f 3450 3448 3449
f 3451 3450 3449
f 3452 3451 3449
f 3453 3451 3452
f 3440 3453 3452
f 3439 3440 3452
f 3454 3439 3452
f 3455 3454 3452
f 3456 3454 3455
f 3457 3454 3456
f 3458 3454 3457
f 3459 3454 3458
f 3460 3454 3459
f 3461 3460 3459
f 3443 3460 3461
f 3462 3443 3461
f 3463 3443 3462
f 3464 3443 3463
f 3465 3443 3464
f 3466 3443 3465
f 3467 3443 3466
f 3468 3443 3467
f 3442 3443 3468
f 3469 3442 3468
f 3470 3469 3468
f 3471 3469 3470
f 3472 3471 3470
f 3473 3472 3470
f 3474 3473 3470
f 3475 3474 3470
f 3476 3474 3475
f 3444 1147 3441
f 1146 3444 1147
f 3442 3444 1146
f 1287 3442 1146
f 3469 3442 1287
f 1373 3469 1287
f 3471 3469 1373
f 1374 3471 1373
f 3472 3471 1374
f 1301 3472 1374
f 3473 3472 1301
f 3184 3473 1301
f 3474 3473 3184
f 1152 3474 3184
f 3476 3474 1152
f 1302 3476 1152
f 3475 3476 1302
f 1141 3475 1302
f 3470 3475 1141
f 1143 3470 1141
f 3468 3470 1143
f 1233 3468 1143
f 3467 3468 1233
f 1232 3467 1233
f 3466 3467 1232
f 1231 3466 1232
f 3465 3466 1231
f 1228 3465 1231
f 3464 3465 1228
f 1230 3464 1228
f 3463 3464 1230
f 1300 3463 1230
f 3462 3463 1300
f 1298 3462 1300
f 3461 3462 1298
f 1340 3461 1298
f 3459 3461 1340
f 1339 3459 1340
f 3458 3459 1339
f 1297 3458 1339
f 3457 3458 1297
f 1338 3457 1297
f 3456 3457 1338
f 1337 3456 1338
f 3455 3456 1337
f 1296 3455 1337
f 3452 3455 1296
f 1294 3452 1296
f 3449 3452 1294
f 1291 3449 1294
f 3446 3449 1291
f 1157 3446 1291
f 3447 3446 1157
f 1153 3447 1157
f 3445 3447 1153
f 1289 3445 1153
f 3448 3445 1289
f 1290 3448 1289
f 3450 3448 1290
f 1292 3450 1290
f 3451 3450 1292
f 1293 3451 1292
f 3453 3451 1293
f 1310 3453 1293
f 3440 3453 1310
f 1284 3440 1310
f 3437 3440 1284
f 1311 3437 1284
f 3438 3437 1311
f 1285 3438 1311
f 3436 3438 1285
f 1283 3436 1285
f 3439 3436 1283
f 1286 3439 1283
f 3454 3439 1286
f 1295 3454 1286
f 3460 3454 1295
f 1299 3460 1295
f 3443 3460 1299
f 1288 3443 1299
f 3441 3443 1288
f 1147 3441 1288
f 1140 1138 1306
f 1135 1303 1304
f 1136 1304 1303
f 1125 1304 1136
f 1119 1304 1125
f 1120 1304 1119
f 1121 1304 1120
f 1305 1304 1121
f 1138 1305 1121
f 1306 1138 1121
f 1307 1306 1121
f 1136 1123 1125
f 3148 3477 3150
f 3480 3479 3478
f 3477 3478 3479
f 3150 3477 3479
f 3144 3150 3479
f 3145 3144 3479
f 3146 3145 3479
f 3481 3146 3479
f 3482 3146 3481
f 3483 3146 3482
f 3484 3146 3483
f 3482 3485 3483
f 3484 1121 3146
f 1307 3484 1121
f 3483 3484 1307
f 1306 3483 1307
f 3485 3483 1306
f 1140 3485 1306
f 3482 3485 1140
f 1138 3482 1140
f 3481 3482 1138
f 1305 3481 1138
f 3479 3481 1305
f 1304 3479 1305
f 3480 3479 1304
f 1135 3480 1304
f 3478 3480 1135
f 1303 3478 1135
f 3477 3478 1303
f 1136 3477 1303
f 3148 3477 1136
f 1123 3148 1136
f 3150 3148 1123
f 1125 3150 1123
f 3144 3150 1125
f 1119 3144 1125
f 3145 3144 1119
f 1120 3145 1119
f 3146 3145 1120
f 1121 3146 1120
f 1293 1285 1310
f 1311 1310 1285
f 1284 1310 1311
f 1309 1308 1290
f 1292 1290 1308
f 1293 1292 1308
f 1285 1293 1308
f 1283 1285 1308
f 3488 3487 3486
f 3489 3486 3487
f 3490 3486 3489
f 3491 3486 3490
f 3492 3486 3491
f 3490 3493 3491
f 3494 3491 3493
f 3495 3494 3493
f 3491 1283 3492
f 1285 3491 1283
f 3494 3491 1285
f 1311 3494 1285
f 3495 3494 1311
f 1284 3495 1311
f 3493 3495 1284
f 1310 3493 1284
f 3490 3493 1310
f 1293 3490 1310
f 3489 3490 1293
f 1292 3489 1293
f 3487 3489 1292
f 1290 3487 1292
f 3488 3487 1290
f 1309 3488 1290
f 3486 3488 1309
f 1308 3486 1309
f 3492 3486 1308
f 1283 3492 1308
f 1154 3191 1158
f 1312 1158 3191
f 1313 1312 3191
f 1157 1313 3191
f 1291 1313 1157
f 1314 1313 1291
f 1294 1314 1291
f 1315 1313 1314
f 1316 1315 1314
f 3193 3496 3195
f 3497 3195 3496
f 3498 3195 3497
f 3196 3195 3498
f 3499 3196 3498
f 3500 3499 3498
f 3501 3499 3500
f 3502 3500 3498
f 3503 3500 3502
f 3500 1294 3501
f 1314 3500 1294
f 3503 3500 1314
f 1316 3503 1314
f 3502 3503 1316
f 1315 3502 1316
f 3498 3502 1315
f 1313 3498 1315
f 3497 3498 1313
f 1312 3497 1313
f 3496 3497 1312
f 1158 3496 1312
f 3193 3496 1158
f 1154 3193 1158
f 3195 3193 1154
f 3191 3195 1154
f 3196 3195 3191
f 1157 3196 3191
f 3499 3196 1157
f 1291 3499 1157
f 3501 3499 1291
f 1294 3501 1291
f 1317 1214 1198
f 1199 1198 1214
f 1318 1199 1214
f 1200 1318 1214
f 1319 1200 1214
f 1320 1319 1214
f 1202 1320 1214
f 1074 1202 1214
f 1073 1202 1074
f 1071 1073 1074
f 3506 3505 3504
f 3507 3504 3505
f 3508 3504 3507
f 3509 3504 3508
f 3510 3504 3509
f 3511 3504 3510
f 3512 3504 3511
f 3513 3504 3512
f 3514 3513 3512
f 3515 3513 3514
f 3515 1074 3513
f 1071 3515 1074
f 3514 3515 1071
f 1073 3514 1071
f 3512 3514 1073
f 1202 3512 1073
f 3511 3512 1202
f 1320 3511 1202
f 3510 3511 1320
f 1319 3510 1320
f 3509 3510 1319
f 1200 3509 1319
f 3508 3509 1200
f 1318 3508 1200
f 3507 3508 1318
f 1199 3507 1318
f 3505 3507 1199
f 1198 3505 1199
f 3506 3505 1198
f 1317 3506 1198
f 3504 3506 1317
f 1214 3504 1317
f 3513 3504 1214
f 1074 3513 1214
f 1322 1323 1321
f 1167 1326 1173
f 3215 1173 1326
f 1182 3215 1326
f 1328 1182 1326
f 1183 1328 1326
f 1329 1183 1326
f 1330 1329 1326
f 1184 1330 1326
f 1331 1184 1326
f 1322 1184 1331
f 1332 1184 1322
f 1333 1332 1322
f 1187 1333 1322
f 1058 1187 1322
f 1056 1058 1322
f 1201 1056 1322
f 1321 1201 1322
f 1195 1201 1321
f 1324 1201 1195
f 1194 1325 1324
f 1201 1324 1325
f 1195 1321 1193
f 3518 3517 3516
f 3516 3520 3519
f 3523 3522 3521
f 3524 3521 3522
f 3208 3214 3525
f 3526 3525 3214
f 3527 3525 3526
f 3528 3525 3527
f 3529 3525 3528
f 3530 3525 3529
f 3531 3525 3530
f 3532 3525 3531
f 3533 3525 3532
f 3517 3533 3532
f 3534 3517 3532
f 3535 3517 3534
f 3536 3517 3535
f 3085 3517 3536
f 3083 3517 3085
f 3523 3517 3083
f 3516 3517 3523
f 3520 3516 3523
f 3521 3520 3523
f 3520 1193 3519
f 1195 3520 1193
f 3521 3520 1195
f 1324 3521 1195
f 3524 3521 1324
f 1194 3524 1324
f 3522 3524 1194
f 1325 3522 1194
f 3523 3522 1325
f 1201 3523 1325
f 3083 3523 1201
f 1056 3083 1201
f 3085 3083 1056
f 1058 3085 1056
f 3536 3085 1058
f 1187 3536 1058
f 3535 3536 1187
f 1333 3535 1187
f 3534 3535 1333
f 1332 3534 1333
f 3532 3534 1332
f 1184 3532 1332
f 3531 3532 1184
f 1330 3531 1184
f 3530 3531 1330
f 1329 3530 1330
f 3529 3530 1329
f 1183 3529 1329
f 3528 3529 1183
f 1328 3528 1183
f 3527 3528 1328
f 1182 3527 1328
f 3526 3527 1182
f 3215 3526 1182
f 3214 3526 3215
f 1173 3214 3215
f 3208 3214 1173
f 1167 3208 1173
f 3525 3208 1167
f 1326 3525 1167
f 3533 3525 1326
f 1331 3533 1326
f 3517 3533 1331
f 1322 3517 1331
f 3518 3517 1322
f 1323 3518 1322
f 3516 3518 1323
f 1321 3516 1323
f 3519 3516 1321
f 1193 3519 1321
f 1204 1334 1064
f 3252 1064 1334
f 1336 1064 3252
f 1205 1064 1336
f 1067 1064 1205
f 1068 1067 1205
f 3539 3538 3537
f 3540 3537 3538
f 3541 3540 3538
f 3542 3541 3538
f 3543 3542 3538
f 3544 3542 3543
f 3543 1068 3544
f 1067 3543 1068
f 3538 3543 1067
f 1064 3538 1067
f 3539 3538 1064
f 1204 3539 1064
f 3537 3539 1204
f 1334 3537 1204
f 3540 3537 1334
f 3252 3540 1334
f 3541 3540 3252
f 1336 3541 3252
f 3542 3541 1336
f 1205 3542 1336
f 3544 3542 1205
f 1068 3544 1205
f 1313 1315 1161
f 1225 1161 1315
f 1316 1225 1315
f 1314 1225 1316
f 1294 1225 1314
f 1296 1225 1294
f 1337 1225 1296
f 1338 1225 1337
f 1297 1225 1338
f 1339 1225 1297
f 1227 1225 1339
f 1340 1227 1339
f 1298 1227 1340
f 1300 1227 1298
f 3498 3545 3502
f 3546 3502 3545
f 3503 3502 3546
f 3500 3503 3546
f 3501 3500 3546
f 3547 3501 3546
f 3548 3547 3546
f 3549 3548 3546
f 3550 3549 3546
f 3551 3550 3546
f 3552 3551 3546
f 3553 3551 3552
f 3554 3553 3552
f 3555 3554 3552
f 3552 1300 3555
f 1227 3552 1300
f 3546 3552 1227
f 1225 3546 1227
f 3545 3546 1225
f 1161 3545 1225
f 3498 3545 1161
f 1313 3498 1161
f 3502 3498 1313
f 1315 3502 1313
f 3503 3502 1315
f 1316 3503 1315
f 3500 3503 1316
f 1314 3500 1316
f 3501 3500 1314
f 1294 3501 1314
f 3547 3501 1294
f 1296 3547 1294
f 3548 3547 1296
f 1337 3548 1296
f 3549 3548 1337
f 1338 3549 1337
f 3550 3549 1338
f 1297 3550 1338
f 3551 3550 1297
f 1339 3551 1297
f 3553 3551 1339
f 1340 3553 1339
f 3554 3553 1340
f 1298 3554 1340
f 3555 3554 1298
f 1300 3555 1298
f 1098 1262 1101
f 1344 1101 1262
f 1264 1101 1344
f 1345 1101 1264
f 1346 1101 1345
f 1265 1101 1346
f 1347 1101 1265
f 3380 1101 1347
f 1268 1101 3380
f 1349 1268 3380
f 1341 1268 1349
f 1350 1101 1268
f 1267 1101 1350
f 1266 1342 1341
f 1268 1341 1342
f 1343 1342 1266
f 3558 3557 3556
f 3559 3556 3557
f 3560 3559 3557
f 3563 3562 3561
f 3564 3561 3562
f 3565 3564 3562
f 3566 3565 3562
f 3567 3566 3562
f 3568 3567 3562
f 3569 3568 3562
f 3570 3569 3562
f 3558 3570 3562
f 3571 3570 3558
f 3556 3571 3558
f 3572 3558 3562
f 3573 3572 3562
f 3562 1267 3573
f 1101 3562 1267
f 3563 3562 1101
f 1098 3563 1101
f 3561 3563 1098
f 1262 3561 1098
f 3564 3561 1262
f 1344 3564 1262
f 3565 3564 1344
f 1264 3565 1344
f 3566 3565 1264
f 1345 3566 1264
f 3567 3566 1345
f 1346 3567 1345
f 3568 3567 1346
f 1265 3568 1346
f 3569 3568 1265
f 1347 3569 1265
f 3570 3569 1347
f 3380 3570 1347
f 3571 3570 3380
f 1349 3571 3380
f 3556 3571 1349
f 1341 3556 1349
f 3559 3556 1341
f 1266 3559 1341
f 3560 3559 1266
f 1343 3560 1266
f 3557 3560 1343
f 1342 3557 1343
f 3558 3557 1342
f 1268 3558 1342
f 3572 3558 1268
f 1350 3572 1268
f 3573 3572 1350
f 1267 3573 1350
f 1281 1360 1104
f 1282 1104 1360
f 1275 1351 3376
f 1353 3376 1351
f 1354 3376 1353
f 1355 3376 1354
f 1277 3376 1355
f 1356 3376 1277
f 1357 1356 1277
f 1282 1356 1357
f 1104 1282 1357
f 1278 1104 1357
f 1102 1104 1278
f 3378 1278 1357
f 3379 1102 1278
f 1279 1102 3379
f 3417 3432 3420
f 3421 3420 3432
f 3422 3421 3432
f 3423 3422 3432
f 3424 3423 3432
f 3433 3424 3432
f 3425 3424 3433
f 3435 3425 3433
f 3131 3425 3435
f 3427 3425 3131
f 3129 3427 3131
f 3426 3425 3427
f 3430 3427 3129
f 3428 3430 3129
f 3431 3131 3434
f 3435 3434 3131
f 3129 1279 3428
f 1102 3129 1279
f 3131 3129 1102
f 1104 3131 1102
f 3431 3131 1104
f 1281 3431 1104
f 3434 3431 1281
f 1360 3434 1281
f 3435 3434 1360
f 1282 3435 1360
f 3433 3435 1282
f 1356 3433 1282
f 3432 3433 1356
f 3376 3432 1356
f 3417 3432 3376
f 1275 3417 3376
f 3420 3417 1275
f 1351 3420 1275
f 3421 3420 1351
f 1353 3421 1351
f 3422 3421 1353
f 1354 3422 1353
f 3423 3422 1354
f 1355 3423 1354
f 3424 3423 1355
f 1277 3424 1355
f 3425 3424 1277
f 1357 3425 1277
f 3426 3425 1357
f 3378 3426 1357
f 3427 3426 3378
f 1278 3427 3378
f 3430 3427 1278
f 3379 3430 1278
f 3428 3430 3379
f 1279 3428 3379
f 1270 1131 1271
f 1361 1271 1131
f 1362 1361 1131
f 1272 1362 1131
f 3377 1272 1131
f 3133 3377 1131
f 1274 3377 3133
f 1108 1274 3133
f 3576 3575 3574
f 3577 3574 3575
f 3578 3574 3577
f 3579 3574 3578
f 3580 3574 3579
f 3134 3574 3580
f 3581 3134 3580
f 3136 3134 3581
f 3136 3133 3134
f 1108 3136 3133
f 3581 3136 1108
f 1274 3581 1108
f 3580 3581 1274
f 3377 3580 1274
f 3579 3580 3377
f 1272 3579 3377
f 3578 3579 1272
f 1362 3578 1272
f 3577 3578 1362
f 1361 3577 1362
f 3575 3577 1361
f 1271 3575 1361
f 3576 3575 1271
f 1270 3576 1271
f 3574 3576 1270
f 1131 3574 1270
f 3134 3574 1131
f 3133 3134 1131
f 1365 1128 1134
f 1366 1134 1128
f 1367 1134 1366
f 1368 1367 1366
f 1369 1368 1366
f 1127 1369 1366
f 1371 1370 1130
f 1133 1130 1370
f 1128 1133 1370
f 1126 1128 1370
f 1372 1133 1128
f 1365 1372 1128
f 3584 3583 3582
f 3585 3582 3583
f 3586 3582 3585
f 3587 3582 3586
f 3588 3586 3585
f 3589 3586 3588
f 3589 3590 3586
f 3591 3586 3590
f 3592 3591 3590
f 3593 3591 3592
f 3594 3591 3593
f 3595 3591 3594
f 3586 1126 3587
f 1128 3586 1126
f 3591 3586 1128
f 1366 3591 1128
f 3595 3591 1366
f 1127 3595 1366
f 3594 3595 1127
f 1369 3594 1127
f 3593 3594 1369
f 1368 3593 1369
f 3592 3593 1368
f 1367 3592 1368
f 3590 3592 1367
f 1134 3590 1367
f 3589 3590 1134
f 1365 3589 1134
f 3588 3589 1365
f 1372 3588 1365
f 3585 3588 1372
f 1133 3585 1372
f 3583 3585 1133
f 1130 3583 1133
f 3584 3583 1130
f 1371 3584 1130
f 3582 3584 1371
f 1370 3582 1371
f 3587 3582 1370
f 1126 3587 1370
f 1287 1146 1373
f 3184 1373 1146
f 1374 1373 3184
f 1301 1374 3184
f 3597 3596 3186
f 3188 3186 3596
f 3598 3188 3596
f 3599 3188 3598
f 3599 3184 3188
f 1301 3599 3184
f 3598 3599 1301
f 1374 3598 1301
f 3596 3598 1374
f 1373 3596 1374
f 3597 3596 1373
f 1287 3597 1373
f 3186 3597 1287
f 1146 3186 1287
f 3188 3186 1146
f 3184 3188 1146
f 1217 1211 1375
f 1376 1375 1211
f 1377 1375 1376
f 1378 1377 1376
f 1379 1377 1378
f 1210 1379 1378
f 1381 1380 1213
f 1216 1213 1380
f 3281 1216 1380
f 1211 3281 1380
f 1209 1211 1380
f 1217 3281 1211
f 3602 3601 3600
f 3603 3600 3601
f 3604 3600 3603
f 3605 3600 3604
f 3606 3600 3605
f 3607 3605 3604
f 3607 3608 3605
f 3609 3605 3608
f 3610 3609 3608
f 3611 3609 3610
f 3612 3611 3610
f 3613 3611 3612
f 3605 1209 3606
f 1211 3605 1209
f 3609 3605 1211
f 1376 3609 1211
f 3611 3609 1376
f 1378 3611 1376
f 3613 3611 1378
f 1210 3613 1378
f 3612 3613 1210
f 1379 3612 1210
f 3610 3612 1379
f 1377 3610 1379
f 3608 3610 1377
f 1375 3608 1377
f 3607 3608 1375
f 1217 3607 1375
f 3604 3607 1217
f 3281 3604 1217
f 3603 3604 3281
f 1216 3603 3281
f 3601 3603 1216
f 1213 3601 1216
f 3602 3601 1213
f 1381 3602 1213
f 3600 3602 1381
f 1380 3600 1381
f 3606 3600 1380
f 1209 3606 1380
f 1385 1383 1384
f 1386 1384 1383
f 3616 3615 3614
f 3617 3614 3615
f 3615 1386 3617
f 1384 3615 1386
f 3616 3615 1384
f 1385 3616 1384
f 3614 3616 1385
f 1383 3614 1385
f 3617 3614 1383
f 1386 3617 1383
f 1383 1387 1386
f 1388 1386 1387
f 1389 1386 1388
f 1390 1386 1389
f 1391 1386 1390
f 3620 3619 3618
f 3621 3618 3619
f 3622 3621 3619
f 3623 3622 3619
f 3624 3623 3619
f 3624 1390 3623
f 1391 3624 1390
f 3619 3624 1391
f 1386 3619 1391
f 3620 3619 1386
f 1383 3620 1386
f 3618 3620 1383
f 1387 3618 1383
f 3621 3618 1387
f 1388 3621 1387
f 3622 3621 1388
f 1389 3622 1388
f 3623 3622 1389
f 1390 3623 1389
f 1388 1392 1389
f 1393 1389 1392
f 1390 1389 1393
f 3621 3622 3625
f 3626 3625 3622
f 3623 3626 3622
f 3622 1390 3623
f 1389 3622 1390
f 3621 3622 1389
f 1388 3621 1389
f 3625 3621 1388
f 1392 3625 1388
f 3626 3625 1392
f 1393 3626 1392
f 3623 3626 1393
f 1390 3623 1393
f 1396 1394 1395
f 1397 1395 1394
f 1398 1395 1397
f 1399 1398 1397
f 3629 3628 3627
f 3630 3627 3628
f 3631 3630 3628
f 3632 3630 3631
f 3631 1399 3632
f 1398 3631 1399
f 3628 3631 1398
f 1395 3628 1398
f 3629 3628 1395
f 1396 3629 1395
f 3627 3629 1396
f 1394 3627 1396
f 3630 3627 1394
f 1397 3630 1394
f 3632 3630 1397
f 1399 3632 1397
f 1402 1400 1401
f 1403 1401 1400
f 3635 3634 3633
f 3636 3633 3634
f 3634 1403 3636
f 1401 3634 1403
f 3635 3634 1401
f 1402 3635 1401
f 3633 3635 1402
f 1400 3633 1402
f 3636 3633 1400
f 1403 3636 1400
f 1405 1401 1404
f 1403 1404 1401
f 1406 1404 1403
f 1407 1404 1406
f 3639 3638 3637
f 3640 3637 3638
f 3641 3640 3638
f 3642 3641 3638
f 3642 1406 3641
f 1407 3642 1406
f 3638 3642 1407
f 1404 3638 1407
f 3639 3638 1404
f 1405 3639 1404
f 3637 3639 1405
f 1401 3637 1405
f 3640 3637 1401
f 1403 3640 1401
f 3641 3640 1403
f 1406 3641 1403
f 1403 1409 1406
f 1410 1406 1409
f 1411 1406 1410
f 1398 1399 1400
f 1408 1400 1399
f 1403 1400 1408
f 1409 1403 1408
f 3631 3643 3632
f 3644 3632 3643
f 3645 3644 3643
f 3646 3644 3645
f 3645 3647 3646
f 3648 3646 3647
f 3649 3648 3647
f 3646 1408 3644
f 1409 3646 1408
f 3648 3646 1409
f 1410 3648 1409
f 3649 3648 1410
f 1411 3649 1410
f 3647 3649 1411
f 1406 3647 1411
f 3645 3647 1406
f 1403 3645 1406
f 3643 3645 1403
f 1400 3643 1403
f 3631 3643 1400
f 1398 3631 1400
f 3632 3631 1398
f 1399 3632 1398
f 3644 3632 1399
f 1408 3644 1399
f 1409 1408 1410
f 1412 1410 1408
f 1411 1410 1412
f 1413 1411 1412
f 1414 1413 1412
f 3646 3648 3644
f 3650 3644 3648
f 3649 3650 3648
f 3651 3650 3649
f 3652 3650 3651
f 3648 1411 3649
f 1410 3648 1411
f 3646 3648 1410
f 1409 3646 1410
f 3644 3646 1409
f 1408 3644 1409
f 3650 3644 1408
f 1412 3650 1408
f 3652 3650 1412
f 1414 3652 1412
f 3651 3652 1414
f 1413 3651 1414
f 3649 3651 1413
f 1411 3649 1413
f 1417 1415 1416
f 1418 1416 1415
f 1419 1418 1415
f 3655 3654 3653
f 3656 3653 3654
f 3657 3653 3656
f 3654 1418 3656
f 1416 3654 1418
f 3655 3654 1416
f 1417 3655 1416
f 3653 3655 1417
f 1415 3653 1417
f 3657 3653 1415
f 1419 3657 1415
f 3656 3657 1419
f 1418 3656 1419
f 1422 1420 1421
f 1423 1421 1420
f 1424 1421 1423
f 3660 3659 3658
f 3661 3658 3659
f 3662 3661 3659
f 3659 1424 3662
f 1421 3659 1424
f 3660 3659 1421
f 1422 3660 1421
f 3658 3660 1422
f 1420 3658 1422
f 3661 3658 1420
f 1423 3661 1420
f 3662 3661 1423
f 1424 3662 1423
f 1427 1425 1426
f 1428 1426 1425
f 3665 3664 3663
f 3666 3663 3664
f 3664 1428 3666
f 1426 3664 1428
f 3665 3664 1426
f 1427 3665 1426
f 3663 3665 1427
f 1425 3663 1427
f 3666 3663 1425
f 1428 3666 1425
f 1430 1426 1429
f 1428 1429 1426
f 1431 1429 1428
f 3669 3668 3667
f 3670 3667 3668
f 3671 3670 3668
f 3668 1431 3671
f 1429 3668 1431
f 3669 3668 1429
f 1430 3669 1429
f 3667 3669 1430
f 1426 3667 1430
f 3670 3667 1426
f 1428 3670 1426
f 3671 3670 1428
f 1431 3671 1428
f 1434 1673 1433
f 1435 1433 1673
f 1431 1435 1673
f 1436 1431 1673
f 1437 1436 1673
f 1432 1437 1673
f 1438 1437 1432
f 1439 1437 1438
f 1440 1437 1439
f 3674 3673 3672
f 3675 3672 3673
f 3676 3672 3675
f 3677 3672 3676
f 3678 3672 3677
f 3679 3672 3678
f 3680 3679 3678
f 3681 3680 3678
f 3682 3681 3678
f 3675 1431 3676
f 1435 3675 1431
f 3673 3675 1435
f 1433 3673 1435
f 3674 3673 1433
f 1434 3674 1433
f 3672 3674 1434
f 1673 3672 1434
f 3679 3672 1673
f 1432 3679 1673
f 3680 3679 1432
f 1438 3680 1432
f 3681 3680 1438
f 1439 3681 1438
f 3682 3681 1439
f 1440 3682 1439
f 3678 3682 1440
f 1437 3678 1440
f 3677 3678 1437
f 1436 3677 1437
f 3676 3677 1436
f 1431 3676 1436
f 1442 1445 1446
f 1447 1446 1445
f 3683 1446 1447
f 1440 3683 1447
f 1449 1440 1447
f 1450 1440 1449
f 1443 1441 1442
f 1444 1442 1441
f 1445 1442 1444
f 3686 3685 3684
f 3687 3684 3685
f 3688 3687 3685
f 3685 3689 3688
f 3690 3688 3689
f 3691 3690 3689
f 3692 3690 3691
f 3693 3690 3692
f 3694 3693 3692
f 3691 1440 3692
f 3683 3691 1440
f 3689 3691 3683
f 1446 3689 3683
f 3685 3689 1446
f 1442 3685 1446
f 3686 3685 1442
f 1443 3686 1442
f 3684 3686 1443
f 1441 3684 1443
f 3687 3684 1441
f 1444 3687 1441
f 3688 3687 1444
f 1445 3688 1444
f 3690 3688 1445
f 1447 3690 1445
f 3693 3690 1447
f 1449 3693 1447
f 3694 3693 1449
f 1450 3694 1449
f 3692 3694 1450
f 1440 3692 1450
f 1453 1451 1452
f 1454 1452 1451
f 1455 1452 1454
f 1456 1455 1454
f 1457 1456 1454
f 1458 1457 1454
f 1443 1458 1454
f 3697 3696 3695
f 3698 3695 3696
f 3699 3698 3696
f 3700 3698 3699
f 3701 3698 3700
f 3702 3698 3701
f 3703 3698 3702
f 3699 1456 3700
f 1455 3699 1456
f 3696 3699 1455
f 1452 3696 1455
f 3697 3696 1452
f 1453 3697 1452
f 3695 3697 1453
f 1451 3695 1453
f 3698 3695 1451
f 1454 3698 1451
f 3703 3698 1454
f 1443 3703 1454
f 3702 3703 1443
f 1458 3702 1443
f 3701 3702 1458
f 1457 3701 1458
f 3700 3701 1457
f 1456 3700 1457
f 1453 1452 1425
f 1455 1425 1452
f 1428 1425 1455
f 1671 1428 1455
f 1434 1428 1671
f 1431 1428 1434
f 1435 1431 1434
f 1433 1435 1434
f 3697 3704 3696
f 3699 3696 3704
f 3705 3699 3704
f 3706 3699 3705
f 3674 3706 3705
f 3676 3674 3705
f 3675 3674 3676
f 3673 3674 3675
f 3673 1434 3674
f 1433 3673 1434
f 3675 3673 1433
f 1435 3675 1433
f 3676 3675 1435
f 1431 3676 1435
f 3705 3676 1431
f 1428 3705 1431
f 3704 3705 1428
f 1425 3704 1428
f 3697 3704 1425
f 1453 3697 1425
f 3696 3697 1453
f 1452 3696 1453
f 3699 3696 1452
f 1455 3699 1452
f 3706 3699 1455
f 1671 3706 1455
f 3674 3706 1671
f 1434 3674 1671
f 1443 1442 1458
f 1457 1458 1442
f 1456 1457 1442
f 1670 1456 1442
f 1446 1670 1442
f 3683 1670 1446
f 1432 1670 3683
f 1438 1432 3683
f 1439 1438 3683
f 1440 1439 3683
f 3703 3702 3707
f 3701 3707 3702
f 3700 3707 3701
f 3708 3707 3700
f 3709 3707 3708
f 3710 3709 3708
f 3679 3710 3708
f 3680 3710 3679
f 3681 3710 3680
f 3682 3710 3681
f 3681 1440 3682
f 1439 3681 1440
f 3680 3681 1439
f 1438 3680 1439
f 3679 3680 1438
f 1432 3679 1438
f 3708 3679 1432
f 1670 3708 1432
f 3700 3708 1670
f 1456 3700 1670
f 3701 3700 1456
f 1457 3701 1456
f 3702 3701 1457
f 1458 3702 1457
f 3703 3702 1458
f 1443 3703 1458
f 3707 3703 1443
f 1442 3707 1443
f 3709 3707 1442
f 1446 3709 1442
f 3710 3709 1446
f 3683 3710 1446
f 3682 3710 3683
f 1440 3682 3683
f 3713 3712 3711
f 3714 3711 3712
f 3717 3716 3715
f 3718 3715 3716
f 3716 3714 3718
f 3711 3716 3714
f 3717 3716 3711
f 3713 3717 3711
f 3715 3717 3713
f 3712 3715 3713
f 3718 3715 3712
f 3714 3718 3712
f 1461 1459 1460
f 1462 1460 1459
f 1463 1460 1462
f 1464 1463 1462
f 1465 1464 1462
f 3721 3720 3719
f 3722 3719 3720
f 3723 3722 3720
f 3724 3722 3723
f 3725 3722 3724
f 3720 1463 3723
f 1460 3720 1463
f 3721 3720 1460
f 1461 3721 1460
f 3719 3721 1461
f 1459 3719 1461
f 3722 3719 1459
f 1462 3722 1459
f 3725 3722 1462
f 1465 3725 1462
f 3724 3725 1465
f 1464 3724 1465
f 3723 3724 1464
f 1463 3723 1464
f 1468 1466 1467
f 1469 1467 1466
f 1470 1467 1469
f 3728 3727 3726
f 3729 3726 3727
f 3730 3729 3727
f 3727 1470 3730
f 1467 3727 1470
f 3728 3727 1467
f 1468 3728 1467
f 3726 3728 1468
f 1466 3726 1468
f 3729 3726 1466
f 1469 3729 1466
f 3730 3729 1469
f 1470 3730 1469
f 1476 3731 1475
f 3732 1475 3731
f 1471 1475 3732
f 1478 1475 1471
f 1469 1475 1478
f 1470 1469 1478
f 3735 3734 3733
f 3736 3733 3734
f 3737 3736 3734
f 3738 3737 3734
f 3729 3738 3734
f 3730 3738 3729
f 3729 1470 3730
f 1469 3729 1470
f 3734 3729 1469
f 1475 3734 1469
f 3735 3734 1475
f 1476 3735 1475
f 3733 3735 1476
f 3731 3733 1476
f 3736 3733 3731
f 3732 3736 3731
f 3737 3736 3732
f 1471 3737 3732
f 3738 3737 1471
f 1478 3738 1471
f 3730 3738 1478
f 1470 3730 1478
f 1463 1464 1487
f 1465 1487 1464
f 1476 1487 1465
f 1475 1487 1476
f 1488 1487 1475
f 1468 1488 1475
f 1466 1468 1475
f 1469 1466 1475
f 1480 1479 1459
f 1462 1459 1479
f 1481 1462 1479
f 1482 1462 1481
f 1483 1462 1482
f 1491 1462 1483
f 1484 1462 1491
f 1465 1462 1484
f 1485 1465 1484
f 1486 1465 1485
f 1471 1465 1486
f 1476 1465 1471
f 3731 1476 1471
f 3732 3731 1471
f 3741 3740 3739
f 3742 3739 3740
f 3743 3739 3742
f 3744 3743 3742
f 3745 3744 3742
f 3746 3745 3742
f 3747 3746 3742
f 3748 3747 3742
f 3749 3747 3748
f 3750 3749 3748
f 3751 3750 3748
f 3752 3751 3748
f 3753 3751 3752
f 3754 3751 3753
f 3757 3756 3755
f 3748 3755 3756
f 3752 3748 3756
f 3758 3752 3756
f 3759 3758 3756
f 3760 3758 3759
f 3761 3758 3760
f 3762 3758 3761
f 3754 1471 3751
f 3732 3754 1471
f 3753 3754 3732
f 3731 3753 3732
f 3752 3753 3731
f 1476 3752 3731
f 3758 3752 1476
f 1475 3758 1476
f 3762 3758 1475
f 1469 3762 1475
f 3761 3762 1469
f 1466 3761 1469
f 3760 3761 1466
f 1468 3760 1466
f 3759 3760 1468
f 1488 3759 1468
f 3756 3759 1488
f 1487 3756 1488
f 3757 3756 1487
f 1463 3757 1487
f 3755 3757 1463
f 1464 3755 1463
f 3748 3755 1464
f 1465 3748 1464
f 3742 3748 1465
f 1462 3742 1465
f 3740 3742 1462
f 1459 3740 1462
f 3741 3740 1459
f 1480 3741 1459
f 3739 3741 1480
f 1479 3739 1480
f 3743 3739 1479
f 1481 3743 1479
f 3744 3743 1481
f 1482 3744 1481
f 3745 3744 1482
f 1483 3745 1482
f 3746 3745 1483
f 1491 3746 1483
f 3747 3746 1491
f 1484 3747 1491
f 3749 3747 1484
f 1485 3749 1484
f 3750 3749 1485
f 1486 3750 1485
f 3751 3750 1486
f 1471 3751 1486
f 1460 1463 1489
f 1487 1489 1463
f 1488 1489 1487
f 3720 3763 3723
f 3764 3723 3763
f 3765 3764 3763
f 3763 1488 3765
f 1489 3763 1488
f 3720 3763 1489
f 1460 3720 1489
f 3723 3720 1460
f 1463 3723 1460
f 3764 3723 1463
f 1487 3764 1463
f 3765 3764 1487
f 1488 3765 1487
f 1490 1484 1482
f 1483 1482 1484
f 1491 1483 1484
f 3768 3767 3766
f 3769 3766 3767
f 3770 3766 3769
f 3770 1484 3766
f 1491 3770 1484
f 3769 3770 1491
f 1483 3769 1491
f 3767 3769 1483
f 1482 3767 1483
f 3768 3767 1482
f 1490 3768 1482
f 3766 3768 1490
f 1484 3766 1490
f 1494 1492 1493
f 1495 1493 1492
f 1496 1493 1495
f 3773 3772 3771
f 3774 3771 3772
f 3775 3774 3772
f 3773 1493 3772
f 1494 3773 1493
f 3771 3773 1494
f 1492 3771 1494
f 3774 3771 1492
f 1495 3774 1492
f 3775 3774 1495
f 1496 3775 1495
f 3772 3775 1496
f 1493 3772 1496
f 1498 1497 1494
f 1492 1494 1497
f 3778 3777 3776
f 3779 3776 3777
f 3777 1492 3779
f 1494 3777 1492
f 3778 3777 1494
f 1498 3778 1494
f 3776 3778 1498
f 1497 3776 1498
f 3779 3776 1497
f 1492 3779 1497
f 1501 1499 1500
f 1502 1500 1499
f 1503 1500 1502
f 1504 1500 1503
f 1505 1500 1504
f 1506 1500 1505
f 1507 1500 1506
f 1498 1500 1507
f 1494 1500 1498
f 1493 1500 1494
f 1508 1500 1493
f 3782 3781 3780
f 3783 3780 3781
f 3784 3783 3781
f 3785 3784 3781
f 3786 3785 3781
f 3787 3786 3781
f 3788 3787 3781
f 3789 3788 3781
f 3773 3789 3781
f 3772 3773 3781
f 3790 3772 3781
f 3773 1498 3789
f 1494 3773 1498
f 3772 3773 1494
f 1493 3772 1494
f 3790 3772 1493
f 1508 3790 1493
f 3781 3790 1508
f 1500 3781 1508
f 3782 3781 1500
f 1501 3782 1500
f 3780 3782 1501
f 1499 3780 1501
f 3783 3780 1499
f 1502 3783 1499
f 3784 3783 1502
f 1503 3784 1502
f 3785 3784 1503
f 1504 3785 1503
f 3786 3785 1504
f 1505 3786 1504
f 3787 3786 1505
f 1506 3787 1505
f 3788 3787 1506
f 1507 3788 1506
f 3789 3788 1507
f 1498 3789 1507
f 1501 1512 1499
f 1516 1499 1512
f 1502 1499 1516
f 1511 1509 1510
f 1501 1510 1509
f 1512 1501 1509
f 1517 1512 1509
f 1513 1517 1509
f 1514 1513 1509
f 1515 1513 1514
f 1518 1515 1514
f 1503 1518 1514
f 1504 1503 1514
f 1506 1504 1514
f 1505 1504 1506
f 1507 1506 1514
f 3793 3792 3791
f 3794 3791 3792
f 3795 3791 3794
f 3796 3791 3795
f 3797 3791 3796
f 3798 3791 3797
f 3799 3798 3797
f 3800 3798 3799
f 3801 3798 3800
f 3802 3798 3801
f 3803 3798 3802
f 3804 3803 3802
f 3805 3798 3803
f 3794 3806 3795
f 3807 3795 3806
f 3808 3807 3806
f 3803 1507 3805
f 1506 3803 1507
f 3804 3803 1506
f 1505 3804 1506
f 3802 3804 1505
f 1504 3802 1505
f 3801 3802 1504
f 1503 3801 1504
f 3800 3801 1503
f 1518 3800 1503
f 3799 3800 1518
f 1515 3799 1518
f 3797 3799 1515
f 1513 3797 1515
f 3796 3797 1513
f 1517 3796 1513
f 3795 3796 1517
f 1512 3795 1517
f 3807 3795 1512
f 1516 3807 1512
f 3808 3807 1516
f 1502 3808 1516
f 3806 3808 1502
f 1499 3806 1502
f 3794 3806 1499
f 1501 3794 1499
f 3792 3794 1501
f 1510 3792 1501
f 3793 3792 1510
f 1511 3793 1510
f 3791 3793 1511
f 1509 3791 1511
f 3798 3791 1509
f 1514 3798 1509
f 3805 3798 1514
f 1507 3805 1514
f 1512 1517 1516
f 1502 1516 1517
f 1513 1502 1517
f 1515 1502 1513
f 1518 1502 1515
f 1503 1502 1518
f 3795 3807 3796
f 3808 3796 3807
f 3797 3796 3808
f 3799 3797 3808
f 3800 3799 3808
f 3801 3800 3808
f 3808 1503 3801
f 1502 3808 1503
f 3807 3808 1502
f 1516 3807 1502
f 3795 3807 1516
f 1512 3795 1516
f 3796 3795 1512
f 1517 3796 1512
f 3797 3796 1517
f 1513 3797 1517
f 3799 3797 1513
f 1515 3799 1513
f 3800 3799 1515
f 1518 3800 1515
f 3801 3800 1518
f 1503 3801 1518
f 1521 1519 1520
f 1522 1520 1519
f 1523 1522 1519
f 1524 1520 1522
f 3811 3810 3809
f 3812 3809 3810
f 3813 3809 3812
f 3814 3812 3810
f 3810 1524 3814
f 1520 3810 1524
f 3811 3810 1520
f 1521 3811 1520
f 3809 3811 1521
f 1519 3809 1521
f 3813 3809 1519
f 1523 3813 1519
f 3812 3813 1523
f 1522 3812 1523
f 3814 3812 1522
f 1524 3814 1522
f 1520 1524 1525
f 1526 1525 1524
f 1527 1525 1526
f 3810 3815 3814
f 3816 3814 3815
f 3817 3816 3815
f 3815 1527 3817
f 1525 3815 1527
f 3810 3815 1525
f 1520 3810 1525
f 3814 3810 1520
f 1524 3814 1520
f 3816 3814 1524
f 1526 3816 1524
f 3817 3816 1526
f 1527 3817 1526
f 1530 1528 1529
f 1531 1529 1528
f 1532 1529 1531
f 3820 3819 3818
f 3821 3818 3819
f 3822 3821 3819
f 3819 1532 3822
f 1529 3819 1532
f 3820 3819 1529
f 1530 3820 1529
f 3818 3820 1530
f 1528 3818 1530
f 3821 3818 1528
f 1531 3821 1528
f 3822 3821 1531
f 1532 3822 1531
f 1524 1522 1526
f 1523 1526 1522
f 1542 1526 1523
f 1545 1526 1542
f 1527 1526 1545
f 1547 1527 1545
f 1530 1527 1547
f 1528 1530 1547
f 1548 1528 1547
f 1531 1528 1548
f 1543 1531 1548
f 1534 1533 1519
f 1535 1519 1533
f 1536 1519 1535
f 1523 1519 1536
f 1537 1523 1536
f 3823 1523 1537
f 1538 1523 3823
f 1539 1523 1538
f 1540 1523 1539
f 1541 1523 1540
f 1542 1523 1541
f 1544 1542 1541
f 3826 3825 3824
f 3827 3824 3825
f 3828 3827 3825
f 3829 3828 3825
f 3830 3828 3829
f 3831 3830 3829
f 3832 3831 3829
f 3833 3832 3829
f 3834 3833 3829
f 3835 3834 3829
f 3836 3835 3829
f 3837 3835 3836
f 3840 3839 3838
f 3829 3838 3839
f 3836 3829 3839
f 3841 3836 3839
f 3842 3841 3839
f 3843 3841 3842
f 3844 3843 3842
f 3845 3843 3844
f 3846 3843 3845
f 3847 3846 3845
f 3848 3846 3847
f 3837 1541 3835
f 1544 3837 1541
f 3836 3837 1544
f 1542 3836 1544
f 3841 3836 1542
f 1545 3841 1542
f 3843 3841 1545
f 1547 3843 1545
f 3846 3843 1547
f 1548 3846 1547
f 3848 3846 1548
f 1543 3848 1548
f 3847 3848 1543
f 1531 3847 1543
f 3845 3847 1531
f 1528 3845 1531
f 3844 3845 1528
f 1530 3844 1528
f 3842 3844 1530
f 1527 3842 1530
f 3839 3842 1527
f 1526 3839 1527
f 3840 3839 1526
f 1524 3840 1526
f 3838 3840 1524
f 1522 3838 1524
f 3829 3838 1522
f 1523 3829 1522
f 3825 3829 1523
f 1519 3825 1523
f 3826 3825 1519
f 1534 3826 1519
f 3824 3826 1534
f 1533 3824 1534
f 3827 3824 1533
f 1535 3827 1533
f 3828 3827 1535
f 1536 3828 1535
f 3830 3828 1536
f 1537 3830 1536
f 3831 3830 1537
f 3823 3831 1537
f 3832 3831 3823
f 1538 3832 3823
f 3833 3832 1538
f 1539 3833 1538
f 3834 3833 1539
f 1540 3834 1539
f 3835 3834 1540
f 1541 3835 1540
f 1531 1543 1532
f 1542 1544 1545
f 1541 1545 1544
f 1546 1545 1541
f 1547 1545 1546
f 1548 1547 1546
f 1543 1548 1546
f 1532 1543 1546
f 3851 3850 3849
f 3852 3849 3850
f 3853 3852 3850
f 3854 3853 3850
f 3855 3853 3854
f 3856 3853 3855
f 3822 3853 3856
f 3856 3821 3822
f 3821 1532 3822
f 1531 3821 1532
f 3856 3821 1531
f 1543 3856 1531
f 3855 3856 1543
f 1548 3855 1543
f 3854 3855 1548
f 1547 3854 1548
f 3850 3854 1547
f 1545 3850 1547
f 3851 3850 1545
f 1542 3851 1545
f 3849 3851 1542
f 1544 3849 1542
f 3852 3849 1544
f 1541 3852 1544
f 3853 3852 1541
f 1546 3853 1541
f 3822 3853 1546
f 1532 3822 1546
f 3858 1538 3857
f 1536 3857 1538
f 3823 1536 1538
f 1537 1536 3823
f 3861 3860 3859
f 3862 3859 3860
f 3863 3859 3862
f 3864 3863 3862
f 3863 1538 3859
f 3823 3863 1538
f 3864 3863 3823
f 1537 3864 3823
f 3862 3864 1537
f 1536 3862 1537
f 3860 3862 1536
f 3857 3860 1536
f 3861 3860 3857
f 3858 3861 3857
f 3859 3861 3858
f 1538 3859 3858
f 1551 1549 1550
f 1552 1550 1549
f 3867 3866 3865
f 3868 3865 3866
f 3866 1552 3868
f 1550 3866 1552
f 3867 3866 1550
f 1551 3867 1550
f 3865 3867 1551
f 1549 3865 1551
f 3868 3865 1549
f 1552 3868 1549
f 1550 1552 1553
f 1554 1553 1552
f 3866 3869 3868
f 3870 3868 3869
f 3868 1550 3866
f 1552 3868 1550
f 3870 3868 1552
f 1554 3870 1552
f 3869 3870 1554
f 1553 3869 1554
f 3866 3869 1553
f 1550 3866 1553
f 1557 3871 1556
f 1559 1556 3871
f 1560 1556 1559
f 1561 1560 1559
f 3874 3873 3872
f 3875 3872 3873
f 3876 3875 3873
f 3877 3875 3876
f 3876 1561 3877
f 1560 3876 1561
f 3873 3876 1560
f 1556 3873 1560
f 3874 3873 1556
f 1557 3874 1556
f 3872 3874 1557
f 3871 3872 1557
f 3875 3872 3871
f 1559 3875 3871
f 3877 3875 1559
f 1561 3877 1559
f 1562 1564 1566
f 1567 1566 1564
f 1560 1561 1562
f 1563 1562 1561
f 1564 1562 1563
f 1565 1564 1563
f 3876 3878 3877
f 3879 3877 3878
f 3880 3879 3878
f 3881 3879 3880
f 3878 3882 3880
f 3883 3880 3882
f 3880 1565 3881
f 1564 3880 1565
f 3883 3880 1564
f 1567 3883 1564
f 3882 3883 1567
f 1566 3882 1567
f 3878 3882 1566
f 1562 3878 1566
f 3876 3878 1562
f 1560 3876 1562
f 3877 3876 1560
f 1561 3877 1560
f 3879 3877 1561
f 1563 3879 1561
f 3881 3879 1563
f 1565 3881 1563
f 1570 1568 1569
f 1571 1569 1568
f 3886 3885 3884
f 3887 3884 3885
f 3885 1571 3887
f 1569 3885 1571
f 3886 3885 1569
f 1570 3886 1569
f 3884 3886 1570
f 1568 3884 1570
f 3887 3884 1568
f 1571 3887 1568
f 1572 1562 1568
f 1566 1568 1562
f 1573 1568 1566
f 1574 1568 1573
f 1571 1568 1574
f 1575 1571 1574
f 1576 1571 1575
f 1577 1576 1575
f 1578 1576 1577
f 3890 3889 3888
f 3891 3888 3889
f 3892 3891 3889
f 3893 3892 3889
f 3894 3893 3889
f 3895 3893 3894
f 3896 3895 3894
f 3897 3895 3896
f 3898 3897 3896
f 3897 1575 3895
f 1577 3897 1575
f 3898 3897 1577
f 1578 3898 1577
f 3896 3898 1578
f 1576 3896 1578
f 3894 3896 1576
f 1571 3894 1576
f 3889 3894 1571
f 1568 3889 1571
f 3890 3889 1568
f 1572 3890 1568
f 3888 3890 1572
f 1562 3888 1572
f 3891 3888 1562
f 1566 3891 1562
f 3892 3891 1566
f 1573 3892 1566
f 3893 3892 1573
f 1574 3893 1573
f 3895 3893 1574
f 1575 3895 1574
f 1581 1579 1580
f 1582 1580 1579
f 1583 1580 1582
f 1584 1580 1583
f 3901 3900 3899
f 3902 3899 3900
f 3903 3902 3900
f 3904 3903 3900
f 3900 1584 3904
f 1580 3900 1584
f 3901 3900 1580
f 1581 3901 1580
f 3899 3901 1581
f 1579 3899 1581
f 3902 3899 1579
f 1582 3902 1579
f 3903 3902 1582
f 1583 3903 1582
f 3904 3903 1583
f 1584 3904 1583
f 1597 1591 1592
f 1587 1585 1586
f 1588 1586 1585
f 1589 1586 1588
f 1590 1589 1588
f 1591 1590 1588
f 1592 1591 1588
f 1593 1592 1588
f 1594 1593 1588
f 1595 1593 1594
f 1596 1593 1595
f 3907 3906 3905
f 3908 3905 3906
f 3909 3908 3906
f 3910 3908 3909
f 3911 3908 3910
f 3912 3908 3911
f 3913 3908 3912
f 3914 3908 3913
f 3915 3914 3913
f 3916 3915 3913
f 3911 3917 3912
f 3913 1596 3916
f 1593 3913 1596
f 3912 3913 1593
f 1592 3912 1593
f 3917 3912 1592
f 1597 3917 1592
f 3911 3917 1597
f 1591 3911 1597
f 3910 3911 1591
f 1590 3910 1591
f 3909 3910 1590
f 1589 3909 1590
f 3906 3909 1589
f 1586 3906 1589
f 3907 3906 1586
f 1587 3907 1586
f 3905 3907 1587
f 1585 3905 1587
f 3908 3905 1585
f 1588 3908 1585
f 3914 3908 1588
f 1594 3914 1588
f 3915 3914 1594
f 1595 3915 1594
f 3916 3915 1595
f 1596 3916 1595
f 1600 1598 1599
f 1601 1599 1598
f 1587 1599 1601
f 1585 1587 1601
f 3920 3919 3918
f 3921 3918 3919
f 3907 3921 3919
f 3905 3921 3907
f 3907 1585 3905
f 1587 3907 1585
f 3919 3907 1587
f 1599 3919 1587
f 3920 3919 1599
f 1600 3920 1599
f 3918 3920 1600
f 1598 3918 1600
f 3921 3918 1598
f 1601 3921 1598
f 3905 3921 1601
f 1585 3905 1601
f 3871 1602 1559
f 1603 1559 1602
f 1561 1559 1603
f 1563 1561 1603
f 3872 3875 3922
f 3923 3922 3875
f 3877 3923 3875
f 3879 3923 3877
f 3877 1563 3879
f 1561 3877 1563
f 3875 3877 1561
f 1559 3875 1561
f 3872 3875 1559
f 3871 3872 1559
f 3922 3872 3871
f 1602 3922 3871
f 3923 3922 1602
f 1603 3923 1602
f 3879 3923 1603
f 1563 3879 1603
f 1578 1604 1605
f 1606 1605 1604
f 1575 1607 1577
f 1608 1577 1607
f 1578 1577 1608
f 1609 1578 1608
f 1610 1578 1609
f 1611 1578 1610
f 1612 1578 1611
f 1613 1578 1612
f 1604 1578 1613
f 1614 1604 1613
f 1615 1614 1613
f 1616 1614 1615
f 1617 1614 1616
f 1630 1617 1616
f 1631 1617 1630
f 1618 1617 1631
f 1619 1617 1618
f 1620 1619 1618
f 1623 1619 1620
f 1621 1619 1623
f 3926 3925 3924
f 3927 3924 3925
f 3928 3927 3925
f 3929 3927 3928
f 3930 3929 3928
f 3931 3930 3928
f 3932 3931 3928
f 3933 3932 3928
f 3934 3933 3928
f 3935 3933 3934
f 3936 3933 3935
f 3937 3936 3935
f 3938 3937 3935
f 3939 3937 3938
f 3940 3939 3938
f 3941 3940 3938
f 3942 3941 3938
f 3943 3941 3942
f 3944 3943 3942
f 3945 3944 3942
f 3928 3946 3934
f 3947 3934 3946
f 3944 1620 3943
f 1623 3944 1620
f 3945 3944 1623
f 1621 3945 1623
f 3942 3945 1621
f 1619 3942 1621
f 3938 3942 1619
f 1617 3938 1619
f 3935 3938 1617
f 1614 3935 1617
f 3934 3935 1614
f 1604 3934 1614
f 3947 3934 1604
f 1606 3947 1604
f 3946 3947 1606
f 1605 3946 1606
f 3928 3946 1605
f 1578 3928 1605
f 3925 3928 1578
f 1577 3925 1578
f 3926 3925 1577
f 1575 3926 1577
f 3924 3926 1575
f 1607 3924 1575
f 3927 3924 1607
f 1608 3927 1607
f 3929 3927 1608
f 1609 3929 1608
f 3930 3929 1609
f 1610 3930 1609
f 3931 3930 1610
f 1611 3931 1610
f 3932 3931 1611
f 1612 3932 1611
f 3933 3932 1612
f 1613 3933 1612
f 3936 3933 1613
f 1615 3936 1613
f 3937 3936 1615
f 1616 3937 1615
f 3939 3937 1616
f 1630 3939 1616
f 3940 3939 1630
f 1631 3940 1630
f 3941 3940 1631
f 1618 3941 1631
f 3943 3941 1618
f 1620 3943 1618
f 1619 1621 1579
f 1622 1579 1621
f 1597 1579 1622
f 1592 1579 1597
f 1624 1579 1592
f 1593 1624 1592
f 1582 1579 1624
f 1620 1622 1623
f 1621 1623 1622
f 3950 3949 3948
f 3951 3948 3949
f 3953 3952 3951
f 3948 3951 3952
f 3917 3948 3952
f 3912 3917 3952
f 3954 3912 3952
f 3913 3912 3954
f 3955 3954 3952
f 3954 1593 3913
f 1624 3954 1593
f 3955 3954 1624
f 1582 3955 1624
f 3952 3955 1582
f 1579 3952 1582
f 3953 3952 1579
f 1619 3953 1579
f 3951 3953 1619
f 1621 3951 1619
f 3949 3951 1621
f 1623 3949 1621
f 3950 3949 1623
f 1620 3950 1623
f 3948 3950 1620
f 1622 3948 1620
f 3917 3948 1622
f 1597 3917 1622
f 3912 3917 1597
f 1592 3912 1597
f 3913 3912 1592
f 1593 3913 1592
f 1582 1624 1583
f 1593 1583 1624
f 1596 1583 1593
f 1584 1583 1596
f 1625 1584 1596
f 1626 1584 1625
f 3902 3903 3956
f 3957 3956 3903
f 3958 3957 3903
f 3904 3958 3903
f 3959 3958 3904
f 3960 3959 3904
f 3903 1584 3904
f 1583 3903 1584
f 3902 3903 1583
f 1582 3902 1583
f 3956 3902 1582
f 1624 3956 1582
f 3957 3956 1624
f 1593 3957 1624
f 3958 3957 1593
f 1596 3958 1593
f 3959 3958 1596
f 1625 3959 1596
f 3960 3959 1625
f 1626 3960 1625
f 3904 3960 1626
f 1584 3904 1626
f 1629 1627 1628
f 1600 1628 1627
f 1616 1628 1600
f 1630 1616 1600
f 1631 1630 1600
f 1599 1631 1600
f 1618 1631 1599
f 1587 1618 1599
f 1586 1618 1587
f 1620 1618 1586
f 1622 1620 1586
f 1589 1622 1586
f 1590 1622 1589
f 1597 1622 1590
f 1591 1597 1590
f 3963 3962 3961
f 3920 3961 3962
f 3964 3920 3962
f 3965 3920 3964
f 3966 3920 3965
f 3919 3920 3966
f 3967 3919 3966
f 3907 3919 3967
f 3906 3907 3967
f 3950 3906 3967
f 3948 3906 3950
f 3909 3906 3948
f 3910 3909 3948
f 3917 3910 3948
f 3911 3910 3917
f 3919 1600 3920
f 1599 3919 1600
f 3907 3919 1599
f 1587 3907 1599
f 3906 3907 1587
f 1586 3906 1587
f 3909 3906 1586
f 1589 3909 1586
f 3910 3909 1589
f 1590 3910 1589
f 3911 3910 1590
f 1591 3911 1590
f 3917 3911 1591
f 1597 3917 1591
f 3948 3917 1597
f 1622 3948 1597
f 3950 3948 1622
f 1620 3950 1622
f 3967 3950 1620
f 1618 3967 1620
f 3966 3967 1618
f 1631 3966 1618
f 3965 3966 1631
f 1630 3965 1631
f 3964 3965 1630
f 1616 3964 1630
f 3962 3964 1616
f 1628 3962 1616
f 3963 3962 1628
f 1629 3963 1628
f 3961 3963 1629
f 1627 3961 1629
f 3920 3961 1627
f 1600 3920 1627
f 1564 1565 1567
f 1566 1567 1565
f 1637 1566 1565
f 1573 1566 1637
f 1574 1573 1637
f 1635 1574 1637
f 1575 1574 1635
f 1607 1575 1635
f 1608 1607 1635
f 1609 1608 1635
f 1610 1609 1635
f 1611 1610 1635
f 1632 1611 1635
f 1629 1611 1632
f 1612 1611 1629
f 1628 1612 1629
f 1613 1612 1628
f 1615 1613 1628
f 1616 1615 1628
f 1634 1632 1633
f 1635 1633 1632
f 3970 3969 3968
f 3971 3968 3969
f 3974 3973 3972
f 3975 3972 3973
f 3976 3972 3975
f 3977 3976 3975
f 3978 3976 3977
f 3971 3976 3978
f 3926 3971 3978
f 3924 3971 3926
f 3927 3971 3924
f 3929 3971 3927
f 3930 3971 3929
f 3931 3971 3930
f 3968 3971 3931
f 3979 3968 3931
f 3932 3979 3931
f 3980 3979 3932
f 3933 3980 3932
f 3936 3980 3933
f 3937 3980 3936
f 3980 1629 3979
f 1628 3980 1629
f 3937 3980 1628
f 1616 3937 1628
f 3936 3937 1616
f 1615 3936 1616
f 3933 3936 1615
f 1613 3933 1615
f 3932 3933 1613
f 1612 3932 1613
f 3931 3932 1612
f 1611 3931 1612
f 3930 3931 1611
f 1610 3930 1611
f 3929 3930 1610
f 1609 3929 1610
f 3927 3929 1609
f 1608 3927 1609
f 3924 3927 1608
f 1607 3924 1608
f 3926 3924 1607
f 1575 3926 1607
f 3978 3926 1575
f 1574 3978 1575
f 3977 3978 1574
f 1573 3977 1574
f 3975 3977 1573
f 1566 3975 1573
f 3973 3975 1566
f 1567 3973 1566
f 3974 3973 1567
f 1564 3974 1567
f 3972 3974 1564
f 1565 3972 1564
f 3976 3972 1565
f 1637 3976 1565
f 3971 3976 1637
f 1635 3971 1637
f 3969 3971 1635
f 1633 3969 1635
f 3970 3969 1633
f 1634 3970 1633
f 3968 3970 1634
f 1632 3968 1634
f 3979 3968 1632
f 1629 3979 1632
f 1604 1614 1638
f 1617 1638 1614
f 1639 1638 1617
f 1640 1639 1617
f 1641 1640 1617
f 1642 1641 1617
f 3983 3982 3981
f 3984 3981 3982
f 3985 3984 3982
f 3986 3984 3985
f 3987 3984 3986
f 3988 3984 3987
f 3986 1641 3987
f 1640 3986 1641
f 3985 3986 1640
f 1639 3985 1640
f 3982 3985 1639
f 1638 3982 1639
f 3983 3982 1638
f 1604 3983 1638
f 3981 3983 1604
f 1614 3981 1604
f 3984 3981 1614
f 1617 3984 1614
f 3988 3984 1617
f 1642 3988 1617
f 3987 3988 1642
f 1641 3987 1642
f 1645 1643 1644
f 1634 1644 1643
f 1635 1644 1634
f 1633 1635 1634
f 3991 3990 3989
f 3970 3989 3990
f 3971 3970 3990
f 3969 3970 3971
f 3969 1634 3970
f 1633 3969 1634
f 3971 3969 1633
f 1635 3971 1633
f 3990 3971 1635
f 1644 3990 1635
f 3991 3990 1644
f 1645 3991 1644
f 3989 3991 1645
f 1643 3989 1645
f 3970 3989 1643
f 1634 3970 1643
f 1604 1638 1606
f 1646 1606 1638
f 1639 1646 1638
f 1640 1646 1639
f 1641 1646 1640
f 3983 3992 3982
f 3993 3982 3992
f 3985 3982 3993
f 3986 3985 3993
f 3987 3986 3993
f 3993 1641 3987
f 1646 3993 1641
f 3992 3993 1646
f 1606 3992 1646
f 3983 3992 1606
f 1604 3983 1606
f 3982 3983 1604
f 1638 3982 1604
f 3985 3982 1638
f 1639 3985 1638
f 3986 3985 1639
f 1640 3986 1639
f 3987 3986 1640
f 1641 3987 1640
f 1647 1645 1637
f 1644 1637 1645
f 1635 1637 1644
f 3994 3976 3991
f 3990 3991 3976
f 3971 3990 3976
f 3976 1635 3971
f 1637 3976 1635
f 3994 3976 1637
f 1647 3994 1637
f 3991 3994 1647
f 1645 3991 1647
f 3990 3991 1645
f 1644 3990 1645
f 3971 3990 1644
f 1635 3971 1644
f 1650 1648 1649
f 1651 1649 1648
f 3997 3996 3995
f 3998 3995 3996
f 3996 1651 3998
f 1649 3996 1651
f 3997 3996 1649
f 1650 3997 1649
f 3995 3997 1650
f 1648 3995 1650
f 3998 3995 1648
f 1651 3998 1648
f 1649 1651 1652
f 1653 1652 1651
f 3996 3999 3998
f 4000 3998 3999
f 3998 1649 3996
f 1651 3998 1649
f 4000 3998 1651
f 1653 4000 1651
f 3999 4000 1653
f 1652 3999 1653
f 3996 3999 1652
f 1649 3996 1652
f 1664 1661 1663
f 1656 1654 1655
f 1657 1655 1654
f 1658 1657 1654
f 1659 1658 1654
f 1660 1657 1658
f 1661 1658 1659
f 1662 1661 1659
f 1663 1661 1662
f 4003 4002 4001
f 4004 4001 4002
f 4005 4001 4004
f 4006 4001 4005
f 4007 4005 4004
f 4008 4006 4005
f 4009 4006 4008
f 4010 4009 4008
f 4008 4011 4010
f 4010 1662 4009
f 1663 4010 1662
f 4011 4010 1663
f 1664 4011 1663
f 4008 4011 1664
f 1661 4008 1664
f 4005 4008 1661
f 1658 4005 1661
f 4007 4005 1658
f 1660 4007 1658
f 4004 4007 1660
f 1657 4004 1660
f 4002 4004 1657
f 1655 4002 1657
f 4003 4002 1655
f 1656 4003 1655
f 4001 4003 1656
f 1654 4001 1656
f 4006 4001 1654
f 1659 4006 1654
f 4009 4006 1659
f 1662 4009 1659
f 1654 1665 1659
f 1666 1659 1665
f 1662 1659 1666
f 4001 4006 4012
f 4013 4012 4006
f 4009 4013 4006
f 4006 1662 4009
f 1659 4006 1662
f 4001 4006 1659
f 1654 4001 1659
f 4012 4001 1654
f 1665 4012 1654
f 4013 4012 1665
f 1666 4013 1665
f 4009 4013 1666
f 1662 4009 1666
f 4016 4015 4014
f 4017 4014 4015
f 4018 4017 4015
f 4019 4017 4018
f 4020 4017 4019
f 4021 4017 4020
f 4024 4023 4022
f 4025 4022 4023
f 4026 4022 4025
f 4027 4026 4025
f 4028 4027 4025
f 4029 4028 4025
f 4025 4021 4029
f 4017 4025 4021
f 4023 4025 4017
f 4014 4023 4017
f 4024 4023 4014
f 4016 4024 4014
f 4022 4024 4016
f 4015 4022 4016
f 4026 4022 4015
f 4018 4026 4015
f 4027 4026 4018
f 4019 4027 4018
f 4028 4027 4019
f 4020 4028 4019
f 4029 4028 4020
f 4021 4029 4020
f 4032 4031 4030
f 4033 4030 4031
f 4036 4035 4034
f 4037 4034 4035
f 4034 4032 4036
f 4031 4034 4032
f 4037 4034 4031
f 4033 4037 4031
f 4035 4037 4033
f 4030 4035 4033
f 4036 4035 4030
f 4032 4036 4030
f 4014 4017 4038
f 4039 4038 4017
f 4021 4039 4017
f 4040 4039 4021
f 4032 4039 4040
f 4031 4032 4040
f 4041 4031 4040
f 4042 4031 4041
f 4045 4044 4043
f 4046 4043 4044
f 4047 4043 4046
f 4048 4047 4046
f 4049 4048 4046
f 4050 4048 4049
f 4051 4048 4050
f 4052 4051 4050
f 4049 4031 4050
f 4032 4049 4031
f 4046 4049 4032
f 4039 4046 4032
f 4044 4046 4039
f 4038 4044 4039
f 4045 4044 4038
f 4014 4045 4038
f 4043 4045 4014
f 4017 4043 4014
f 4047 4043 4017
f 4021 4047 4017
f 4048 4047 4021
f 4040 4048 4021
f 4051 4048 4040
f 4041 4051 4040
f 4052 4051 4041
f 4042 4052 4041
f 4050 4052 4042
f 4031 4050 4042
f 4054 4053 4018
f 4019 4018 4053
f 4020 4019 4053
f 4021 4020 4053
f 4055 4021 4053
f 4040 4021 4055
f 4058 4057 4056
f 4059 4056 4057
f 4060 4056 4059
f 4061 4056 4060
f 4062 4056 4061
f 4063 4062 4061
f 4061 4040 4063
f 4021 4061 4040
f 4060 4061 4021
f 4020 4060 4021
f 4059 4060 4020
f 4019 4059 4020
f 4057 4059 4019
f 4018 4057 4019
f 4058 4057 4018
f 4054 4058 4018
f 4056 4058 4054
f 4053 4056 4054
f 4062 4056 4053
f 4055 4062 4053
f 4063 4062 4055
f 4040 4063 4055
f 1668 1655 1667
f 1657 1667 1655
f 4066 4065 4064
f 4067 4064 4065
f 4065 1657 4067
f 1667 4065 1657
f 4066 4065 1667
f 1668 4066 1667
f 4064 4066 1668
f 1655 4064 1668
f 4067 4064 1655
f 1657 4067 1655
f 3858 3857 1535
f 1536 1535 3857
f 3862 3860 4068
f 3861 4068 3860
f 4068 1536 3862
f 1535 4068 1536
f 3861 4068 1535
f 3858 3861 1535
f 3860 3861 3858
f 3857 3860 3858
f 3862 3860 3857
f 1536 3862 3857
f 1481 1490 1482
f 3768 4069 3767
f 4069 1482 3767
f 1481 4069 1482
f 3768 4069 1481
f 1490 3768 1481
f 3767 3768 1490
f 1482 3767 1490
f 1455 1456 1669
f 3700 3699 4070
f 3699 1669 4070
f 1455 3699 1669
f 3700 3699 1455
f 1456 3700 1455
f 4070 3700 1456
f 1669 4070 1456
f 1456 1670 1669
f 1432 1669 1670
f 3700 4070 3708
f 3679 3708 4070
f 4070 1432 3679
f 1669 4070 1432
f 3700 4070 1669
f 1456 3700 1669
f 3708 3700 1456
f 1670 3708 1456
f 3679 3708 1670
f 1432 3679 1670
f 1455 1669 1671
f 1672 1671 1669
f 1434 1671 1672
f 3699 3706 4070
f 4071 4070 3706
f 3674 4071 3706
f 3706 1434 3674
f 1671 3706 1434
f 3699 3706 1671
f 1455 3699 1671
f 4070 3699 1455
f 1669 4070 1455
f 4071 4070 1669
f 1672 4071 1669
f 3674 4071 1672
f 1434 3674 1672
f 1434 1672 1673
f 1669 1673 1672
f 1432 1673 1669
f 3674 3672 4071
f 4070 4071 3672
f 3679 4070 3672
f 4071 1434 3674
f 1672 4071 1434
f 4070 4071 1672
f 1669 4070 1672
f 3679 4070 1669
f 1432 3679 1669
f 3672 3679 1432
f 1673 3672 1432
f 3674 3672 1673
f 1434 3674 1673
f 1675 1453 1674
f 1425 1674 1453
f 1427 1674 1425
f 4074 4073 4072
f 4075 4072 4073
f 4076 4075 4073
f 4076 1425 4075
f 1427 4076 1425
f 4073 4076 1427
f 1674 4073 1427
f 4074 4073 1674
f 1675 4074 1674
f 4072 4074 1675
f 1453 4072 1675
f 4075 4072 1453
f 1425 4075 1453
f 1677 1678 1676
f 4079 4078 4077
f 4078 1676 4077
f 1677 4078 1676
f 4079 4078 1677
f 1678 4079 1677
f 4077 4079 1678
f 1676 4077 1678
f 1679 1677 1676
f 4078 4080 4077
f 4077 1677 4078
f 1676 4077 1677
f 4080 4077 1676
f 1679 4080 1676
f 4078 4080 1679
f 1677 4078 1679
f 1677 1680 1678
f 4081 4078 4079
f 4078 1678 4079
f 1677 4078 1678
f 4081 4078 1677
f 1680 4081 1677
f 4079 4081 1680
f 1678 4079 1680
f 1682 1683 1681
f 4084 4083 4082
f 4083 1681 4082
f 1682 4083 1681
f 4084 4083 1682
f 1683 4084 1682
f 4082 4084 1683
f 1681 4082 1683
f 1682 1684 1683
f 4085 4083 4084
f 4083 1683 4084
f 1682 4083 1683
f 4085 4083 1682
f 1684 4085 1682
f 4084 4085 1684
f 1683 4084 1684
f 1685 1682 1681
f 4083 4086 4082
f 4082 1682 4083
f 1681 4082 1682
f 4086 4082 1681
f 1685 4086 1681
f 4083 4086 1685
f 1682 4083 1685
f 1258 1257 1273
f 1261 1273 1257
f 3375 3372 4087
f 3373 4087 3372
f 4087 1261 3375
f 1273 4087 1261
f 3373 4087 1273
f 1258 3373 1273
f 3372 3373 1258
f 1257 3372 1258
f 3375 3372 1257
f 1261 3375 1257
f 1686 1180 1179
f 1687 1174 1686
f 1176 1686 1174
f 1177 1686 1176
f 1180 1686 1177
f 1178 1180 1177
f 4090 4089 4088
f 4091 4088 4089
f 4092 4091 4089
f 4093 4092 4089
f 4094 4092 4093
f 4093 4089 4095
f 4089 1179 4095
f 1686 4089 1179
f 4090 4089 1686
f 1687 4090 1686
f 4088 4090 1687
f 1174 4088 1687
f 4091 4088 1174
f 1176 4091 1174
f 4092 4091 1176
f 1177 4092 1176
f 4094 4092 1177
f 1178 4094 1177
f 4093 4094 1178
f 1180 4093 1178
f 4095 4093 1180
f 1179 4095 1180
f 3033 3035 4096
f 3036 4096 3035
f 3047 4096 3036
f 4097 4096 3047
f 4100 4099 4098
f 4101 4098 4099
f 4102 4101 4099
f 4103 4102 4099
f 4098 3033 4100
f 3035 4098 3033
f 4101 4098 3035
f 3036 4101 3035
f 4102 4101 3036
f 3047 4102 3036
f 4103 4102 3047
f 4097 4103 3047
f 4099 4103 4097
f 4096 4099 4097
f 4100 4099 4096
f 3033 4100 4096
f 4104 3020 1014
f 3022 4105 3021
f 3022 4104 4105
f 3020 3022 4104
f 3021 3022 3020
f 1014 3021 3020
f 4105 3021 1014
f 4104 4105 1014
f 903 687 904
f 686 904 687
f 2868 904 686
f 4108 4107 4106
f 4109 4106 4107
f 4110 4109 4107
f 4110 686 4109
f 2868 4110 686
f 4107 4110 2868
f 904 4107 2868
f 4108 4107 904
f 903 4108 904
f 4106 4108 903
f 687 4106 903
f 4109 4106 687
f 686 4109 687
f 790 793 644
f 911 644 793
f 2669 2479 2672
f 2883 2672 2479
f 2479 911 2883
f 644 2479 911
f 2669 2479 644
f 790 2669 644
f 2672 2669 790
f 793 2672 790
f 2883 2672 793
f 911 2883 793
f 714 715 634
f 891 634 715
f 887 634 891
f 637 634 887
f 4112 2469 4111
f 4113 4111 2469
f 4114 4113 2469
f 2472 4114 2469
f 2469 637 2472
f 634 2469 637
f 4112 2469 634
f 714 4112 634
f 4111 4112 714
f 715 4111 714
f 4113 4111 715
f 891 4113 715
f 4114 4113 891
f 887 4114 891
f 2472 4114 887
f 637 2472 887
f 758 747 748
f 2631 2628 4115
f 2628 748 4115
f 758 2628 748
f 2631 2628 758
f 747 2631 758
f 4115 2631 747
f 748 4115 747
f 602 603 1688
f 606 1688 603
f 1689 1688 606
f 1690 1688 1689
f 4118 4117 4116
f 4119 4116 4117
f 4120 4119 4117
f 4121 4120 4117
f 4116 602 4118
f 603 4116 602
f 4119 4116 603
f 606 4119 603
f 4120 4119 606
f 1689 4120 606
f 4121 4120 1689
f 1690 4121 1689
f 4117 4121 1690
f 1688 4117 1690
f 4118 4117 1688
f 602 4118 1688
f 585 1691 1692
f 1693 1692 1691
f 553 1693 1691
f 2390 4122 2401
f 4123 2401 4122
f 2351 2401 4123
f 4123 553 2351
f 1693 4123 553
f 4122 4123 1693
f 1692 4122 1693
f 2390 4122 1692
f 585 2390 1692
f 2401 2390 585
f 1691 2401 585
f 2351 2401 1691
f 553 2351 1691
f 582 1692 2379
f 555 2379 1692
f 2383 2386 4122
f 2353 4122 2386
f 2386 555 2353
f 2379 2386 555
f 2383 2386 2379
f 582 2383 2379
f 4122 2383 582
f 1692 4122 582
f 2353 4122 1692
f 555 2353 1692
f 582 585 1692
f 2390 2383 4122
f 2383 1692 4122
f 582 2383 1692
f 2390 2383 582
f 585 2390 582
f 4122 2390 585
f 1692 4122 585
f 555 1692 553
f 1693 553 1692
f 2353 2351 4122
f 4123 4122 2351
f 4122 555 2353
f 1692 4122 555
f 4123 4122 1692
f 1693 4123 1692
f 2351 4123 1693
f 553 2351 1693
f 2353 2351 553
f 555 2353 553
f 612 580 613
f 583 613 580
f 4126 4125 4124
f 4127 4124 4125
f 4125 583 4127
f 613 4125 583
f 4126 4125 613
f 612 4126 613
f 4124 4126 612
f 580 4124 612
f 4127 4124 580
f 583 4127 580
f 1697 1695 1696
f 1698 1696 1695
f 4130 4129 4128
f 4131 4128 4129
f 4129 1698 4131
f 1696 4129 1698
f 4130 4129 1696
f 1697 4130 1696
f 4128 4130 1697
f 1695 4128 1697
f 4131 4128 1695
f 1698 4131 1695
f 1697 1699 1695
f 4134 4133 4132
f 4133 1695 4132
f 1697 4133 1695
f 4134 4133 1697
f 1699 4134 1697
f 4132 4134 1699
f 1695 4132 1699
f 1701 1700 1698
f 1697 1698 1700
f 1696 1698 1697
f 4136 4131 4135
f 4130 4135 4131
f 4129 4130 4131
f 4136 1698 4131
f 1701 4136 1698
f 4135 4136 1701
f 1700 4135 1701
f 4130 4135 1700
f 1697 4130 1700
f 4129 4130 1697
f 1696 4129 1697
f 4131 4129 1696
f 1698 4131 1696
f 1701 1699 1700
f 1697 1700 1699
f 4138 4137 4134
f 4133 4134 4137
f 4137 1697 4133
f 1700 4137 1697
f 4138 4137 1700
f 1701 4138 1700
f 4134 4138 1701
f 1699 4134 1701
f 4133 4134 1699
f 1697 4133 1699
f 538 504 503
f 2286 4139 2285
f 4139 503 2285
f 538 4139 503
f 2286 4139 538
f 504 2286 538
f 2285 2286 504
f 503 2285 504
f 464 472 467
f 4140 2219 2222
f 2219 467 2222
f 464 2219 467
f 4140 2219 464
f 472 4140 464
f 2222 4140 472
f 467 2222 472
f 469 473 468
f 465 468 473
f 2224 2223 4141
f 2220 4141 2223
f 2220 473 4141
f 465 2220 473
f 2223 2220 465
f 468 2223 465
f 2224 2223 468
f 469 2224 468
f 4141 2224 469
f 473 4141 469
f 1703 1704 1702
f 4144 4143 4142
f 4143 1702 4142
f 1703 4143 1702
f 4144 4143 1703
f 1704 4144 1703
f 4142 4144 1704
f 1702 4142 1704
f 1703 4145 1704
f 1707 1704 4145
f 1708 1704 1707
f 4143 4144 4146
f 4147 4146 4144
f 4148 4147 4144
f 4143 1704 4144
f 1703 4143 1704
f 4146 4143 1703
f 4145 4146 1703
f 4147 4146 4145
f 1707 4147 4145
f 4148 4147 1707
f 1708 4148 1707
f 4144 4148 1708
f 1704 4144 1708
f 1702 1709 1703
f 1710 1703 1709
f 1711 1710 1709
f 1712 1709 1702
f 4150 4149 4143
f 4142 4143 4149
f 4151 4149 4150
f 4152 4142 4149
f 4142 1703 4143
f 1702 4142 1703
f 4152 4142 1702
f 1712 4152 1702
f 4149 4152 1712
f 1709 4149 1712
f 4151 4149 1709
f 1711 4151 1709
f 4150 4151 1711
f 1710 4150 1711
f 4143 4150 1710
f 1703 4143 1710
f 386 409 394
f 2154 2157 4153
f 2154 386 2157
f 409 2154 386
f 4153 2154 409
f 394 4153 409
f 2157 4153 394
f 386 2157 394
f 1714 1715 1713
f 4156 4155 4154
f 4155 1713 4154
f 1714 4155 1713
f 4156 4155 1714
f 1715 4156 1714
f 4154 4156 1715
f 1713 4154 1715
f 1716 1714 1713
f 4155 4157 4154
f 4154 1714 4155
f 1713 4154 1714
f 4157 4154 1713
f 1716 4157 1713
f 4155 4157 1716
f 1714 4155 1716
f 1714 1717 1715
f 4158 4155 4156
f 4155 1715 4156
f 1714 4155 1715
f 4158 4155 1714
f 1717 4158 1714
f 4156 4158 1717
f 1715 4156 1717
f 358 355 362
f 2048 2051 4159
f 2051 362 4159
f 358 2051 362
f 2048 2051 358
f 355 2048 358
f 4159 2048 355
f 362 4159 355
f 258 261 264
f 1890 1887 4160
f 1887 264 4160
f 258 1887 264
f 1890 1887 258
f 261 1890 258
f 4160 1890 261
f 264 4160 261
f 1720 2956 1719
f 967 1719 2956
f 4161 1719 967
f 4164 4163 4162
f 4165 4162 4163
f 4166 4165 4163
f 4166 967 4165
f 4161 4166 967
f 4163 4166 4161
f 1719 4163 4161
f 4164 4163 1719
f 1720 4164 1719
f 4162 4164 1720
f 2956 4162 1720
f 4165 4162 2956
f 967 4165 2956
f 1719 4161 1723
f 2962 1723 4161
f 4169 4168 4167
f 4170 4167 4168
f 4168 2962 4170
f 1723 4168 2962
f 4169 4168 1723
f 1719 4169 1723
f 4167 4169 1719
f 4161 4167 1719
f 4170 4167 4161
f 2962 4170 4161
f 1728 2975 2978
f 2980 4171 2985
f 4171 2978 2985
f 1728 4171 2978
f 2980 4171 1728
f 2975 2980 1728
f 2985 2980 2975
f 2978 2985 2975
f 4172 1734 983
f 2992 983 1734
f 985 983 2992
f 4175 4174 4173
f 4176 4173 4174
f 4177 4176 4174
f 4177 2992 4176
f 985 4177 2992
f 4174 4177 985
f 983 4174 985
f 4175 4174 983
f 4172 4175 983
f 4173 4175 4172
f 1734 4173 4172
f 4176 4173 1734
f 2992 4176 1734
f 3024 1742 1020
f 4172 1020 1742
f 1734 4172 1742
f 4180 4179 4178
f 4181 4178 4179
f 4182 4178 4181
f 4181 1734 4182
f 4172 4181 1734
f 4179 4181 4172
f 1020 4179 4172
f 4180 4179 1020
f 3024 4180 1020
f 4178 4180 3024
f 1742 4178 3024
f 4182 4178 1742
f 1734 4182 1742
f 1745 1031 2957
f 961 2957 1031
f 1019 1034 3025
f 1746 3025 1034
f 1745 1744 1031
f 1030 1031 1744
f 1027 1030 1744
f 1025 1027 1744
f 1746 1025 1744
f 1032 1025 1746
f 1033 1032 1746
f 1034 1033 1746
f 4185 4184 4183
f 4186 4183 4184
f 4187 4183 4186
f 4188 4183 4187
f 4189 4183 4188
f 4190 4189 4188
f 4191 4189 4190
f 4192 4189 4191
f 4194 4193 4192
f 4189 4192 4193
f 4185 4195 4184
f 4196 4184 4195
f 4194 3025 4193
f 1019 4194 3025
f 4192 4194 1019
f 1034 4192 1019
f 4191 4192 1034
f 1033 4191 1034
f 4190 4191 1033
f 1032 4190 1033
f 4188 4190 1032
f 1025 4188 1032
f 4187 4188 1025
f 1027 4187 1025
f 4186 4187 1027
f 1030 4186 1027
f 4184 4186 1030
f 1031 4184 1030
f 4196 4184 1031
f 961 4196 1031
f 4195 4196 961
f 2957 4195 961
f 4185 4195 2957
f 1745 4185 2957
f 4183 4185 1745
f 1744 4183 1745
f 4189 4183 1744
f 1746 4189 1744
f 4193 4189 1746
f 3025 4193 1746
f 2993 1757 1003
f 1758 1003 1757
f 1004 1003 1758
f 3019 1004 1758
f 2995 1008 1759
f 4104 1759 1008
f 1007 4104 1008
f 2999 4198 4197
f 4199 4197 4198
f 4200 4199 4198
f 4201 4199 4200
f 3010 4203 4202
f 4204 4202 4203
f 4205 4202 4204
f 4200 3019 4201
f 1004 4200 3019
f 4198 4200 1004
f 1003 4198 1004
f 2999 4198 1003
f 2993 2999 1003
f 4197 2999 2993
f 1757 4197 2993
f 4199 4197 1757
f 1758 4199 1757
f 4201 4199 1758
f 3019 4201 1758
f 4202 2995 3010
f 1008 4202 2995
f 4205 4202 1008
f 1007 4205 1008
f 4204 4205 1007
f 4104 4204 1007
f 4203 4204 4104
f 1759 4203 4104
f 3010 4203 1759
f 2995 3010 1759
f 1768 1770 1772
f 1767 1765 1766
f 1768 1766 1765
f 1769 1768 1765
f 1770 1768 1769
f 1771 1770 1769
f 4208 4207 4206
f 4209 4206 4207
f 4210 4206 4209
f 4211 4210 4209
f 4212 4210 4211
f 4211 4209 4213
f 4209 1772 4213
f 1768 4209 1772
f 4207 4209 1768
f 1766 4207 1768
f 4208 4207 1766
f 1767 4208 1766
f 4206 4208 1767
f 1765 4206 1767
f 4210 4206 1765
f 1769 4210 1765
f 4212 4210 1769
f 1771 4212 1769
f 4211 4212 1771
f 1770 4211 1771
f 4213 4211 1770
f 1772 4213 1770
f 1766 1768 1773
f 1772 1773 1768
f 1774 1773 1772
f 1775 1773 1774
f 1776 1773 1775
f 4216 4215 4214
f 4217 4214 4215
f 4218 4217 4215
f 4219 4218 4215
f 4220 4219 4215
f 4215 1776 4220
f 1773 4215 1776
f 4216 4215 1773
f 1766 4216 1773
f 4214 4216 1766
f 1768 4214 1766
f 4217 4214 1768
f 1772 4217 1768
f 4218 4217 1772
f 1774 4218 1772
f 4219 4218 1774
f 1775 4219 1774
f 4220 4219 1775
f 1776 4220 1775
f 4222 1782 4221
f 1784 4221 1782
f 1778 4221 1784
f 1817 4221 1778
f 1780 4221 1817
f 1789 4221 1780
f 1779 1818 1778
f 1817 1778 1818
f 4225 4224 4223
f 4226 4223 4224
f 4229 4228 4227
f 4230 4227 4228
f 4224 4230 4228
f 4226 4224 4228
f 4231 4226 4228
f 4232 4231 4228
f 4232 1780 4231
f 1789 4232 1780
f 4228 4232 1789
f 4221 4228 1789
f 4229 4228 4221
f 4222 4229 4221
f 4227 4229 4222
f 1782 4227 4222
f 4230 4227 1782
f 1784 4230 1782
f 4224 4230 1784
f 1778 4224 1784
f 4225 4224 1778
f 1779 4225 1778
f 4223 4225 1779
f 1818 4223 1779
f 4226 4223 1818
f 1817 4226 1818
f 4231 4226 1817
f 1780 4231 1817
f 4221 1789 1790
f 1780 1790 1789
f 1785 1790 1780
f 1787 1790 1785
f 1788 1786 1785
f 1787 1785 1786
f 4235 4234 4233
f 4236 4233 4234
f 4239 4238 4237
f 4240 4237 4238
f 4233 4240 4238
f 4235 4233 4238
f 4234 1788 4236
f 1786 4234 1788
f 4235 4234 1786
f 1787 4235 1786
f 4238 4235 1787
f 1790 4238 1787
f 4239 4238 1790
f 4221 4239 1790
f 4237 4239 4221
f 1789 4237 4221
f 4240 4237 1789
f 1780 4240 1789
f 4233 4240 1780
f 1785 4233 1780
f 4236 4233 1785
f 1788 4236 1785
f 1794 1792 1793
f 1795 1793 1792
f 4241 1793 1795
f 1798 4241 1795
f 4244 4243 4242
f 4245 4242 4243
f 4246 4245 4243
f 4247 4245 4246
f 4243 4241 4246
f 1793 4243 4241
f 4244 4243 1793
f 1794 4244 1793
f 4242 4244 1794
f 1792 4242 1794
f 4245 4242 1792
f 1795 4245 1792
f 4247 4245 1795
f 1798 4247 1795
f 4246 4247 1798
f 4241 4246 1798
f 1793 4241 1800
f 4248 1800 4241
f 1801 1800 4248
f 4249 1800 1801
f 4243 4250 4246
f 4251 4246 4250
f 4252 4251 4250
f 4253 4252 4250
f 4250 4249 4253
f 1800 4250 4249
f 4243 4250 1800
f 1793 4243 1800
f 4246 4243 1793
f 4241 4246 1793
f 4251 4246 4241
f 4248 4251 4241
f 4252 4251 4248
f 1801 4252 4248
f 4253 4252 1801
f 4249 4253 1801
f 1805 1803 1804
f 1806 1804 1803
f 4256 4255 4254
f 4257 4254 4255
f 4255 1806 4257
f 1804 4255 1806
f 4256 4255 1804
f 1805 4256 1804
f 4254 4256 1805
f 1803 4254 1805
f 4257 4254 1803
f 1806 4257 1803
f 1809 1808 1805
f 1803 1805 1808
f 1811 1803 1808
f 4259 4256 4258
f 4254 4258 4256
f 4260 4258 4254
f 4256 1803 4254
f 1805 4256 1803
f 4259 4256 1805
f 1809 4259 1805
f 4258 4259 1809
f 1808 4258 1809
f 4260 4258 1808
f 1811 4260 1808
f 4254 4260 1811
f 1803 4254 1811
f 4249 1809 1815
f 1805 1815 1809
f 1804 1815 1805
f 4261 1815 1804
f 1806 4261 1804
f 1787 1786 1790
f 1792 1790 1786
f 1795 1792 1786
f 1798 1795 1786
f 1788 1798 1786
f 4241 1798 1788
f 1813 4241 1788
f 4262 4241 1813
f 4248 4241 4262
f 1814 4248 4262
f 1823 4248 1814
f 1801 4248 1823
f 4249 1801 1823
f 1812 4249 1823
f 1809 4249 1812
f 1808 1809 1812
f 1811 1808 1812
f 4265 4264 4263
f 4266 4263 4264
f 4267 4263 4266
f 4268 4263 4267
f 4269 4263 4268
f 4270 4269 4268
f 4271 4269 4270
f 4272 4271 4270
f 4273 4272 4270
f 4274 4272 4273
f 4275 4274 4273
f 4276 4275 4273
f 4277 4275 4276
f 4278 4275 4277
f 4279 4278 4277
f 4280 4278 4279
f 4281 4278 4280
f 4277 4282 4279
f 4283 4279 4282
f 4284 4283 4282
f 4285 4284 4282
f 4286 4284 4285
f 4280 1811 4281
f 1808 4280 1811
f 4279 4280 1808
f 1809 4279 1808
f 4283 4279 1809
f 1805 4283 1809
f 4284 4283 1805
f 1804 4284 1805
f 4286 4284 1804
f 1806 4286 1804
f 4285 4286 1806
f 4261 4285 1806
f 4282 4285 4261
f 1815 4282 4261
f 4277 4282 1815
f 4249 4277 1815
f 4276 4277 4249
f 1801 4276 4249
f 4273 4276 1801
f 4248 4273 1801
f 4270 4273 4248
f 4241 4270 4248
f 4268 4270 4241
f 1798 4268 4241
f 4267 4268 1798
f 1795 4267 1798
f 4266 4267 1795
f 1792 4266 1795
f 4264 4266 1792
f 1790 4264 1792
f 4265 4264 1790
f 1787 4265 1790
f 4263 4265 1787
f 1786 4263 1787
f 4269 4263 1786
f 1788 4269 1786
f 4271 4269 1788
f 1813 4271 1788
f 4272 4271 1813
f 4262 4272 1813
f 4274 4272 4262
f 1814 4274 4262
f 4275 4274 1814
f 1823 4275 1814
f 4278 4275 1823
f 1812 4278 1823
f 4281 4278 1812
f 1811 4281 1812
f 1818 1816 1817
f 1819 1817 1816
f 1820 1817 1819
f 1821 1817 1820
f 1780 1817 1821
f 1785 1780 1821
f 4223 4226 4287
f 4288 4287 4226
f 4289 4288 4226
f 4290 4289 4226
f 4231 4290 4226
f 4291 4290 4231
f 4290 1820 4289
f 1821 4290 1820
f 4291 4290 1821
f 1785 4291 1821
f 4231 4291 1785
f 1780 4231 1785
f 4226 4231 1780
f 1817 4226 1780
f 4223 4226 1817
f 1818 4223 1817
f 4287 4223 1818
f 1816 4287 1818
f 4288 4287 1816
f 1819 4288 1816
f 4289 4288 1819
f 1820 4289 1819
f 1785 1821 1788
f 1820 1788 1821
f 1813 1788 1820
f 1823 1813 1820
f 4262 1813 1823
f 1814 4262 1823
f 4233 4236 4292
f 4293 4292 4236
f 4294 4293 4236
f 4295 4293 4294
f 4296 4295 4294
f 4297 4295 4296
f 4297 1823 4295
f 1814 4297 1823
f 4296 4297 1814
f 4262 4296 1814
f 4294 4296 4262
f 1813 4294 4262
f 4236 4294 1813
f 1788 4236 1813
f 4233 4236 1788
f 1785 4233 1788
f 4292 4233 1785
f 1821 4292 1785
f 4293 4292 1821
f 1820 4293 1821
f 4295 4293 1820
f 1823 4295 1820
f 1826 1825 1765
f 1769 1765 1825
f 1771 1769 1825
f 1835 1771 1825
f 1831 1771 1835
f 1827 1771 1831
f 1833 1771 1827
f 1828 1771 1833
f 1770 1771 1772
f 1774 1772 1771
f 1775 1774 1771
f 1828 1775 1771
f 1779 1775 1828
f 1778 1775 1779
f 1776 1775 1778
f 4222 1776 1778
f 1784 4222 1778
f 1782 4222 1784
f 1828 1834 1779
f 1818 1779 1834
f 1816 1818 1834
f 1829 1816 1834
f 1819 1816 1829
f 4300 4299 4298
f 4301 4298 4299
f 4302 4298 4301
f 4303 4298 4302
f 4304 4303 4302
f 4305 4304 4302
f 4306 4305 4302
f 4307 4306 4302
f 4307 4309 4308
f 4310 4308 4309
f 4311 4308 4310
f 4312 4308 4311
f 4313 4312 4311
f 4315 4314 4302
f 4316 4302 4314
f 4317 4302 4316
f 4307 4302 4317
f 4309 4307 4317
f 4318 4309 4317
f 4319 4318 4317
f 4320 4318 4319
f 4321 4318 4320
f 4322 4321 4320
f 4311 1819 4313
f 1816 4311 1819
f 4310 4311 1816
f 1818 4310 1816
f 4309 4310 1818
f 1779 4309 1818
f 4318 4309 1779
f 1778 4318 1779
f 4321 4318 1778
f 1784 4321 1778
f 4322 4321 1784
f 1782 4322 1784
f 4320 4322 1782
f 4222 4320 1782
f 4319 4320 4222
f 1776 4319 4222
f 4317 4319 1776
f 1775 4317 1776
f 4316 4317 1775
f 1774 4316 1775
f 4314 4316 1774
f 1772 4314 1774
f 4315 4314 1772
f 1770 4315 1772
f 4302 4315 1770
f 1771 4302 1770
f 4301 4302 1771
f 1769 4301 1771
f 4299 4301 1769
f 1765 4299 1769
f 4300 4299 1765
f 1826 4300 1765
f 4298 4300 1826
f 1825 4298 1826
f 4303 4298 1825
f 1835 4303 1825
f 4304 4303 1835
f 1831 4304 1835
f 4305 4304 1831
f 1827 4305 1831
f 4306 4305 1827
f 1833 4306 1827
f 4307 4306 1833
f 1828 4307 1833
f 4308 4307 1828
f 1834 4308 1828
f 4312 4308 1834
f 1829 4312 1834
f 4313 4312 1829
f 1819 4313 1829
f 1832 1828 1831
f 1833 1831 1828
f 1827 1831 1833
f 4325 4324 4323
f 4326 4323 4324
f 4327 4326 4324
f 4326 1828 4323
f 1833 4326 1828
f 4327 4326 1833
f 1827 4327 1833
f 4324 4327 1827
f 1831 4324 1827
f 4325 4324 1831
f 1832 4325 1831
f 4323 4325 1832
f 1828 4323 1832
f 1825 1832 1835
f 1831 1835 1832
f 4329 4328 4325
f 4324 4325 4328
f 4328 1831 4324
f 1835 4328 1831
f 4329 4328 1835
f 1825 4329 1835
f 4325 4329 1825
f 1832 4325 1825
f 4324 4325 1832
f 1831 4324 1832
f 2956 1718 967
f 4330 967 1718
f 963 4330 1718
f 1721 4330 963
f 4331 1721 963
f 1718 4332 963
f 962 963 4332
f 965 962 4332
f 966 965 4332
f 964 966 4332
f 2961 4334 4333
f 4335 4333 4334
f 4336 4333 4335
f 4337 4333 4336
f 4338 4333 4337
f 2959 4339 2961
f 4340 2961 4339
f 4334 2961 4340
f 4341 4334 4340
f 4342 4334 4341
f 4338 4332 4333
f 964 4338 4332
f 4337 4338 964
f 966 4337 964
f 4336 4337 966
f 965 4336 966
f 4335 4336 965
f 962 4335 965
f 4334 4335 962
f 963 4334 962
f 4342 4334 963
f 4331 4342 963
f 4341 4342 4331
f 1721 4341 4331
f 4340 4341 1721
f 4330 4340 1721
f 4339 4340 4330
f 967 4339 4330
f 2959 4339 967
f 2956 2959 967
f 2961 2959 2956
f 1718 2961 2956
f 4333 2961 1718
f 4332 4333 1718
f 2956 1718 967
f 4330 967 1718
f 963 4330 1718
f 1721 4330 963
f 4331 1721 963
f 1718 4332 963
f 962 963 4332
f 965 962 4332
f 966 965 4332
f 964 966 4332
f 4345 4344 4343
f 4346 4343 4344
f 4347 4343 4346
f 4348 4343 4347
f 4349 4343 4348
f 4162 4165 4345
f 4350 4345 4165
f 4344 4345 4350
f 4351 4344 4350
f 4352 4344 4351
f 4349 4332 4343
f 964 4349 4332
f 4348 4349 964
f 966 4348 964
f 4347 4348 966
f 965 4347 966
f 4346 4347 965
f 962 4346 965
f 4344 4346 962
f 963 4344 962
f 4352 4344 963
f 4331 4352 963
f 4351 4352 4331
f 1721 4351 4331
f 4350 4351 1721
f 4330 4350 1721
f 4165 4350 4330
f 967 4165 4330
f 4162 4165 967
f 2956 4162 967
f 4345 4162 2956
f 1718 4345 2956
f 4343 4345 1718
f 4332 4343 1718
f 4330 1721 4353
f 4341 4340 4354
f 4340 4353 4354
f 4330 4340 4353
f 4341 4340 4330
f 1721 4341 4330
f 4354 4341 1721
f 4353 4354 1721
f 4330 1721 4353
f 4357 4356 4355
f 4356 4353 4355
f 4330 4356 4353
f 4357 4356 4330
f 1721 4357 4330
f 4355 4357 1721
f 4353 4355 1721
f 2957 961 1718
f 4332 1718 961
f 1721 4331 4353
f 969 4353 4331
f 2958 2961 4358
f 4333 4358 2961
f 4341 4354 4342
f 4359 4342 4354
f 2961 4332 4333
f 1718 2961 4332
f 2958 2961 1718
f 2957 2958 1718
f 4358 2958 2957
f 961 4358 2957
f 4333 4358 961
f 4332 4333 961
f 4354 969 4359
f 4353 4354 969
f 4341 4354 4353
f 1721 4341 4353
f 4342 4341 1721
f 4331 4342 1721
f 4359 4342 4331
f 969 4359 4331
f 2957 961 1718
f 4332 1718 961
f 1721 4331 4353
f 969 4353 4331
f 4195 4360 4196
f 4361 4196 4360
f 4364 4363 4362
f 4365 4362 4363
f 4360 4332 4361
f 1718 4360 4332
f 4195 4360 1718
f 2957 4195 1718
f 4196 4195 2957
f 961 4196 2957
f 4361 4196 961
f 4332 4361 961
f 4363 969 4365
f 4353 4363 969
f 4364 4363 4353
f 1721 4364 4353
f 4362 4364 1721
f 4331 4362 1721
f 4365 4362 4331
f 969 4365 4331
f 4161 967 4330
f 4368 4367 4366
f 4368 4161 4367
f 967 4368 4161
f 4366 4368 967
f 4330 4366 967
f 4367 4366 4330
f 4161 4367 4330
f 4161 967 4330
f 4165 4166 4350
f 4165 4161 4166
f 967 4165 4161
f 4350 4165 967
f 4330 4350 967
f 4166 4350 4330
f 4161 4166 4330
f 4161 4330 2962
f 4353 2962 4330
f 4369 2962 4353
f 971 2962 4369
f 1725 2962 971
f 4370 1725 971
f 4367 2966 4366
f 4371 4366 2966
f 4372 4371 2966
f 4373 4372 2966
f 2964 4373 2966
f 4374 4373 2964
f 4373 4369 4372
f 971 4373 4369
f 4374 4373 971
f 4370 4374 971
f 2964 4374 4370
f 1725 2964 4370
f 2966 2964 1725
f 2962 2966 1725
f 4367 2966 2962
f 4161 4367 2962
f 4366 4367 4161
f 4330 4366 4161
f 4371 4366 4330
f 4353 4371 4330
f 4372 4371 4353
f 4369 4372 4353
f 4161 4330 2962
f 4353 2962 4330
f 4369 2962 4353
f 971 2962 4369
f 1725 2962 971
f 4370 1725 971
f 4167 4170 4356
f 4355 4356 4170
f 4375 4355 4170
f 4376 4375 4170
f 4377 4376 4170
f 4378 4376 4377
f 4376 4369 4375
f 971 4376 4369
f 4378 4376 971
f 4370 4378 971
f 4377 4378 4370
f 1725 4377 4370
f 4170 4377 1725
f 2962 4170 1725
f 4167 4170 2962
f 4161 4167 2962
f 4356 4167 4161
f 4330 4356 4161
f 4355 4356 4330
f 4353 4355 4330
f 4375 4355 4353
f 4369 4375 4353
f 4353 969 4369
f 4370 4379 1725
f 2963 1725 4379
f 974 2963 4379
f 4380 4371 4372
f 4374 2964 4381
f 2968 4381 2964
f 4382 4381 2968
f 4371 4369 4372
f 4353 4371 4369
f 4380 4371 4353
f 969 4380 4353
f 4372 4380 969
f 4369 4372 969
f 2964 2963 2968
f 1725 2964 2963
f 4374 2964 1725
f 4370 4374 1725
f 4381 4374 4370
f 4379 4381 4370
f 4382 4381 4379
f 974 4382 4379
f 2968 4382 974
f 2963 2968 974
f 4353 969 4369
f 4370 4379 1725
f 2963 1725 4379
f 974 2963 4379
f 4365 4363 4383
f 4386 4385 4384
f 4387 4384 4385
f 4388 4384 4387
f 4363 4369 4383
f 4353 4363 4369
f 4365 4363 4353
f 969 4365 4353
f 4383 4365 969
f 4369 4383 969
f 4385 2963 4387
f 1725 4385 2963
f 4386 4385 1725
f 4370 4386 1725
f 4384 4386 4370
f 4379 4384 4370
f 4388 4384 4379
f 974 4388 4379
f 4387 4388 974
f 2963 4387 974
f 1752 4390 4389
f 978 4389 4390
f 4393 4392 4391
f 4394 4391 4392
f 4392 978 4394
f 4389 4392 978
f 4393 4392 4389
f 1752 4393 4389
f 4391 4393 1752
f 4390 4391 1752
f 4394 4391 4390
f 978 4394 4390
f 1752 4390 4389
f 978 4389 4390
f 4397 4396 4395
f 4398 4395 4396
f 4396 978 4398
f 4389 4396 978
f 4397 4396 4389
f 1752 4397 4389
f 4395 4397 1752
f 4390 4395 1752
f 4398 4395 4390
f 978 4398 4390
f 2970 1752 4389
f 2969 975 2970
f 1752 2970 975
f 4390 1752 975
f 2971 2974 4399
f 4393 4399 2974
f 4391 4399 4393
f 4393 2974 4392
f 4393 4390 4391
f 1752 4393 4390
f 4392 4393 1752
f 4389 4392 1752
f 2974 4392 4389
f 2970 2974 4389
f 2971 2974 2970
f 2969 2971 2970
f 4399 2971 2969
f 975 4399 2969
f 4391 4399 975
f 4390 4391 975
f 2970 1752 4389
f 2969 975 2970
f 1752 2970 975
f 4390 1752 975
f 2971 2974 4399
f 4393 4399 2974
f 4391 4399 4393
f 4393 2974 4392
f 4393 4390 4391
f 1752 4393 4390
f 4392 4393 1752
f 4389 4392 1752
f 2974 4392 4389
f 2970 2974 4389
f 2971 2974 2970
f 2969 2971 2970
f 4399 2971 2969
f 975 4399 2969
f 4391 4399 975
f 4390 4391 975
f 2975 2976 2978
f 2977 2978 2976
f 4400 2977 2976
f 4401 2977 4400
f 2980 2985 2982
f 2983 2982 2985
f 4402 2982 2983
f 4403 4402 2983
f 4403 4400 4402
f 4401 4403 4400
f 2983 4403 4401
f 2977 2983 4401
f 2985 2983 2977
f 2978 2985 2977
f 2980 2985 2978
f 2975 2980 2978
f 2982 2980 2975
f 2976 2982 2975
f 4402 2982 2976
f 4400 4402 2976
f 2975 2976 2978
f 2977 2978 2976
f 4400 2977 2976
f 4401 2977 4400
f 2980 2985 2982
f 2983 2982 2985
f 4402 2982 2983
f 4403 4402 2983
f 4403 4400 4402
f 4401 4403 4400
f 2983 4403 4401
f 2977 2983 4401
f 2985 2983 2977
f 2978 2985 2977
f 2980 2985 2978
f 2975 2980 2978
f 2982 2980 2975
f 2976 2982 2975
f 4402 2982 2976
f 4400 4402 2976
f 4401 4400 982
f 4402 4403 4404
f 4403 982 4404
f 4401 4403 982
f 4402 4403 4401
f 4400 4402 4401
f 4404 4402 4400
f 982 4404 4400
f 4401 4400 982
f 4407 4406 4405
f 4406 982 4405
f 4401 4406 982
f 4407 4406 4401
f 4400 4407 4401
f 4405 4407 4400
f 982 4405 4400
f 4408 996 1732
f 983 1732 996
f 1735 1732 983
f 985 1735 983
f 1737 1735 985
f 984 1737 985
f 4409 1737 984
f 986 984 985
f 987 986 985
f 4410 987 985
f 4411 4410 985
f 4412 4411 985
f 4415 4414 4413
f 4174 4413 4414
f 4416 4174 4414
f 4177 4174 4416
f 4417 4177 4416
f 4418 4177 4417
f 4419 4418 4417
f 4420 4177 4418
f 4421 4177 4420
f 4422 4177 4421
f 4423 4177 4422
f 4424 4177 4423
f 4424 985 4177
f 4412 4424 985
f 4423 4424 4412
f 4411 4423 4412
f 4422 4423 4411
f 4410 4422 4411
f 4421 4422 4410
f 987 4421 4410
f 4420 4421 987
f 986 4420 987
f 4418 4420 986
f 984 4418 986
f 4419 4418 984
f 4409 4419 984
f 4417 4419 4409
f 1737 4417 4409
f 4416 4417 1737
f 1735 4416 1737
f 4414 4416 1735
f 1732 4414 1735
f 4415 4414 1732
f 4408 4415 1732
f 4413 4415 4408
f 996 4413 4408
f 4174 4413 996
f 983 4174 996
f 4177 4174 983
f 985 4177 983
f 4408 996 1732
f 983 1732 996
f 1735 1732 983
f 985 1735 983
f 1737 1735 985
f 984 1737 985
f 4409 1737 984
f 986 984 985
f 987 986 985
f 4410 987 985
f 4411 4410 985
f 4412 4411 985
f 4415 4414 4413
f 4174 4413 4414
f 4416 4174 4414
f 4177 4174 4416
f 4417 4177 4416
f 4418 4177 4417
f 4419 4418 4417
f 4420 4177 4418
f 4421 4177 4420
f 4422 4177 4421
f 4423 4177 4422
f 4424 4177 4423
f 4424 985 4177
f 4412 4424 985
f 4423 4424 4412
f 4411 4423 4412
f 4422 4423 4411
f 4410 4422 4411
f 4421 4422 4410
f 987 4421 4410
f 4420 4421 987
f 986 4420 987
f 4418 4420 986
f 984 4418 986
f 4419 4418 984
f 4409 4419 984
f 4417 4419 4409
f 1737 4417 4409
f 4416 4417 1737
f 1735 4416 1737
f 4414 4416 1735
f 1732 4414 1735
f 4415 4414 1732
f 4408 4415 1732
f 4413 4415 4408
f 996 4413 4408
f 4174 4413 996
f 983 4174 996
f 4177 4174 983
f 985 4177 983
f 4390 1732 978
f 1735 978 1732
f 1737 978 1735
f 4409 978 1737
f 989 4411 4412
f 4391 4394 4414
f 4416 4414 4394
f 4417 4416 4394
f 4419 4417 4394
f 4423 4425 4424
f 4394 4409 4419
f 978 4394 4409
f 4391 4394 978
f 4390 4391 978
f 4414 4391 4390
f 1732 4414 4390
f 4416 4414 1732
f 1735 4416 1732
f 4417 4416 1735
f 1737 4417 1735
f 4419 4417 1737
f 4409 4419 1737
f 4425 4412 4424
f 989 4425 4412
f 4423 4425 989
f 4411 4423 989
f 4424 4423 4411
f 4412 4424 4411
f 4390 1732 978
f 1735 978 1732
f 1737 978 1735
f 4409 978 1737
f 989 4411 4412
f 4395 4398 4426
f 4427 4426 4398
f 4428 4427 4398
f 4429 4428 4398
f 4432 4431 4430
f 4398 4409 4429
f 978 4398 4409
f 4395 4398 978
f 4390 4395 978
f 4426 4395 4390
f 1732 4426 4390
f 4427 4426 1732
f 1735 4427 1732
f 4428 4427 1735
f 1737 4428 1735
f 4429 4428 1737
f 4409 4429 1737
f 4431 4412 4430
f 989 4431 4412
f 4432 4431 989
f 4411 4432 989
f 4430 4432 4411
f 4412 4430 4411
f 975 4408 4390
f 1732 4390 4408
f 4399 4391 4415
f 4414 4415 4391
f 4391 1732 4414
f 4390 4391 1732
f 4399 4391 4390
f 975 4399 4390
f 4415 4399 975
f 4408 4415 975
f 4414 4415 4408
f 1732 4414 4408
f 975 4408 4390
f 1732 4390 4408
f 4399 4391 4415
f 4414 4415 4391
f 4391 1732 4414
f 4390 4391 1732
f 4399 4391 4390
f 975 4399 4390
f 4415 4399 975
f 4408 4415 975
f 4414 4415 4408
f 1732 4414 4408
f 1733 4433 4408
f 996 4408 4433
f 4436 4435 4434
f 4437 4434 4435
f 4435 996 4437
f 4408 4435 996
f 4436 4435 4408
f 1733 4436 4408
f 4434 4436 1733
f 4433 4434 1733
f 4437 4434 4433
f 996 4437 4433
f 1733 4433 4408
f 996 4408 4433
f 4439 4415 4438
f 4413 4438 4415
f 4415 996 4413
f 4408 4415 996
f 4439 4415 4408
f 1733 4439 4408
f 4438 4439 1733
f 4433 4438 1733
f 4413 4438 4433
f 996 4413 4433
f 974 990 2963
f 1747 2963 990
f 992 1747 990
f 993 1747 992
f 1748 1747 993
f 994 1748 993
f 4440 1748 994
f 4382 2968 4441
f 2986 4441 2968
f 4442 4441 2986
f 4443 4442 2986
f 4444 4443 2986
f 4445 4443 4444
f 4446 4445 4444
f 4444 4440 4446
f 1748 4444 4440
f 2986 4444 1748
f 1747 2986 1748
f 2968 2986 1747
f 2963 2968 1747
f 4382 2968 2963
f 974 4382 2963
f 4441 4382 974
f 990 4441 974
f 4442 4441 990
f 992 4442 990
f 4443 4442 992
f 993 4443 992
f 4445 4443 993
f 994 4445 993
f 4446 4445 994
f 4440 4446 994
f 974 990 2963
f 1747 2963 990
f 992 1747 990
f 993 1747 992
f 1748 1747 993
f 994 1748 993
f 4440 1748 994
f 4388 4387 4447
f 4448 4447 4387
f 4449 4447 4448
f 4450 4449 4448
f 4451 4450 4448
f 4452 4450 4451
f 4453 4452 4451
f 4451 4440 4453
f 1748 4451 4440
f 4448 4451 1748
f 1747 4448 1748
f 4387 4448 1747
f 2963 4387 1747
f 4388 4387 2963
f 974 4388 2963
f 4447 4388 974
f 990 4447 974
f 4449 4447 990
f 992 4449 990
f 4450 4449 992
f 993 4450 992
f 4452 4450 993
f 994 4452 993
f 4453 4452 994
f 4440 4453 994
f 1747 1748 1749
f 4440 1749 1748
f 995 1749 4440
f 1750 1749 995
f 1733 1750 995
f 4433 1733 995
f 2986 2988 4444
f 4446 4444 2988
f 4454 4446 2988
f 2990 4454 2988
f 4436 4454 2990
f 4434 4454 4436
f 4436 4433 4434
f 1733 4436 4433
f 2990 4436 1733
f 1750 2990 1733
f 2988 2990 1750
f 1749 2988 1750
f 2986 2988 1749
f 1747 2986 1749
f 4444 2986 1747
f 1748 4444 1747
f 4446 4444 1748
f 4440 4446 1748
f 4454 4446 4440
f 995 4454 4440
f 4434 4454 995
f 4433 4434 995
f 1747 1748 1749
f 4440 1749 1748
f 995 1749 4440
f 1750 1749 995
f 1733 1750 995
f 4433 1733 995
f 4457 4456 4455
f 4458 4455 4456
f 4459 4458 4456
f 4460 4459 4456
f 4461 4459 4460
f 4462 4459 4461
f 4461 4433 4462
f 1733 4461 4433
f 4460 4461 1733
f 1750 4460 1733
f 4456 4460 1750
f 1749 4456 1750
f 4457 4456 1749
f 1747 4457 1749
f 4455 4457 1747
f 1748 4455 1747
f 4458 4455 1748
f 4440 4458 1748
f 4459 4458 4440
f 995 4459 4440
f 4462 4459 995
f 4433 4462 995
f 1750 1733 2969
f 975 2969 1733
f 4408 975 1733
f 2990 2991 4436
f 4463 4436 2991
f 4435 4436 4463
f 4463 4408 4435
f 975 4463 4408
f 2991 4463 975
f 2969 2991 975
f 2990 2991 2969
f 1750 2990 2969
f 4436 2990 1750
f 1733 4436 1750
f 4435 4436 1733
f 4408 4435 1733
f 1750 1733 2969
f 975 2969 1733
f 4408 975 1733
f 4464 2971 4439
f 4399 4439 2971
f 4415 4439 4399
f 4399 4408 4415
f 975 4399 4408
f 2971 4399 975
f 2969 2971 975
f 4464 2971 2969
f 1750 4464 2969
f 4439 4464 1750
f 1733 4439 1750
f 4415 4439 1733
f 4408 4415 1733
f 1726 1729 2976
f 4400 2976 1729
f 1730 4400 1729
f 4466 4465 3004
f 3006 3004 4465
f 4467 4465 4466
f 4466 1730 4467
f 4400 4466 1730
f 3004 4466 4400
f 2976 3004 4400
f 3006 3004 2976
f 1726 3006 2976
f 4465 3006 1726
f 1729 4465 1726
f 4467 4465 1729
f 1730 4467 1729
f 1726 1729 2976
f 4400 2976 1729
f 1730 4400 1729
f 4402 4468 2982
f 4469 2982 4468
f 4470 4468 4402
f 4402 1730 4470
f 4400 4402 1730
f 2982 4402 4400
f 2976 2982 4400
f 4469 2982 2976
f 1726 4469 2976
f 4468 4469 1726
f 1729 4468 1726
f 4470 4468 1729
f 1730 4470 1729
f 4412 985 1738
f 1736 1738 985
f 2992 1736 985
f 984 987 4409
f 4411 4409 987
f 986 987 984
f 4410 4411 987
f 4430 4472 4471
f 2997 4471 4472
f 2998 4471 2997
f 4432 4473 4429
f 4474 4429 4473
f 4475 4474 4473
f 4476 4473 4432
f 4472 1736 2997
f 1738 4472 1736
f 4430 4472 1738
f 4412 4430 1738
f 4471 4430 4412
f 985 4471 4412
f 2998 4471 985
f 2992 2998 985
f 2997 2998 2992
f 1736 2997 2992
f 4429 4411 4432
f 4409 4429 4411
f 4474 4429 4409
f 984 4474 4409
f 4475 4474 984
f 986 4475 984
f 4473 4475 986
f 987 4473 986
f 4476 4473 987
f 4410 4476 987
f 4432 4476 4410
f 4411 4432 4410
f 4412 985 1738
f 1736 1738 985
f 2992 1736 985
f 984 987 4409
f 4411 4409 987
f 986 987 984
f 4410 4411 987
f 4424 4477 4177
f 4478 4177 4477
f 4176 4177 4478
f 4423 4421 4419
f 4418 4419 4421
f 4420 4418 4421
f 4422 4421 4423
f 4477 1736 4478
f 1738 4477 1736
f 4424 4477 1738
f 4412 4424 1738
f 4177 4424 4412
f 985 4177 4412
f 4176 4177 985
f 2992 4176 985
f 4478 4176 2992
f 1736 4478 2992
f 4419 4411 4423
f 4409 4419 4411
f 4418 4419 4409
f 984 4418 4409
f 4420 4418 984
f 986 4420 984
f 4421 4420 986
f 987 4421 986
f 4422 4421 987
f 4410 4422 987
f 4423 4422 4410
f 4411 4423 4410
f 1756 1002 2995
f 1006 2995 1002
f 1007 2995 1006
f 1008 2995 1007
f 4389 978 1751
f 1726 1751 978
f 1729 1726 978
f 1730 1729 978
f 4409 1730 978
f 4411 1730 4409
f 989 1730 4411
f 1753 1730 989
f 1754 1753 989
f 4412 1754 989
f 1738 1754 4412
f 1736 1754 1738
f 4479 1754 1736
f 1755 4479 1736
f 1756 1755 1736
f 2993 1756 1736
f 1003 1756 2993
f 1002 1756 1003
f 1013 1002 1003
f 1004 1013 1003
f 4396 3005 4398
f 3006 4398 3005
f 4465 4398 3006
f 4467 4398 4465
f 4429 4398 4467
f 4432 4429 4467
f 4431 4432 4467
f 4480 4431 4467
f 4481 4431 4480
f 4430 4431 4481
f 4472 4430 4481
f 2997 4472 4481
f 4482 2997 4481
f 4483 2997 4482
f 3007 2997 4483
f 2999 2997 3007
f 4198 2999 3007
f 4484 4198 3007
f 4485 4198 4484
f 4200 4198 4485
f 3007 3010 4484
f 4486 4484 3010
f 4205 4486 3010
f 4202 4205 3010
f 4485 1004 4200
f 1013 4485 1004
f 4484 4485 1013
f 1002 4484 1013
f 4486 4484 1002
f 1006 4486 1002
f 4205 4486 1006
f 1007 4205 1006
f 4202 4205 1007
f 1008 4202 1007
f 3010 4202 1008
f 2995 3010 1008
f 3007 3010 2995
f 1756 3007 2995
f 4483 3007 1756
f 1755 4483 1756
f 4482 4483 1755
f 4479 4482 1755
f 4481 4482 4479
f 1754 4481 4479
f 4480 4481 1754
f 1753 4480 1754
f 4467 4480 1753
f 1730 4467 1753
f 4465 4467 1730
f 1729 4465 1730
f 3006 4465 1729
f 1726 3006 1729
f 3005 3006 1726
f 1751 3005 1726
f 4396 3005 1751
f 4389 4396 1751
f 4398 4396 4389
f 978 4398 4389
f 4429 4398 978
f 4409 4429 978
f 4432 4429 4409
f 4411 4432 4409
f 4431 4432 4411
f 989 4431 4411
f 4430 4431 989
f 4412 4430 989
f 4472 4430 4412
f 1738 4472 4412
f 2997 4472 1738
f 1736 2997 1738
f 2999 2997 1736
f 2993 2999 1736
f 4198 2999 2993
f 1003 4198 2993
f 4200 4198 1003
f 1004 4200 1003
f 1756 1002 2995
f 1006 2995 1002
f 1007 2995 1006
f 1008 2995 1007
f 4389 978 1751
f 1726 1751 978
f 1729 1726 978
f 1730 1729 978
f 4409 1730 978
f 4411 1730 4409
f 989 1730 4411
f 1753 1730 989
f 1754 1753 989
f 4412 1754 989
f 1738 1754 4412
f 1736 1754 1738
f 4479 1754 1736
f 1755 4479 1736
f 1756 1755 1736
f 2993 1756 1736
f 1003 1756 2993
f 1002 1756 1003
f 1013 1002 1003
f 1004 1013 1003
f 4396 3005 4398
f 3006 4398 3005
f 4465 4398 3006
f 4467 4398 4465
f 4429 4398 4467
f 4432 4429 4467
f 4431 4432 4467
f 4480 4431 4467
f 4481 4431 4480
f 4430 4431 4481
f 4472 4430 4481
f 2997 4472 4481
f 4482 2997 4481
f 4483 2997 4482
f 3007 2997 4483
f 2999 2997 3007
f 4198 2999 3007
f 4484 4198 3007
f 4485 4198 4484
f 4200 4198 4485
f 3007 3010 4484
f 4486 4484 3010
f 4205 4486 3010
f 4202 4205 3010
f 4485 1004 4200
f 1013 4485 1004
f 4484 4485 1013
f 1002 4484 1013
f 4486 4484 1002
f 1006 4486 1002
f 4205 4486 1006
f 1007 4205 1006
f 4202 4205 1007
f 1008 4202 1007
f 3010 4202 1008
f 2995 3010 1008
f 3007 3010 2995
f 1756 3007 2995
f 4483 3007 1756
f 1755 4483 1756
f 4482 4483 1755
f 4479 4482 1755
f 4481 4482 4479
f 1754 4481 4479
f 4480 4481 1754
f 1753 4480 1754
f 4467 4480 1753
f 1730 4467 1753
f 4465 4467 1730
f 1729 4465 1730
f 3006 4465 1729
f 1726 3006 1729
f 3005 3006 1726
f 1751 3005 1726
f 4396 3005 1751
f 4389 4396 1751
f 4398 4396 4389
f 978 4398 4389
f 4429 4398 978
f 4409 4429 978
f 4432 4429 4409
f 4411 4432 4409
f 4431 4432 4411
f 989 4431 4411
f 4430 4431 989
f 4412 4430 989
f 4472 4430 4412
f 1738 4472 4412
f 2997 4472 1738
f 1736 2997 1738
f 2999 2997 1736
f 2993 2999 1736
f 4198 2999 2993
f 1003 4198 2993
f 4200 4198 1003
f 1004 4200 1003
f 4400 1730 982
f 4487 982 1730
f 1753 4487 1730
f 998 4487 1753
f 1754 998 1753
f 4479 998 1754
f 4488 998 4479
f 4489 1755 1012
f 1756 1012 1755
f 999 1012 1756
f 2994 999 1756
f 4466 4490 4467
f 4491 4467 4490
f 4480 4467 4491
f 4492 4480 4491
f 4481 4480 4492
f 4482 4481 4492
f 4493 4482 4492
f 4495 4494 4483
f 3007 4483 4494
f 4496 3007 4494
f 3009 3007 4496
f 4493 4479 4482
f 4488 4493 4479
f 4492 4493 4488
f 998 4492 4488
f 4491 4492 998
f 4487 4491 998
f 4490 4491 4487
f 982 4490 4487
f 4466 4490 982
f 4400 4466 982
f 4467 4466 4400
f 1730 4467 4400
f 4480 4467 1730
f 1753 4480 1730
f 4481 4480 1753
f 1754 4481 1753
f 4482 4481 1754
f 4479 4482 1754
f 3009 1756 3007
f 2994 3009 1756
f 4496 3009 2994
f 999 4496 2994
f 4494 4496 999
f 1012 4494 999
f 4495 4494 1012
f 4489 4495 1012
f 4483 4495 4489
f 1755 4483 4489
f 3007 4483 1755
f 1756 3007 1755
f 4400 1730 982
f 4487 982 1730
f 1753 4487 1730
f 998 4487 1753
f 1754 998 1753
f 4479 998 1754
f 4488 998 4479
f 4489 1755 1012
f 1756 1012 1755
f 999 1012 1756
f 2994 999 1756
f 4407 4405 4497
f 4498 4497 4405
f 4499 4497 4498
f 4500 4499 4498
f 4501 4499 4500
f 4502 4501 4500
f 4503 4502 4500
f 4506 4505 4504
f 4507 4504 4505
f 4508 4507 4505
f 3017 4507 4508
f 4503 4479 4502
f 4488 4503 4479
f 4500 4503 4488
f 998 4500 4488
f 4498 4500 998
f 4487 4498 998
f 4405 4498 4487
f 982 4405 4487
f 4407 4405 982
f 4400 4407 982
f 4497 4407 4400
f 1730 4497 4400
f 4499 4497 1730
f 1753 4499 1730
f 4501 4499 1753
f 1754 4501 1753
f 4502 4501 1754
f 4479 4502 1754
f 3017 1756 4507
f 2994 3017 1756
f 4508 3017 2994
f 999 4508 2994
f 4505 4508 999
f 1012 4505 999
f 4506 4505 1012
f 4489 4506 1012
f 4504 4506 4489
f 1755 4504 4489
f 4507 4504 1755
f 1756 4507 1755
f 4479 1755 4488
f 4489 4488 1755
f 4482 4493 4483
f 4495 4483 4493
f 4495 1755 4483
f 4489 4495 1755
f 4493 4495 4489
f 4488 4493 4489
f 4482 4493 4488
f 4479 4482 4488
f 4483 4482 4479
f 1755 4483 4479
f 4479 1755 4488
f 4489 4488 1755
f 4511 4510 4509
f 4512 4509 4510
f 4512 1755 4509
f 4489 4512 1755
f 4510 4512 4489
f 4488 4510 4489
f 4511 4510 4488
f 4479 4511 4488
f 4509 4511 4479
f 1755 4509 4479
f 2970 4389 1751
f 4396 3003 3005
f 3003 1751 3005
f 2970 3003 1751
f 4396 3003 2970
f 4389 4396 2970
f 3005 4396 4389
f 1751 3005 4389
f 2970 4389 1751
f 4392 2974 4513
f 2974 1751 4513
f 2970 2974 1751
f 4392 2974 2970
f 4389 4392 2970
f 4513 4392 4389
f 1751 4513 4389
f 1727 2977 4401
f 3012 3015 4406
f 3012 1727 3015
f 2977 3012 1727
f 4406 3012 2977
f 4401 4406 2977
f 3015 4406 4401
f 1727 3015 4401
f 1727 2977 4401
f 2983 4514 4403
f 2983 1727 4514
f 2977 2983 1727
f 4403 2983 2977
f 4401 4403 2977
f 4514 4403 4401
f 1727 4514 4401
f 1727 4401 1760
f 982 1760 4401
f 4487 1760 982
f 2994 1760 4487
f 1761 2994 4487
f 998 1761 4487
f 1762 1761 998
f 4488 1762 998
f 1764 1761 1762
f 4489 2994 1761
f 1012 2994 4489
f 999 2994 1012
f 3015 3016 4406
f 4405 4406 3016
f 4498 4405 3016
f 3017 4498 3016
f 4515 4498 3017
f 4500 4498 4515
f 4516 4500 4515
f 4503 4500 4516
f 4517 4516 4515
f 4506 4515 3017
f 4505 4506 3017
f 4508 4505 3017
f 4516 4488 4503
f 1762 4516 4488
f 4517 4516 1762
f 1764 4517 1762
f 4515 4517 1764
f 1761 4515 1764
f 4506 4515 1761
f 4489 4506 1761
f 4505 4506 4489
f 1012 4505 4489
f 4508 4505 1012
f 999 4508 1012
f 3017 4508 999
f 2994 3017 999
f 3016 3017 2994
f 1760 3016 2994
f 3015 3016 1760
f 1727 3015 1760
f 4406 3015 1727
f 4401 4406 1727
f 4405 4406 4401
f 982 4405 4401
f 4498 4405 982
f 4487 4498 982
f 4500 4498 4487
f 998 4500 4487
f 4503 4500 998
f 4488 4503 998
f 1727 4401 1760
f 982 1760 4401
f 4487 1760 982
f 2994 1760 4487
f 1761 2994 4487
f 998 1761 4487
f 1762 1761 998
f 4488 1762 998
f 1764 1761 1762
f 4489 2994 1761
f 1012 2994 4489
f 999 2994 1012
f 3015 3016 4406
f 4405 4406 3016
f 4498 4405 3016
f 3017 4498 3016
f 4515 4498 3017
f 4500 4498 4515
f 4516 4500 4515
f 4503 4500 4516
f 4517 4516 4515
f 4506 4515 3017
f 4505 4506 3017
f 4508 4505 3017
f 4516 4488 4503
f 1762 4516 4488
f 4517 4516 1762
f 1764 4517 1762
f 4515 4517 1764
f 1761 4515 1764
f 4506 4515 1761
f 4489 4506 1761
f 4505 4506 4489
f 1012 4505 4489
f 4508 4505 1012
f 999 4508 1012
f 3017 4508 999
f 2994 3017 999
f 3016 3017 2994
f 1760 3016 2994
f 3015 3016 1760
f 1727 3015 1760
f 4406 3015 1727
f 4401 4406 1727
f 4405 4406 4401
f 982 4405 4401
f 4498 4405 982
f 4487 4498 982
f 4500 4498 4487
f 998 4500 4487
f 4503 4500 998
f 4488 4503 998
f 4488 4489 1762
f 1764 1762 4489
f 1761 1764 4489
f 4503 4516 4506
f 4517 4506 4516
f 4515 4506 4517
f 4515 4489 4506
f 1761 4515 4489
f 4517 4515 1761
f 1764 4517 1761
f 4516 4517 1764
f 1762 4516 1764
f 4503 4516 1762
f 4488 4503 1762
f 4506 4503 4488
f 4489 4506 4488
f 4488 4489 1762
f 1764 1762 4489
f 1761 1764 4489
f 4510 4518 4512
f 4519 4512 4518
f 4520 4512 4519
f 4520 4489 4512
f 1761 4520 4489
f 4519 4520 1761
f 1764 4519 1761
f 4518 4519 1764
f 1762 4518 1764
f 4510 4518 1762
f 4488 4510 1762
f 4512 4510 4488
f 4489 4512 4488
f 1002 1013 1006
f 1004 1006 1013
f 3020 1006 1004
f 3019 3020 1004
f 4523 4522 4521
f 4524 4521 4522
f 3022 4524 4522
f 3023 4524 3022
f 3022 3019 3023
f 3020 3022 3019
f 4522 3022 3020
f 1006 4522 3020
f 4523 4522 1006
f 1002 4523 1006
f 4521 4523 1002
f 1013 4521 1002
f 4524 4521 1013
f 1004 4524 1013
f 3023 4524 1004
f 3019 3023 1004
f 1002 1013 1006
f 1004 1006 1013
f 3020 1006 1004
f 3019 3020 1004
f 4484 4486 4485
f 4200 4485 4486
f 4525 4200 4486
f 4201 4200 4525
f 4525 3019 4201
f 3020 4525 3019
f 4486 4525 3020
f 1006 4486 3020
f 4484 4486 1006
f 1002 4484 1006
f 4485 4484 1002
f 1013 4485 1002
f 4200 4485 1013
f 1004 4200 1013
f 4201 4200 1004
f 3019 4201 1004
f 4433 1731 996
f 983 996 1731
f 4172 983 1731
f 4434 4437 4526
f 4527 4526 4437
f 4528 4526 4527
f 4437 983 4527
f 996 4437 983
f 4434 4437 996
f 4433 4434 996
f 4526 4434 4433
f 1731 4526 4433
f 4528 4526 1731
f 4172 4528 1731
f 4527 4528 4172
f 983 4527 4172
f 4433 1731 996
f 983 996 1731
f 4172 983 1731
f 4438 4413 4529
f 4174 4529 4413
f 4175 4529 4174
f 4413 983 4174
f 996 4413 983
f 4438 4413 996
f 4433 4438 996
f 4529 4438 4433
f 1731 4529 4433
f 4175 4529 1731
f 4172 4175 1731
f 4174 4175 4172
f 983 4174 4172
f 4530 1024 1740
f 4531 1739 1016
f 3024 1016 1739
f 1021 1016 3024
f 1022 1021 3024
f 1023 1022 3024
f 1024 1023 3024
f 1740 1024 3024
f 1743 1740 3024
f 1020 1743 3024
f 1731 1743 1020
f 4172 1731 1020
f 4533 4532 3027
f 3026 3027 4532
f 4534 3026 4532
f 4535 3026 4534
f 4536 3026 4535
f 4537 3026 4536
f 4538 3026 4537
f 4539 3026 4538
f 4540 3026 4539
f 4526 4540 4539
f 4528 4540 4526
f 4537 4541 4538
f 4540 3024 3026
f 1020 4540 3024
f 4528 4540 1020
f 4172 4528 1020
f 4526 4528 4172
f 1731 4526 4172
f 4539 4526 1731
f 1743 4539 1731
f 4538 4539 1743
f 1740 4538 1743
f 4541 4538 1740
f 4530 4541 1740
f 4537 4541 4530
f 1024 4537 4530
f 4536 4537 1024
f 1023 4536 1024
f 4535 4536 1023
f 1022 4535 1023
f 4534 4535 1022
f 1021 4534 1022
f 4532 4534 1021
f 1016 4532 1021
f 4533 4532 1016
f 4531 4533 1016
f 3027 4533 4531
f 1739 3027 4531
f 3026 3027 1739
f 3024 3026 1739
f 4530 1024 1740
f 4531 1739 1016
f 3024 1016 1739
f 1021 1016 3024
f 1022 1021 3024
f 1023 1022 3024
f 1024 1023 3024
f 1740 1024 3024
f 1743 1740 3024
f 1020 1743 3024
f 1731 1743 1020
f 4172 1731 1020
f 4544 4543 4542
f 4180 4542 4543
f 4545 4180 4543
f 4546 4180 4545
f 4547 4180 4546
f 4548 4180 4547
f 4549 4180 4548
f 4550 4180 4549
f 4179 4180 4550
f 4551 4179 4550
f 4181 4179 4551
f 4548 4552 4549
f 4179 3024 4180
f 1020 4179 3024
f 4181 4179 1020
f 4172 4181 1020
f 4551 4181 4172
f 1731 4551 4172
f 4550 4551 1731
f 1743 4550 1731
f 4549 4550 1743
f 1740 4549 1743
f 4552 4549 1740
f 4530 4552 1740
f 4548 4552 4530
f 1024 4548 4530
f 4547 4548 1024
f 1023 4547 1024
f 4546 4547 1023
f 1022 4546 1023
f 4545 4546 1022
f 1021 4545 1022
f 4543 4545 1021
f 1016 4543 1021
f 4544 4543 1016
f 4531 4544 1016
f 4542 4544 4531
f 1739 4542 4531
f 4180 4542 1739
f 3024 4180 1739
f 1017 1015 4531
f 1739 4531 1015
f 1018 1739 1015
f 1019 1739 1018
f 3025 1739 1019
f 994 4530 4440
f 1740 4440 4530
f 4554 4533 4553
f 3027 4553 4533
f 4555 4553 3027
f 4556 4555 3027
f 3028 4556 3027
f 4445 4446 4541
f 4538 4541 4446
f 3027 3025 3028
f 1739 3027 3025
f 4533 3027 1739
f 4531 4533 1739
f 4554 4533 4531
f 1017 4554 4531
f 4553 4554 1017
f 1015 4553 1017
f 4555 4553 1015
f 1018 4555 1015
f 4556 4555 1018
f 1019 4556 1018
f 3028 4556 1019
f 3025 3028 1019
f 4446 1740 4538
f 4440 4446 1740
f 4445 4446 4440
f 994 4445 4440
f 4541 4445 994
f 4530 4541 994
f 4538 4541 4530
f 1740 4538 4530
f 1017 1015 4531
f 1739 4531 1015
f 1018 1739 1015
f 1019 1739 1018
f 3025 1739 1019
f 994 4530 4440
f 1740 4440 4530
f 4559 4558 4557
f 4560 4557 4558
f 4561 4557 4560
f 4194 4561 4560
f 4193 4194 4560
f 4452 4453 4562
f 4563 4562 4453
f 4560 3025 4193
f 1739 4560 3025
f 4558 4560 1739
f 4531 4558 1739
f 4559 4558 4531
f 1017 4559 4531
f 4557 4559 1017
f 1015 4557 1017
f 4561 4557 1015
f 1018 4561 1015
f 4194 4561 1018
f 1019 4194 1018
f 4193 4194 1019
f 3025 4193 1019
f 4453 1740 4563
f 4440 4453 1740
f 4452 4453 4440
f 994 4452 4440
f 4562 4452 994
f 4530 4562 994
f 4563 4562 4530
f 1740 4563 4530
f 4440 1740 995
f 1743 995 1740
f 4433 995 1743
f 1731 4433 1743
f 4446 4454 4538
f 4539 4538 4454
f 4434 4539 4454
f 4526 4539 4434
f 4434 1731 4526
f 4433 4434 1731
f 4454 4434 4433
f 995 4454 4433
f 4446 4454 995
f 4440 4446 995
f 4538 4446 4440
f 1740 4538 4440
f 4539 4538 1740
f 1743 4539 1740
f 4526 4539 1743
f 1731 4526 1743
f 4440 1740 995
f 1743 995 1740
f 4433 995 1743
f 1731 4433 1743
f 4458 4459 4549
f 4550 4549 4459
f 4462 4550 4459
f 4551 4550 4462
f 4462 1731 4551
f 4433 4462 1731
f 4459 4462 4433
f 995 4459 4433
f 4458 4459 995
f 4440 4458 995
f 4549 4458 4440
f 1740 4549 4440
f 4550 4549 1740
f 1743 4550 1740
f 4551 4550 1743
f 1731 4551 1743
f 1027 1025 1026
f 1028 1026 1025
f 1029 1026 1028
f 4566 4565 4564
f 4567 4564 4565
f 4568 4567 4565
f 4568 1028 4567
f 1029 4568 1028
f 4565 4568 1029
f 1026 4565 1029
f 4566 4565 1026
f 1027 4566 1026
f 4564 4566 1027
f 1025 4564 1027
f 4567 4564 1025
f 1028 4567 1025
f 1027 1025 1026
f 1028 1026 1025
f 1029 1026 1028
f 4187 4569 4188
f 4570 4188 4569
f 4571 4570 4569
f 4571 1028 4570
f 1029 4571 1028
f 4569 4571 1029
f 1026 4569 1029
f 4187 4569 1026
f 1027 4187 1026
f 4188 4187 1027
f 1025 4188 1027
f 4570 4188 1025
f 1028 4570 1025
f 963 962 4331
f 965 4331 962
f 1722 4331 965
f 966 1722 965
f 964 1722 966
f 964 4332 1722
f 4361 4573 4572
f 4575 4362 4574
f 4576 4574 4362
f 4572 4576 4362
f 4577 4576 4572
f 4573 4577 4572
f 4575 4331 4362
f 963 4575 4331
f 4574 4575 963
f 962 4574 963
f 4576 4574 962
f 965 4576 962
f 4577 4576 965
f 966 4577 965
f 4573 4577 966
f 964 4573 966
f 4361 4573 964
f 4332 4361 964
f 4572 4361 4332
f 1722 4572 4332
f 4362 4572 1722
f 4331 4362 1722
f 963 962 4331
f 965 4331 962
f 1722 4331 965
f 966 1722 965
f 964 1722 966
f 964 4332 1722
f 4343 4349 4578
f 4344 4352 4346
f 4347 4346 4352
f 4578 4347 4352
f 4348 4347 4578
f 4349 4348 4578
f 4344 4331 4352
f 963 4344 4331
f 4346 4344 963
f 962 4346 963
f 4347 4346 962
f 965 4347 962
f 4348 4347 965
f 966 4348 965
f 4349 4348 966
f 964 4349 966
f 4343 4349 964
f 4332 4343 964
f 4578 4343 4332
f 1722 4578 4332
f 4352 4578 1722
f 4331 4352 1722
f 4369 1724 971
f 4370 971 1724
f 4383 4580 4579
f 4386 4579 4580
f 4580 4370 4386
f 971 4580 4370
f 4383 4580 971
f 4369 4383 971
f 4579 4383 4369
f 1724 4579 4369
f 4386 4579 1724
f 4370 4386 1724
f 4369 1724 971
f 4370 971 1724
f 4375 4376 4581
f 4378 4581 4376
f 4376 4370 4378
f 971 4376 4370
f 4375 4376 971
f 4369 4375 971
f 4581 4375 4369
f 1724 4581 4369
f 4378 4581 1724
f 4370 4378 1724
f 1741 4531 4530
f 1016 4530 4531
f 1021 4530 1016
f 1022 4530 1021
f 1023 4530 1022
f 1024 4530 1023
f 4582 4562 4558
f 4583 4558 4562
f 4584 4583 4562
f 4585 4584 4562
f 4586 4585 4562
f 4587 4586 4562
f 4582 4530 4562
f 1741 4582 4530
f 4558 4582 1741
f 4531 4558 1741
f 4583 4558 4531
f 1016 4583 4531
f 4584 4583 1016
f 1021 4584 1016
f 4585 4584 1021
f 1022 4585 1021
f 4586 4585 1022
f 1023 4586 1022
f 4587 4586 1023
f 1024 4587 1023
f 4562 4587 1024
f 4530 4562 1024
f 1741 4531 4530
f 1016 4530 4531
f 1021 4530 1016
f 1022 4530 1021
f 1023 4530 1022
f 1024 4530 1023
f 4588 4552 4544
f 4543 4544 4552
f 4545 4543 4552
f 4546 4545 4552
f 4547 4546 4552
f 4548 4547 4552
f 4588 4530 4552
f 1741 4588 4530
f 4544 4588 1741
f 4531 4544 1741
f 4543 4544 4531
f 1016 4543 4531
f 4545 4543 1016
f 1021 4545 1016
f 4546 4545 1021
f 1022 4546 1021
f 4547 4546 1022
f 1023 4547 1022
f 4548 4547 1023
f 1024 4548 1023
f 4552 4548 1024
f 4530 4552 1024
f 1031 1030 961
f 4332 961 1030
f 1027 4332 1030
f 1026 4332 1027
f 1722 4332 1026
f 1029 1722 1026
f 1028 1722 1029
f 1032 1722 1028
f 4331 1722 969
f 4369 969 1722
f 1724 4369 1722
f 1032 1724 1722
f 1017 1724 1032
f 1741 1724 1017
f 4530 1724 1741
f 4370 1724 4530
f 4379 4370 4530
f 974 4379 4530
f 990 974 4530
f 992 990 4530
f 994 992 4530
f 993 992 994
f 1741 1017 4531
f 1032 1033 1017
f 1015 1017 1033
f 1018 1015 1033
f 1019 1018 1033
f 1034 1019 1033
f 4184 4196 4186
f 4361 4186 4196
f 4187 4186 4361
f 4569 4187 4361
f 4572 4569 4361
f 4571 4569 4572
f 4570 4571 4572
f 4190 4570 4572
f 4190 4559 4191
f 4557 4191 4559
f 4561 4191 4557
f 4194 4191 4561
f 4192 4191 4194
f 4559 4582 4558
f 4362 4365 4572
f 4383 4572 4365
f 4579 4572 4383
f 4190 4572 4579
f 4559 4190 4579
f 4582 4559 4579
f 4562 4582 4579
f 4386 4562 4579
f 4384 4562 4386
f 4388 4562 4384
f 4447 4562 4388
f 4449 4562 4447
f 4452 4562 4449
f 4450 4452 4449
f 4561 1019 4194
f 1018 4561 1019
f 4557 4561 1018
f 1015 4557 1018
f 4559 4557 1015
f 1017 4559 1015
f 4558 4559 1017
f 4531 4558 1017
f 4582 4558 4531
f 1741 4582 4531
f 4562 4582 1741
f 4530 4562 1741
f 4452 4562 4530
f 994 4452 4530
f 4450 4452 994
f 993 4450 994
f 4449 4450 993
f 992 4449 993
f 4447 4449 992
f 990 4447 992
f 4388 4447 990
f 974 4388 990
f 4384 4388 974
f 4379 4384 974
f 4386 4384 4379
f 4370 4386 4379
f 4579 4386 4370
f 1724 4579 4370
f 4383 4579 1724
f 4369 4383 1724
f 4365 4383 4369
f 969 4365 4369
f 4362 4365 969
f 4331 4362 969
f 4572 4362 4331
f 1722 4572 4331
f 4361 4572 1722
f 4332 4361 1722
f 4196 4361 4332
f 961 4196 4332
f 4184 4196 961
f 1031 4184 961
f 4186 4184 1031
f 1030 4186 1031
f 4187 4186 1030
f 1027 4187 1030
f 4569 4187 1027
f 1026 4569 1027
f 4571 4569 1026
f 1029 4571 1026
f 4570 4571 1029
f 1028 4570 1029
f 4190 4570 1028
f 1032 4190 1028
f 4191 4190 1032
f 1033 4191 1032
f 4192 4191 1033
f 1034 4192 1033
f 4194 4192 1034
f 1019 4194 1034
f 1031 1030 961
f 4332 961 1030
f 1027 4332 1030
f 1026 4332 1027
f 1722 4332 1026
f 1029 1722 1026
f 1028 1722 1029
f 1032 1722 1028
f 4331 1722 969
f 4369 969 1722
f 1724 4369 1722
f 1032 1724 1722
f 1017 1724 1032
f 1741 1724 1017
f 4530 1724 1741
f 4370 1724 4530
f 4379 4370 4530
f 974 4379 4530
f 990 974 4530
f 992 990 4530
f 994 992 4530
f 993 992 994
f 1741 1017 4531
f 1032 1033 1017
f 1015 1017 1033
f 1018 1015 1033
f 1019 1018 1033
f 1034 1019 1033
f 4184 4196 4186
f 4361 4186 4196
f 4187 4186 4361
f 4569 4187 4361
f 4572 4569 4361
f 4571 4569 4572
f 4570 4571 4572
f 4190 4570 4572
f 4190 4559 4191
f 4557 4191 4559
f 4561 4191 4557
f 4194 4191 4561
f 4192 4191 4194
f 4559 4582 4558
f 4362 4365 4572
f 4383 4572 4365
f 4579 4572 4383
f 4190 4572 4579
f 4559 4190 4579
f 4582 4559 4579
f 4562 4582 4579
f 4386 4562 4579
f 4384 4562 4386
f 4388 4562 4384
f 4447 4562 4388
f 4449 4562 4447
f 4452 4562 4449
f 4450 4452 4449
f 4561 1019 4194
f 1018 4561 1019
f 4557 4561 1018
f 1015 4557 1018
f 4559 4557 1015
f 1017 4559 1015
f 4558 4559 1017
f 4531 4558 1017
f 4582 4558 4531
f 1741 4582 4531
f 4562 4582 1741
f 4530 4562 1741
f 4452 4562 4530
f 994 4452 4530
f 4450 4452 994
f 993 4450 994
f 4449 4450 993
f 992 4449 993
f 4447 4449 992
f 990 4447 992
f 4388 4447 990
f 974 4388 990
f 4384 4388 974
f 4379 4384 974
f 4386 4384 4379
f 4370 4386 4379
f 4579 4386 4370
f 1724 4579 4370
f 4383 4579 1724
f 4369 4383 1724
f 4365 4383 4369
f 969 4365 4369
f 4362 4365 969
f 4331 4362 969
f 4572 4362 4331
f 1722 4572 4331
f 4361 4572 1722
f 4332 4361 1722
f 4196 4361 4332
f 961 4196 4332
f 4184 4196 961
f 1031 4184 961
f 4186 4184 1031
f 1030 4186 1031
f 4187 4186 1030
f 1027 4187 1030
f 4569 4187 1027
f 1026 4569 1027
f 4571 4569 1026
f 1029 4571 1026
f 4570 4571 1029
f 1028 4570 1029
f 4190 4570 1028
f 1032 4190 1028
f 4191 4190 1032
f 1033 4191 1032
f 4192 4191 1033
f 1034 4192 1033
f 4194 4192 1034
f 1019 4194 1034
f 1028 1025 1032
f 4564 4567 4589
f 4567 1032 4589
f 1028 4567 1032
f 4564 4567 1028
f 1025 4564 1028
f 4589 4564 1025
f 1032 4589 1025
f 1028 1025 1032
f 4188 4570 4190
f 4570 1032 4190
f 1028 4570 1032
f 4188 4570 1028
f 1025 4188 1028
f 4190 4188 1025
f 1032 4190 1025
f 1006 3020 1007
f 4104 1007 3020
f 4522 4590 3022
f 4105 3022 4590
f 4590 4104 4105
f 1007 4590 4104
f 4522 4590 1007
f 1006 4522 1007
f 3022 4522 1006
f 3020 3022 1006
f 4105 3022 3020
f 4104 4105 3020
f 1006 3020 1007
f 4104 1007 3020
f 4486 4205 4525
f 4204 4525 4205
f 4205 4104 4204
f 1007 4205 4104
f 4486 4205 1007
f 1006 4486 1007
f 4525 4486 1006
f 3020 4525 1006
f 4204 4525 3020
f 4104 4204 3020
# </faces>
